Filename,Avg test R2,.py Filename 1,Leak,IssueCodes,Lines,Snippets,.py Filename 2,Leak,IssueCodes,Lines,Snippets
010_r2_uplift_alias_v1_S1_summary.txt,0.9522,010_003_r2_uplift_suite.py,Y,FIT_ON_FULL;KFOLD_TS;NEG_SHIFT,179;269;310;339;352;300;393;388,"merged_fm.groupby(PLATE_COL)[""warping_index""].shift(-1);GroupKFold(n_splits=CV_FOLDS);GroupKFold(n_splits=CV_FOLDS);GroupShuffleSplit(n_splits=1, test_size=TEST_SIZE, random_state=SEED);GroupShuffleSplit(n_splits=1, test_size=TEST_SIZE, random_state=seed);clf.fit(X.values, y);mdl.fit(Xtr, ytr);m.fit(Xtr, ytr)"
014_r2_leak_audit_PERMUTE(noLAG)_summary.txt,0.9216,014_003_r2_uplift_suite.py,Y,FIT_ON_FULL;KFOLD_TS;NEG_SHIFT,178;286;327;348;381;394;322;338;437;432,"merged_fm.groupby(PLATE_COL)[""warping_index""].shift(-1);GroupKFold(n_splits=CV_FOLDS);GroupKFold(n_splits=CV_FOLDS);GroupKFold(n_splits=CV_FOLDS);GroupShuffleSplit(n_splits=1, test_size=TEST_SIZE, random_state=SEED);GroupShuffleSplit(n_splits=1, test_size=TEST_SIZE, random_state=seed);clf.fit(X.values, y);clf.fit(Xcat.values, yclf);mdl.fit(Xtr, ytr, sample_weight=sample_weight);m.fit(Xtr, ytr, sample_weight=sample_weight)",014_experiment.py,Y,FIT_ON_FULL;KFOLD_TS;NEG_SHIFT,127;259;235;314;200;198;203,"merged_fm.groupby(PLATE_COL)[""warping_index""].shift(-1);GroupShuffleSplit(n_splits=1, test_size=0.2, random_state=seed);cross_val_score(model, X, y, cv=5, scoring=""r2"", n_jobs=-1);cross_val_score(build_model(t), X_tr, y_tr, cv=3, scoring=""r2"", n_jobs=1);StandardScaler().fit_transform(X);iso.fit_predict(X);nn.fit(Xs)"
010_r2_uplift_alias_v1_TE2_summary.txt,0.9194,010_003_r2_uplift_suite.py,Y,FIT_ON_FULL;KFOLD_TS;NEG_SHIFT,179;269;310;339;352;300;393;388,"merged_fm.groupby(PLATE_COL)[""warping_index""].shift(-1);GroupKFold(n_splits=CV_FOLDS);GroupKFold(n_splits=CV_FOLDS);GroupShuffleSplit(n_splits=1, test_size=TEST_SIZE, random_state=SEED);GroupShuffleSplit(n_splits=1, test_size=TEST_SIZE, random_state=seed);clf.fit(X.values, y);mdl.fit(Xtr, ytr);m.fit(Xtr, ytr)"
084_pass_t_plus_1_cross_summary.txt,0.9142,084_test.py,Y,FIT_ON_FULL;KFOLD_TS;NEG_SHIFT,106;108;172;202;258;426;375;378,"df.groupby(PLATE_COL)[""warping_index""].shift(-1);df.groupby(PLATE_COL)[PASS_COL].shift(-1);GroupKFold(n_splits=CV_FOLDS);GroupKFold(n_splits=CV_FOLDS);GroupShuffleSplit(n_splits=1, test_size=TEST_SIZE, random_state=SEED);m.fit(Xtr, ytr);model.fit(Xtr, ytr, sample_weight=sample_weight);model.fit(Xtr, ytr, sample_weight=sample_weight)"
010_r2_uplift_alias_v1_S0_summary.txt,0.9141,010_003_r2_uplift_suite.py,Y,FIT_ON_FULL;KFOLD_TS;NEG_SHIFT,179;269;310;339;352;300;393;388,"merged_fm.groupby(PLATE_COL)[""warping_index""].shift(-1);GroupKFold(n_splits=CV_FOLDS);GroupKFold(n_splits=CV_FOLDS);GroupShuffleSplit(n_splits=1, test_size=TEST_SIZE, random_state=SEED);GroupShuffleSplit(n_splits=1, test_size=TEST_SIZE, random_state=seed);clf.fit(X.values, y);mdl.fit(Xtr, ytr);m.fit(Xtr, ytr)"
011_r2_uplift_alias_v1_S0_summary.txt,0.9141,011_003_r2_uplift_suite_2.py,Y,FIT_ON_FULL;KFOLD_TS;NEG_SHIFT,179;269;310;339;352;300;393;388,"merged_fm.groupby(PLATE_COL)[""warping_index""].shift(-1);GroupKFold(n_splits=CV_FOLDS);GroupKFold(n_splits=CV_FOLDS);GroupShuffleSplit(n_splits=1, test_size=TEST_SIZE, random_state=SEED);GroupShuffleSplit(n_splits=1, test_size=TEST_SIZE, random_state=seed);clf.fit(X.values, y);mdl.fit(Xtr, ytr);m.fit(Xtr, ytr)"
017_r2_uplift_final_v2_S0+TE2_summary.txt,0.9099,017_test.py,Y,FIT_ON_FULL;KFOLD_TS;NEG_SHIFT,181;325;363;384;416;429;479;358;374;534;529,"merged_fm.groupby(PLATE_COL)[""warping_index""].shift(-1);GroupKFold(n_splits=CV_FOLDS);GroupKFold(n_splits=CV_FOLDS);GroupKFold(n_splits=CV_FOLDS);GroupShuffleSplit(n_splits=1, test_size=TEST_SIZE, random_state=SEED);GroupShuffleSplit(n_splits=1, test_size=TEST_SIZE, random_state=seed);GroupKFold(n_splits=CV_FOLDS);clf.fit(X.values, y);clf.fit(Xcat.values, yclf);mdl.fit(Xtr, ytr, sample_weight=sample_weight);m.fit(Xtr, ytr, sample_weight=sample_weight)",017_test_no_op.py,Y,FIT_ON_FULL;KFOLD_TS;NEG_SHIFT,178;286;314;335;364;377;325;434;429,"merged_fm.groupby(PLATE_COL)[""warping_index""].shift(-1);GroupKFold(n_splits=CV_FOLDS);GroupKFold(n_splits=CV_FOLDS);GroupKFold(n_splits=CV_FOLDS);GroupShuffleSplit(n_splits=1, test_size=TEST_SIZE, random_state=SEED);GroupShuffleSplit(n_splits=1, test_size=TEST_SIZE, random_state=seed);clf.fit(Xcat.values, yclf);mdl.fit(Xtr, ytr, sample_weight=sample_weight);m.fit(Xtr, ytr, sample_weight=sample_weight)"
017_r2_uplift_final_v2_S0+W2_summary.txt,0.9069,017_test.py,Y,FIT_ON_FULL;KFOLD_TS;NEG_SHIFT,181;325;363;384;416;429;479;358;374;534;529,"merged_fm.groupby(PLATE_COL)[""warping_index""].shift(-1);GroupKFold(n_splits=CV_FOLDS);GroupKFold(n_splits=CV_FOLDS);GroupKFold(n_splits=CV_FOLDS);GroupShuffleSplit(n_splits=1, test_size=TEST_SIZE, random_state=SEED);GroupShuffleSplit(n_splits=1, test_size=TEST_SIZE, random_state=seed);GroupKFold(n_splits=CV_FOLDS);clf.fit(X.values, y);clf.fit(Xcat.values, yclf);mdl.fit(Xtr, ytr, sample_weight=sample_weight);m.fit(Xtr, ytr, sample_weight=sample_weight)",017_test_no_op.py,Y,FIT_ON_FULL;KFOLD_TS;NEG_SHIFT,178;286;314;335;364;377;325;434;429,"merged_fm.groupby(PLATE_COL)[""warping_index""].shift(-1);GroupKFold(n_splits=CV_FOLDS);GroupKFold(n_splits=CV_FOLDS);GroupKFold(n_splits=CV_FOLDS);GroupShuffleSplit(n_splits=1, test_size=TEST_SIZE, random_state=SEED);GroupShuffleSplit(n_splits=1, test_size=TEST_SIZE, random_state=seed);clf.fit(Xcat.values, yclf);mdl.fit(Xtr, ytr, sample_weight=sample_weight);m.fit(Xtr, ytr, sample_weight=sample_weight)"
022_r2_grid_11_off_S0+M2_summary.txt,0.9062,022_test_no_op.py,Y,FIT_ON_FULL;KFOLD_TS;NEG_SHIFT,213;215;353;378;398;596;439;453;543;546;389;578;606;825;830;572;601;607;661;565;576;602;662;559;563,"merged.groupby(PLATE_COL)[""warping_index""].shift(-1);merged.groupby(PLATE_COL)[PASS_COL].shift(-1);GroupKFold(n_splits=CV_FOLDS);GroupKFold(n_splits=CV_FOLDS);GroupKFold(n_splits=CV_FOLDS);GroupKFold(n_splits=CV_FOLDS);GroupShuffleSplit(n_splits=1, test_size=TEST_SIZE, random_state=SEED);GroupShuffleSplit(n_splits=1, test_size=TEST_SIZE, random_state=seed);GroupShuffleSplit(n_splits=1, test_size=0.2, random_state=SEED);GroupShuffleSplit(n_splits=1, test_size=0.2, random_state=SEED);clf.fit(Xcat.values, yclf);m.fit(Xfit, yfit, sample_weight=sw_fit);mf.fit(X, y, eval_set=[(X, y)], early_stopping_rounds=10, verbose=False);m.fit(Xtr, ytr);m.fit(Xtr, ytr);m.fit(Xfit, yfit, sample_weight=sw_fit,                   eval_set=[(Xval, yval)],                   early_stopping_roun;m.fit(X[tr_i], y[tr_i], eval_set=[(X[va_i], y[va_i])], early_stopping_rounds=50, verbose=False);mf.fit(X, y);mf_rep.fit(Xtr, y_tr, eval_set=[(Xtr, y_tr)], early_stopping_rounds=10, verbose=False);m.fit(Xfit, yfit, sample_weight=sw_fit);m.fit(Xfit, yfit, sample_weight=sw_fit);m.fit(X[tr_i], y[tr_i]);mf_rep.fit(Xtr, y_tr);m.fit(Xfit, yfit, sample_weight=sw_fit,                           eval_set=[(Xval, yval)],                           ear;m.fit(Xfit, yfit, sample_weight=sw_fit)"
024_r2_grid_ABC_off_S0+M2_summary.txt,0.9062,024_test_no_op.py,Y,FIT_ON_FULL;KFOLD_TS;NEG_SHIFT,213;215;353;378;398;596;439;453;543;546;389;578;606;825;830;572;601;607;661;565;576;602;662;559;563,"merged.groupby(PLATE_COL)[""warping_index""].shift(-1);merged.groupby(PLATE_COL)[PASS_COL].shift(-1);GroupKFold(n_splits=CV_FOLDS);GroupKFold(n_splits=CV_FOLDS);GroupKFold(n_splits=CV_FOLDS);GroupKFold(n_splits=CV_FOLDS);GroupShuffleSplit(n_splits=1, test_size=TEST_SIZE, random_state=SEED);GroupShuffleSplit(n_splits=1, test_size=TEST_SIZE, random_state=seed);GroupShuffleSplit(n_splits=1, test_size=0.2, random_state=SEED);GroupShuffleSplit(n_splits=1, test_size=0.2, random_state=SEED);clf.fit(Xcat.values, yclf);m.fit(Xfit, yfit, sample_weight=sw_fit);mf.fit(X, y, eval_set=[(X, y)], early_stopping_rounds=10, verbose=False);m.fit(Xtr, ytr);m.fit(Xtr, ytr);m.fit(Xfit, yfit, sample_weight=sw_fit,                   eval_set=[(Xval, yval)],                   early_stopping_roun;m.fit(X[tr_i], y[tr_i], eval_set=[(X[va_i], y[va_i])], early_stopping_rounds=50, verbose=False);mf.fit(X, y);mf_rep.fit(Xtr, y_tr, eval_set=[(Xtr, y_tr)], early_stopping_rounds=10, verbose=False);m.fit(Xfit, yfit, sample_weight=sw_fit);m.fit(Xfit, yfit, sample_weight=sw_fit);m.fit(X[tr_i], y[tr_i]);mf_rep.fit(Xtr, y_tr);m.fit(Xfit, yfit, sample_weight=sw_fit,                           eval_set=[(Xval, yval)],                           ear;m.fit(Xfit, yfit, sample_weight=sw_fit)"
014_r2_leak_audit_S0-noLAG_summary.txt,0.906,014_003_r2_uplift_suite.py,Y,FIT_ON_FULL;KFOLD_TS;NEG_SHIFT,178;286;327;348;381;394;322;338;437;432,"merged_fm.groupby(PLATE_COL)[""warping_index""].shift(-1);GroupKFold(n_splits=CV_FOLDS);GroupKFold(n_splits=CV_FOLDS);GroupKFold(n_splits=CV_FOLDS);GroupShuffleSplit(n_splits=1, test_size=TEST_SIZE, random_state=SEED);GroupShuffleSplit(n_splits=1, test_size=TEST_SIZE, random_state=seed);clf.fit(X.values, y);clf.fit(Xcat.values, yclf);mdl.fit(Xtr, ytr, sample_weight=sample_weight);m.fit(Xtr, ytr, sample_weight=sample_weight)",014_experiment.py,Y,FIT_ON_FULL;KFOLD_TS;NEG_SHIFT,127;259;235;314;200;198;203,"merged_fm.groupby(PLATE_COL)[""warping_index""].shift(-1);GroupShuffleSplit(n_splits=1, test_size=0.2, random_state=seed);cross_val_score(model, X, y, cv=5, scoring=""r2"", n_jobs=-1);cross_val_score(build_model(t), X_tr, y_tr, cv=3, scoring=""r2"", n_jobs=1);StandardScaler().fit_transform(X);iso.fit_predict(X);nn.fit(Xs)"
014_r2_uplift_alias_v3_S0_summary.txt,0.906,014_003_r2_uplift_suite.py,Y,FIT_ON_FULL;KFOLD_TS;NEG_SHIFT,178;286;327;348;381;394;322;338;437;432,"merged_fm.groupby(PLATE_COL)[""warping_index""].shift(-1);GroupKFold(n_splits=CV_FOLDS);GroupKFold(n_splits=CV_FOLDS);GroupKFold(n_splits=CV_FOLDS);GroupShuffleSplit(n_splits=1, test_size=TEST_SIZE, random_state=SEED);GroupShuffleSplit(n_splits=1, test_size=TEST_SIZE, random_state=seed);clf.fit(X.values, y);clf.fit(Xcat.values, yclf);mdl.fit(Xtr, ytr, sample_weight=sample_weight);m.fit(Xtr, ytr, sample_weight=sample_weight)",014_experiment.py,Y,FIT_ON_FULL;KFOLD_TS;NEG_SHIFT,127;259;235;314;200;198;203,"merged_fm.groupby(PLATE_COL)[""warping_index""].shift(-1);GroupShuffleSplit(n_splits=1, test_size=0.2, random_state=seed);cross_val_score(model, X, y, cv=5, scoring=""r2"", n_jobs=-1);cross_val_score(build_model(t), X_tr, y_tr, cv=3, scoring=""r2"", n_jobs=1);StandardScaler().fit_transform(X);iso.fit_predict(X);nn.fit(Xs)"
015_r2_uplift_alias_v3_S0_summary.txt,0.906,015_003_r2_uplift_suite.py,Y,FIT_ON_FULL;GLOBAL_SHUFFLE;KFOLD_TS;NEG_SHIFT,178;286;327;348;381;394;521;684;322;338;437;432,"merged_fm.groupby(PLATE_COL)[""warping_index""].shift(-1);GroupKFold(n_splits=CV_FOLDS);GroupKFold(n_splits=CV_FOLDS);GroupKFold(n_splits=CV_FOLDS);GroupShuffleSplit(n_splits=1, test_size=TEST_SIZE, random_state=SEED);GroupShuffleSplit(n_splits=1, test_size=TEST_SIZE, random_state=seed);tr[""_target""].sample(frac=1.0, random_state=SEED);s.sample(frac=1.0, random_state=rng.randint(1, 10**9));clf.fit(X.values, y);clf.fit(Xcat.values, yclf);mdl.fit(Xtr, ytr, sample_weight=sample_weight);m.fit(Xtr, ytr, sample_weight=sample_weight)"
017_r2_uplift_final_v2_S0_summary.txt,0.906,017_test.py,Y,FIT_ON_FULL;KFOLD_TS;NEG_SHIFT,181;325;363;384;416;429;479;358;374;534;529,"merged_fm.groupby(PLATE_COL)[""warping_index""].shift(-1);GroupKFold(n_splits=CV_FOLDS);GroupKFold(n_splits=CV_FOLDS);GroupKFold(n_splits=CV_FOLDS);GroupShuffleSplit(n_splits=1, test_size=TEST_SIZE, random_state=SEED);GroupShuffleSplit(n_splits=1, test_size=TEST_SIZE, random_state=seed);GroupKFold(n_splits=CV_FOLDS);clf.fit(X.values, y);clf.fit(Xcat.values, yclf);mdl.fit(Xtr, ytr, sample_weight=sample_weight);m.fit(Xtr, ytr, sample_weight=sample_weight)",017_test_no_op.py,Y,FIT_ON_FULL;KFOLD_TS;NEG_SHIFT,178;286;314;335;364;377;325;434;429,"merged_fm.groupby(PLATE_COL)[""warping_index""].shift(-1);GroupKFold(n_splits=CV_FOLDS);GroupKFold(n_splits=CV_FOLDS);GroupKFold(n_splits=CV_FOLDS);GroupShuffleSplit(n_splits=1, test_size=TEST_SIZE, random_state=SEED);GroupShuffleSplit(n_splits=1, test_size=TEST_SIZE, random_state=seed);clf.fit(Xcat.values, yclf);mdl.fit(Xtr, ytr, sample_weight=sample_weight);m.fit(Xtr, ytr, sample_weight=sample_weight)"
022_r2_grid_11_off_S0+W2_summary.txt,0.9057,022_test_no_op.py,Y,FIT_ON_FULL;KFOLD_TS;NEG_SHIFT,213;215;353;378;398;596;439;453;543;546;389;578;606;825;830;572;601;607;661;565;576;602;662;559;563,"merged.groupby(PLATE_COL)[""warping_index""].shift(-1);merged.groupby(PLATE_COL)[PASS_COL].shift(-1);GroupKFold(n_splits=CV_FOLDS);GroupKFold(n_splits=CV_FOLDS);GroupKFold(n_splits=CV_FOLDS);GroupKFold(n_splits=CV_FOLDS);GroupShuffleSplit(n_splits=1, test_size=TEST_SIZE, random_state=SEED);GroupShuffleSplit(n_splits=1, test_size=TEST_SIZE, random_state=seed);GroupShuffleSplit(n_splits=1, test_size=0.2, random_state=SEED);GroupShuffleSplit(n_splits=1, test_size=0.2, random_state=SEED);clf.fit(Xcat.values, yclf);m.fit(Xfit, yfit, sample_weight=sw_fit);mf.fit(X, y, eval_set=[(X, y)], early_stopping_rounds=10, verbose=False);m.fit(Xtr, ytr);m.fit(Xtr, ytr);m.fit(Xfit, yfit, sample_weight=sw_fit,                   eval_set=[(Xval, yval)],                   early_stopping_roun;m.fit(X[tr_i], y[tr_i], eval_set=[(X[va_i], y[va_i])], early_stopping_rounds=50, verbose=False);mf.fit(X, y);mf_rep.fit(Xtr, y_tr, eval_set=[(Xtr, y_tr)], early_stopping_rounds=10, verbose=False);m.fit(Xfit, yfit, sample_weight=sw_fit);m.fit(Xfit, yfit, sample_weight=sw_fit);m.fit(X[tr_i], y[tr_i]);mf_rep.fit(Xtr, y_tr);m.fit(Xfit, yfit, sample_weight=sw_fit,                           eval_set=[(Xval, yval)],                           ear;m.fit(Xfit, yfit, sample_weight=sw_fit)"
024_r2_grid_ABC_off_S0+W2_summary.txt,0.9057,024_test_no_op.py,Y,FIT_ON_FULL;KFOLD_TS;NEG_SHIFT,213;215;353;378;398;596;439;453;543;546;389;578;606;825;830;572;601;607;661;565;576;602;662;559;563,"merged.groupby(PLATE_COL)[""warping_index""].shift(-1);merged.groupby(PLATE_COL)[PASS_COL].shift(-1);GroupKFold(n_splits=CV_FOLDS);GroupKFold(n_splits=CV_FOLDS);GroupKFold(n_splits=CV_FOLDS);GroupKFold(n_splits=CV_FOLDS);GroupShuffleSplit(n_splits=1, test_size=TEST_SIZE, random_state=SEED);GroupShuffleSplit(n_splits=1, test_size=TEST_SIZE, random_state=seed);GroupShuffleSplit(n_splits=1, test_size=0.2, random_state=SEED);GroupShuffleSplit(n_splits=1, test_size=0.2, random_state=SEED);clf.fit(Xcat.values, yclf);m.fit(Xfit, yfit, sample_weight=sw_fit);mf.fit(X, y, eval_set=[(X, y)], early_stopping_rounds=10, verbose=False);m.fit(Xtr, ytr);m.fit(Xtr, ytr);m.fit(Xfit, yfit, sample_weight=sw_fit,                   eval_set=[(Xval, yval)],                   early_stopping_roun;m.fit(X[tr_i], y[tr_i], eval_set=[(X[va_i], y[va_i])], early_stopping_rounds=50, verbose=False);mf.fit(X, y);mf_rep.fit(Xtr, y_tr, eval_set=[(Xtr, y_tr)], early_stopping_rounds=10, verbose=False);m.fit(Xfit, yfit, sample_weight=sw_fit);m.fit(Xfit, yfit, sample_weight=sw_fit);m.fit(X[tr_i], y[tr_i]);mf_rep.fit(Xtr, y_tr);m.fit(Xfit, yfit, sample_weight=sw_fit,                           eval_set=[(Xval, yval)],                           ear;m.fit(Xfit, yfit, sample_weight=sw_fit)"
020_r2_uplift_final_v2_S0_summary.txt,0.9054,020_test_no_op.py,Y,FIT_ON_FULL;KFOLD_TS;NEG_SHIFT,168;170;308;333;353;394;408;498;501;344;533;616;621;527;520;531;514;518,"merged.groupby(PLATE_COL)[""warping_index""].shift(-1);merged.groupby(PLATE_COL)[PASS_COL].shift(-1);GroupKFold(n_splits=CV_FOLDS);GroupKFold(n_splits=CV_FOLDS);GroupKFold(n_splits=CV_FOLDS);GroupShuffleSplit(n_splits=1, test_size=TEST_SIZE, random_state=SEED);GroupShuffleSplit(n_splits=1, test_size=TEST_SIZE, random_state=seed);GroupShuffleSplit(n_splits=1, test_size=0.2, random_state=SEED);GroupShuffleSplit(n_splits=1, test_size=0.2, random_state=SEED);clf.fit(Xcat.values, yclf);m.fit(Xfit, yfit, sample_weight=sw_fit);m.fit(Xtr, ytr);m.fit(Xtr, ytr);m.fit(Xfit, yfit, sample_weight=sw_fit,                   eval_set=[(Xval, yval)],                   early_stopping_roun;m.fit(Xfit, yfit, sample_weight=sw_fit);m.fit(Xfit, yfit, sample_weight=sw_fit);m.fit(Xfit, yfit, sample_weight=sw_fit,                           eval_set=[(Xval, yval)],                           ear;m.fit(Xfit, yfit, sample_weight=sw_fit)"
022_r2_grid_11_off_S0+S1_summary.txt,0.905,022_test_no_op.py,Y,FIT_ON_FULL;KFOLD_TS;NEG_SHIFT,213;215;353;378;398;596;439;453;543;546;389;578;606;825;830;572;601;607;661;565;576;602;662;559;563,"merged.groupby(PLATE_COL)[""warping_index""].shift(-1);merged.groupby(PLATE_COL)[PASS_COL].shift(-1);GroupKFold(n_splits=CV_FOLDS);GroupKFold(n_splits=CV_FOLDS);GroupKFold(n_splits=CV_FOLDS);GroupKFold(n_splits=CV_FOLDS);GroupShuffleSplit(n_splits=1, test_size=TEST_SIZE, random_state=SEED);GroupShuffleSplit(n_splits=1, test_size=TEST_SIZE, random_state=seed);GroupShuffleSplit(n_splits=1, test_size=0.2, random_state=SEED);GroupShuffleSplit(n_splits=1, test_size=0.2, random_state=SEED);clf.fit(Xcat.values, yclf);m.fit(Xfit, yfit, sample_weight=sw_fit);mf.fit(X, y, eval_set=[(X, y)], early_stopping_rounds=10, verbose=False);m.fit(Xtr, ytr);m.fit(Xtr, ytr);m.fit(Xfit, yfit, sample_weight=sw_fit,                   eval_set=[(Xval, yval)],                   early_stopping_roun;m.fit(X[tr_i], y[tr_i], eval_set=[(X[va_i], y[va_i])], early_stopping_rounds=50, verbose=False);mf.fit(X, y);mf_rep.fit(Xtr, y_tr, eval_set=[(Xtr, y_tr)], early_stopping_rounds=10, verbose=False);m.fit(Xfit, yfit, sample_weight=sw_fit);m.fit(Xfit, yfit, sample_weight=sw_fit);m.fit(X[tr_i], y[tr_i]);mf_rep.fit(Xtr, y_tr);m.fit(Xfit, yfit, sample_weight=sw_fit,                           eval_set=[(Xval, yval)],                           ear;m.fit(Xfit, yfit, sample_weight=sw_fit)"
022_r2_grid_11_off_S0+SEG_summary.txt,0.905,022_test_no_op.py,Y,FIT_ON_FULL;KFOLD_TS;NEG_SHIFT,213;215;353;378;398;596;439;453;543;546;389;578;606;825;830;572;601;607;661;565;576;602;662;559;563,"merged.groupby(PLATE_COL)[""warping_index""].shift(-1);merged.groupby(PLATE_COL)[PASS_COL].shift(-1);GroupKFold(n_splits=CV_FOLDS);GroupKFold(n_splits=CV_FOLDS);GroupKFold(n_splits=CV_FOLDS);GroupKFold(n_splits=CV_FOLDS);GroupShuffleSplit(n_splits=1, test_size=TEST_SIZE, random_state=SEED);GroupShuffleSplit(n_splits=1, test_size=TEST_SIZE, random_state=seed);GroupShuffleSplit(n_splits=1, test_size=0.2, random_state=SEED);GroupShuffleSplit(n_splits=1, test_size=0.2, random_state=SEED);clf.fit(Xcat.values, yclf);m.fit(Xfit, yfit, sample_weight=sw_fit);mf.fit(X, y, eval_set=[(X, y)], early_stopping_rounds=10, verbose=False);m.fit(Xtr, ytr);m.fit(Xtr, ytr);m.fit(Xfit, yfit, sample_weight=sw_fit,                   eval_set=[(Xval, yval)],                   early_stopping_roun;m.fit(X[tr_i], y[tr_i], eval_set=[(X[va_i], y[va_i])], early_stopping_rounds=50, verbose=False);mf.fit(X, y);mf_rep.fit(Xtr, y_tr, eval_set=[(Xtr, y_tr)], early_stopping_rounds=10, verbose=False);m.fit(Xfit, yfit, sample_weight=sw_fit);m.fit(Xfit, yfit, sample_weight=sw_fit);m.fit(X[tr_i], y[tr_i]);mf_rep.fit(Xtr, y_tr);m.fit(Xfit, yfit, sample_weight=sw_fit,                           eval_set=[(Xval, yval)],                           ear;m.fit(Xfit, yfit, sample_weight=sw_fit)"
022_r2_grid_11_off_S0_summary.txt,0.905,022_test_no_op.py,Y,FIT_ON_FULL;KFOLD_TS;NEG_SHIFT,213;215;353;378;398;596;439;453;543;546;389;578;606;825;830;572;601;607;661;565;576;602;662;559;563,"merged.groupby(PLATE_COL)[""warping_index""].shift(-1);merged.groupby(PLATE_COL)[PASS_COL].shift(-1);GroupKFold(n_splits=CV_FOLDS);GroupKFold(n_splits=CV_FOLDS);GroupKFold(n_splits=CV_FOLDS);GroupKFold(n_splits=CV_FOLDS);GroupShuffleSplit(n_splits=1, test_size=TEST_SIZE, random_state=SEED);GroupShuffleSplit(n_splits=1, test_size=TEST_SIZE, random_state=seed);GroupShuffleSplit(n_splits=1, test_size=0.2, random_state=SEED);GroupShuffleSplit(n_splits=1, test_size=0.2, random_state=SEED);clf.fit(Xcat.values, yclf);m.fit(Xfit, yfit, sample_weight=sw_fit);mf.fit(X, y, eval_set=[(X, y)], early_stopping_rounds=10, verbose=False);m.fit(Xtr, ytr);m.fit(Xtr, ytr);m.fit(Xfit, yfit, sample_weight=sw_fit,                   eval_set=[(Xval, yval)],                   early_stopping_roun;m.fit(X[tr_i], y[tr_i], eval_set=[(X[va_i], y[va_i])], early_stopping_rounds=50, verbose=False);mf.fit(X, y);mf_rep.fit(Xtr, y_tr, eval_set=[(Xtr, y_tr)], early_stopping_rounds=10, verbose=False);m.fit(Xfit, yfit, sample_weight=sw_fit);m.fit(Xfit, yfit, sample_weight=sw_fit);m.fit(X[tr_i], y[tr_i]);mf_rep.fit(Xtr, y_tr);m.fit(Xfit, yfit, sample_weight=sw_fit,                           eval_set=[(Xval, yval)],                           ear;m.fit(Xfit, yfit, sample_weight=sw_fit)"
024_r2_grid_ABC_off_S0+S1_summary.txt,0.905,024_test_no_op.py,Y,FIT_ON_FULL;KFOLD_TS;NEG_SHIFT,213;215;353;378;398;596;439;453;543;546;389;578;606;825;830;572;601;607;661;565;576;602;662;559;563,"merged.groupby(PLATE_COL)[""warping_index""].shift(-1);merged.groupby(PLATE_COL)[PASS_COL].shift(-1);GroupKFold(n_splits=CV_FOLDS);GroupKFold(n_splits=CV_FOLDS);GroupKFold(n_splits=CV_FOLDS);GroupKFold(n_splits=CV_FOLDS);GroupShuffleSplit(n_splits=1, test_size=TEST_SIZE, random_state=SEED);GroupShuffleSplit(n_splits=1, test_size=TEST_SIZE, random_state=seed);GroupShuffleSplit(n_splits=1, test_size=0.2, random_state=SEED);GroupShuffleSplit(n_splits=1, test_size=0.2, random_state=SEED);clf.fit(Xcat.values, yclf);m.fit(Xfit, yfit, sample_weight=sw_fit);mf.fit(X, y, eval_set=[(X, y)], early_stopping_rounds=10, verbose=False);m.fit(Xtr, ytr);m.fit(Xtr, ytr);m.fit(Xfit, yfit, sample_weight=sw_fit,                   eval_set=[(Xval, yval)],                   early_stopping_roun;m.fit(X[tr_i], y[tr_i], eval_set=[(X[va_i], y[va_i])], early_stopping_rounds=50, verbose=False);mf.fit(X, y);mf_rep.fit(Xtr, y_tr, eval_set=[(Xtr, y_tr)], early_stopping_rounds=10, verbose=False);m.fit(Xfit, yfit, sample_weight=sw_fit);m.fit(Xfit, yfit, sample_weight=sw_fit);m.fit(X[tr_i], y[tr_i]);mf_rep.fit(Xtr, y_tr);m.fit(Xfit, yfit, sample_weight=sw_fit,                           eval_set=[(Xval, yval)],                           ear;m.fit(Xfit, yfit, sample_weight=sw_fit)"
024_r2_grid_ABC_off_S0+SEG_summary.txt,0.905,024_test_no_op.py,Y,FIT_ON_FULL;KFOLD_TS;NEG_SHIFT,213;215;353;378;398;596;439;453;543;546;389;578;606;825;830;572;601;607;661;565;576;602;662;559;563,"merged.groupby(PLATE_COL)[""warping_index""].shift(-1);merged.groupby(PLATE_COL)[PASS_COL].shift(-1);GroupKFold(n_splits=CV_FOLDS);GroupKFold(n_splits=CV_FOLDS);GroupKFold(n_splits=CV_FOLDS);GroupKFold(n_splits=CV_FOLDS);GroupShuffleSplit(n_splits=1, test_size=TEST_SIZE, random_state=SEED);GroupShuffleSplit(n_splits=1, test_size=TEST_SIZE, random_state=seed);GroupShuffleSplit(n_splits=1, test_size=0.2, random_state=SEED);GroupShuffleSplit(n_splits=1, test_size=0.2, random_state=SEED);clf.fit(Xcat.values, yclf);m.fit(Xfit, yfit, sample_weight=sw_fit);mf.fit(X, y, eval_set=[(X, y)], early_stopping_rounds=10, verbose=False);m.fit(Xtr, ytr);m.fit(Xtr, ytr);m.fit(Xfit, yfit, sample_weight=sw_fit,                   eval_set=[(Xval, yval)],                   early_stopping_roun;m.fit(X[tr_i], y[tr_i], eval_set=[(X[va_i], y[va_i])], early_stopping_rounds=50, verbose=False);mf.fit(X, y);mf_rep.fit(Xtr, y_tr, eval_set=[(Xtr, y_tr)], early_stopping_rounds=10, verbose=False);m.fit(Xfit, yfit, sample_weight=sw_fit);m.fit(Xfit, yfit, sample_weight=sw_fit);m.fit(X[tr_i], y[tr_i]);mf_rep.fit(Xtr, y_tr);m.fit(Xfit, yfit, sample_weight=sw_fit,                           eval_set=[(Xval, yval)],                           ear;m.fit(Xfit, yfit, sample_weight=sw_fit)"
024_r2_grid_ABC_off_S0_summary.txt,0.905,024_test_no_op.py,Y,FIT_ON_FULL;KFOLD_TS;NEG_SHIFT,213;215;353;378;398;596;439;453;543;546;389;578;606;825;830;572;601;607;661;565;576;602;662;559;563,"merged.groupby(PLATE_COL)[""warping_index""].shift(-1);merged.groupby(PLATE_COL)[PASS_COL].shift(-1);GroupKFold(n_splits=CV_FOLDS);GroupKFold(n_splits=CV_FOLDS);GroupKFold(n_splits=CV_FOLDS);GroupKFold(n_splits=CV_FOLDS);GroupShuffleSplit(n_splits=1, test_size=TEST_SIZE, random_state=SEED);GroupShuffleSplit(n_splits=1, test_size=TEST_SIZE, random_state=seed);GroupShuffleSplit(n_splits=1, test_size=0.2, random_state=SEED);GroupShuffleSplit(n_splits=1, test_size=0.2, random_state=SEED);clf.fit(Xcat.values, yclf);m.fit(Xfit, yfit, sample_weight=sw_fit);mf.fit(X, y, eval_set=[(X, y)], early_stopping_rounds=10, verbose=False);m.fit(Xtr, ytr);m.fit(Xtr, ytr);m.fit(Xfit, yfit, sample_weight=sw_fit,                   eval_set=[(Xval, yval)],                   early_stopping_roun;m.fit(X[tr_i], y[tr_i], eval_set=[(X[va_i], y[va_i])], early_stopping_rounds=50, verbose=False);mf.fit(X, y);mf_rep.fit(Xtr, y_tr, eval_set=[(Xtr, y_tr)], early_stopping_rounds=10, verbose=False);m.fit(Xfit, yfit, sample_weight=sw_fit);m.fit(Xfit, yfit, sample_weight=sw_fit);m.fit(X[tr_i], y[tr_i]);mf_rep.fit(Xtr, y_tr);m.fit(Xfit, yfit, sample_weight=sw_fit,                           eval_set=[(Xval, yval)],                           ear;m.fit(Xfit, yfit, sample_weight=sw_fit)"
022_r2_grid_11_off_S0+IW_summary.txt,0.9037,022_test_no_op.py,Y,FIT_ON_FULL;KFOLD_TS;NEG_SHIFT,213;215;353;378;398;596;439;453;543;546;389;578;606;825;830;572;601;607;661;565;576;602;662;559;563,"merged.groupby(PLATE_COL)[""warping_index""].shift(-1);merged.groupby(PLATE_COL)[PASS_COL].shift(-1);GroupKFold(n_splits=CV_FOLDS);GroupKFold(n_splits=CV_FOLDS);GroupKFold(n_splits=CV_FOLDS);GroupKFold(n_splits=CV_FOLDS);GroupShuffleSplit(n_splits=1, test_size=TEST_SIZE, random_state=SEED);GroupShuffleSplit(n_splits=1, test_size=TEST_SIZE, random_state=seed);GroupShuffleSplit(n_splits=1, test_size=0.2, random_state=SEED);GroupShuffleSplit(n_splits=1, test_size=0.2, random_state=SEED);clf.fit(Xcat.values, yclf);m.fit(Xfit, yfit, sample_weight=sw_fit);mf.fit(X, y, eval_set=[(X, y)], early_stopping_rounds=10, verbose=False);m.fit(Xtr, ytr);m.fit(Xtr, ytr);m.fit(Xfit, yfit, sample_weight=sw_fit,                   eval_set=[(Xval, yval)],                   early_stopping_roun;m.fit(X[tr_i], y[tr_i], eval_set=[(X[va_i], y[va_i])], early_stopping_rounds=50, verbose=False);mf.fit(X, y);mf_rep.fit(Xtr, y_tr, eval_set=[(Xtr, y_tr)], early_stopping_rounds=10, verbose=False);m.fit(Xfit, yfit, sample_weight=sw_fit);m.fit(Xfit, yfit, sample_weight=sw_fit);m.fit(X[tr_i], y[tr_i]);mf_rep.fit(Xtr, y_tr);m.fit(Xfit, yfit, sample_weight=sw_fit,                           eval_set=[(Xval, yval)],                           ear;m.fit(Xfit, yfit, sample_weight=sw_fit)"
024_r2_grid_ABC_off_S0+IW_summary.txt,0.9037,024_test_no_op.py,Y,FIT_ON_FULL;KFOLD_TS;NEG_SHIFT,213;215;353;378;398;596;439;453;543;546;389;578;606;825;830;572;601;607;661;565;576;602;662;559;563,"merged.groupby(PLATE_COL)[""warping_index""].shift(-1);merged.groupby(PLATE_COL)[PASS_COL].shift(-1);GroupKFold(n_splits=CV_FOLDS);GroupKFold(n_splits=CV_FOLDS);GroupKFold(n_splits=CV_FOLDS);GroupKFold(n_splits=CV_FOLDS);GroupShuffleSplit(n_splits=1, test_size=TEST_SIZE, random_state=SEED);GroupShuffleSplit(n_splits=1, test_size=TEST_SIZE, random_state=seed);GroupShuffleSplit(n_splits=1, test_size=0.2, random_state=SEED);GroupShuffleSplit(n_splits=1, test_size=0.2, random_state=SEED);clf.fit(Xcat.values, yclf);m.fit(Xfit, yfit, sample_weight=sw_fit);mf.fit(X, y, eval_set=[(X, y)], early_stopping_rounds=10, verbose=False);m.fit(Xtr, ytr);m.fit(Xtr, ytr);m.fit(Xfit, yfit, sample_weight=sw_fit,                   eval_set=[(Xval, yval)],                   early_stopping_roun;m.fit(X[tr_i], y[tr_i], eval_set=[(X[va_i], y[va_i])], early_stopping_rounds=50, verbose=False);mf.fit(X, y);mf_rep.fit(Xtr, y_tr, eval_set=[(Xtr, y_tr)], early_stopping_rounds=10, verbose=False);m.fit(Xfit, yfit, sample_weight=sw_fit);m.fit(Xfit, yfit, sample_weight=sw_fit);m.fit(X[tr_i], y[tr_i]);mf_rep.fit(Xtr, y_tr);m.fit(Xfit, yfit, sample_weight=sw_fit,                           eval_set=[(Xval, yval)],                           ear;m.fit(Xfit, yfit, sample_weight=sw_fit)"
021_r2_uplift_final_v3_S0_summary.txt,0.9006,021_test.py,Y,FIT_ON_FULL;KFOLD_TS;NEG_SHIFT,172;174;312;337;357;398;412;502;505;348;537;620;625;531;524;535;518;522,"merged.groupby(PLATE_COL)[""warping_index""].shift(-1);merged.groupby(PLATE_COL)[PASS_COL].shift(-1);GroupKFold(n_splits=CV_FOLDS);GroupKFold(n_splits=CV_FOLDS);GroupKFold(n_splits=CV_FOLDS);GroupShuffleSplit(n_splits=1, test_size=TEST_SIZE, random_state=SEED);GroupShuffleSplit(n_splits=1, test_size=TEST_SIZE, random_state=seed);GroupShuffleSplit(n_splits=1, test_size=0.2, random_state=SEED);GroupShuffleSplit(n_splits=1, test_size=0.2, random_state=SEED);clf.fit(Xcat.values, yclf);m.fit(Xfit, yfit, sample_weight=sw_fit);m.fit(Xtr, ytr);m.fit(Xtr, ytr);m.fit(Xfit, yfit, sample_weight=sw_fit,                   eval_set=[(Xval, yval)],                   early_stopping_roun;m.fit(Xfit, yfit, sample_weight=sw_fit);m.fit(Xfit, yfit, sample_weight=sw_fit);m.fit(Xfit, yfit, sample_weight=sw_fit,                           eval_set=[(Xval, yval)],                           ear;m.fit(Xfit, yfit, sample_weight=sw_fit)"
022_r2_grid_11_off_S0+BAG_summary.txt,0.8999,022_test_no_op.py,Y,FIT_ON_FULL;KFOLD_TS;NEG_SHIFT,213;215;353;378;398;596;439;453;543;546;389;578;606;825;830;572;601;607;661;565;576;602;662;559;563,"merged.groupby(PLATE_COL)[""warping_index""].shift(-1);merged.groupby(PLATE_COL)[PASS_COL].shift(-1);GroupKFold(n_splits=CV_FOLDS);GroupKFold(n_splits=CV_FOLDS);GroupKFold(n_splits=CV_FOLDS);GroupKFold(n_splits=CV_FOLDS);GroupShuffleSplit(n_splits=1, test_size=TEST_SIZE, random_state=SEED);GroupShuffleSplit(n_splits=1, test_size=TEST_SIZE, random_state=seed);GroupShuffleSplit(n_splits=1, test_size=0.2, random_state=SEED);GroupShuffleSplit(n_splits=1, test_size=0.2, random_state=SEED);clf.fit(Xcat.values, yclf);m.fit(Xfit, yfit, sample_weight=sw_fit);mf.fit(X, y, eval_set=[(X, y)], early_stopping_rounds=10, verbose=False);m.fit(Xtr, ytr);m.fit(Xtr, ytr);m.fit(Xfit, yfit, sample_weight=sw_fit,                   eval_set=[(Xval, yval)],                   early_stopping_roun;m.fit(X[tr_i], y[tr_i], eval_set=[(X[va_i], y[va_i])], early_stopping_rounds=50, verbose=False);mf.fit(X, y);mf_rep.fit(Xtr, y_tr, eval_set=[(Xtr, y_tr)], early_stopping_rounds=10, verbose=False);m.fit(Xfit, yfit, sample_weight=sw_fit);m.fit(Xfit, yfit, sample_weight=sw_fit);m.fit(X[tr_i], y[tr_i]);mf_rep.fit(Xtr, y_tr);m.fit(Xfit, yfit, sample_weight=sw_fit,                           eval_set=[(Xval, yval)],                           ear;m.fit(Xfit, yfit, sample_weight=sw_fit)"
024_r2_grid_ABC_off_S0+BAG_summary.txt,0.8999,024_test_no_op.py,Y,FIT_ON_FULL;KFOLD_TS;NEG_SHIFT,213;215;353;378;398;596;439;453;543;546;389;578;606;825;830;572;601;607;661;565;576;602;662;559;563,"merged.groupby(PLATE_COL)[""warping_index""].shift(-1);merged.groupby(PLATE_COL)[PASS_COL].shift(-1);GroupKFold(n_splits=CV_FOLDS);GroupKFold(n_splits=CV_FOLDS);GroupKFold(n_splits=CV_FOLDS);GroupKFold(n_splits=CV_FOLDS);GroupShuffleSplit(n_splits=1, test_size=TEST_SIZE, random_state=SEED);GroupShuffleSplit(n_splits=1, test_size=TEST_SIZE, random_state=seed);GroupShuffleSplit(n_splits=1, test_size=0.2, random_state=SEED);GroupShuffleSplit(n_splits=1, test_size=0.2, random_state=SEED);clf.fit(Xcat.values, yclf);m.fit(Xfit, yfit, sample_weight=sw_fit);mf.fit(X, y, eval_set=[(X, y)], early_stopping_rounds=10, verbose=False);m.fit(Xtr, ytr);m.fit(Xtr, ytr);m.fit(Xfit, yfit, sample_weight=sw_fit,                   eval_set=[(Xval, yval)],                   early_stopping_roun;m.fit(X[tr_i], y[tr_i], eval_set=[(X[va_i], y[va_i])], early_stopping_rounds=50, verbose=False);mf.fit(X, y);mf_rep.fit(Xtr, y_tr, eval_set=[(Xtr, y_tr)], early_stopping_rounds=10, verbose=False);m.fit(Xfit, yfit, sample_weight=sw_fit);m.fit(Xfit, yfit, sample_weight=sw_fit);m.fit(X[tr_i], y[tr_i]);mf_rep.fit(Xtr, y_tr);m.fit(Xfit, yfit, sample_weight=sw_fit,                           eval_set=[(Xval, yval)],                           ear;m.fit(Xfit, yfit, sample_weight=sw_fit)"
020_r2_uplift_final_v2_S0+W2_summary.txt,0.8994,020_test_no_op.py,Y,FIT_ON_FULL;KFOLD_TS;NEG_SHIFT,168;170;308;333;353;394;408;498;501;344;533;616;621;527;520;531;514;518,"merged.groupby(PLATE_COL)[""warping_index""].shift(-1);merged.groupby(PLATE_COL)[PASS_COL].shift(-1);GroupKFold(n_splits=CV_FOLDS);GroupKFold(n_splits=CV_FOLDS);GroupKFold(n_splits=CV_FOLDS);GroupShuffleSplit(n_splits=1, test_size=TEST_SIZE, random_state=SEED);GroupShuffleSplit(n_splits=1, test_size=TEST_SIZE, random_state=seed);GroupShuffleSplit(n_splits=1, test_size=0.2, random_state=SEED);GroupShuffleSplit(n_splits=1, test_size=0.2, random_state=SEED);clf.fit(Xcat.values, yclf);m.fit(Xfit, yfit, sample_weight=sw_fit);m.fit(Xtr, ytr);m.fit(Xtr, ytr);m.fit(Xfit, yfit, sample_weight=sw_fit,                   eval_set=[(Xval, yval)],                   early_stopping_roun;m.fit(Xfit, yfit, sample_weight=sw_fit);m.fit(Xfit, yfit, sample_weight=sw_fit);m.fit(Xfit, yfit, sample_weight=sw_fit,                           eval_set=[(Xval, yval)],                           ear;m.fit(Xfit, yfit, sample_weight=sw_fit)"
023_r2_grid_11_on_S0+S1_summary.txt,0.8988,023_test_no_op.py,Y,FIT_ON_FULL;KFOLD_TS;NEG_SHIFT,213;215;353;378;398;596;439;453;543;546;389;578;606;825;830;572;601;607;661;565;576;602;662;559;563,"merged.groupby(PLATE_COL)[""warping_index""].shift(-1);merged.groupby(PLATE_COL)[PASS_COL].shift(-1);GroupKFold(n_splits=CV_FOLDS);GroupKFold(n_splits=CV_FOLDS);GroupKFold(n_splits=CV_FOLDS);GroupKFold(n_splits=CV_FOLDS);GroupShuffleSplit(n_splits=1, test_size=TEST_SIZE, random_state=SEED);GroupShuffleSplit(n_splits=1, test_size=TEST_SIZE, random_state=seed);GroupShuffleSplit(n_splits=1, test_size=0.2, random_state=SEED);GroupShuffleSplit(n_splits=1, test_size=0.2, random_state=SEED);clf.fit(Xcat.values, yclf);m.fit(Xfit, yfit, sample_weight=sw_fit);mf.fit(X, y, eval_set=[(X, y)], early_stopping_rounds=10, verbose=False);m.fit(Xtr, ytr);m.fit(Xtr, ytr);m.fit(Xfit, yfit, sample_weight=sw_fit,                   eval_set=[(Xval, yval)],                   early_stopping_roun;m.fit(X[tr_i], y[tr_i], eval_set=[(X[va_i], y[va_i])], early_stopping_rounds=50, verbose=False);mf.fit(X, y);mf_rep.fit(Xtr, y_tr, eval_set=[(Xtr, y_tr)], early_stopping_rounds=10, verbose=False);m.fit(Xfit, yfit, sample_weight=sw_fit);m.fit(Xfit, yfit, sample_weight=sw_fit);m.fit(X[tr_i], y[tr_i]);mf_rep.fit(Xtr, y_tr);m.fit(Xfit, yfit, sample_weight=sw_fit,                           eval_set=[(Xval, yval)],                           ear;m.fit(Xfit, yfit, sample_weight=sw_fit)"
023_r2_grid_11_on_S0+SEG_summary.txt,0.8988,023_test_no_op.py,Y,FIT_ON_FULL;KFOLD_TS;NEG_SHIFT,213;215;353;378;398;596;439;453;543;546;389;578;606;825;830;572;601;607;661;565;576;602;662;559;563,"merged.groupby(PLATE_COL)[""warping_index""].shift(-1);merged.groupby(PLATE_COL)[PASS_COL].shift(-1);GroupKFold(n_splits=CV_FOLDS);GroupKFold(n_splits=CV_FOLDS);GroupKFold(n_splits=CV_FOLDS);GroupKFold(n_splits=CV_FOLDS);GroupShuffleSplit(n_splits=1, test_size=TEST_SIZE, random_state=SEED);GroupShuffleSplit(n_splits=1, test_size=TEST_SIZE, random_state=seed);GroupShuffleSplit(n_splits=1, test_size=0.2, random_state=SEED);GroupShuffleSplit(n_splits=1, test_size=0.2, random_state=SEED);clf.fit(Xcat.values, yclf);m.fit(Xfit, yfit, sample_weight=sw_fit);mf.fit(X, y, eval_set=[(X, y)], early_stopping_rounds=10, verbose=False);m.fit(Xtr, ytr);m.fit(Xtr, ytr);m.fit(Xfit, yfit, sample_weight=sw_fit,                   eval_set=[(Xval, yval)],                   early_stopping_roun;m.fit(X[tr_i], y[tr_i], eval_set=[(X[va_i], y[va_i])], early_stopping_rounds=50, verbose=False);mf.fit(X, y);mf_rep.fit(Xtr, y_tr, eval_set=[(Xtr, y_tr)], early_stopping_rounds=10, verbose=False);m.fit(Xfit, yfit, sample_weight=sw_fit);m.fit(Xfit, yfit, sample_weight=sw_fit);m.fit(X[tr_i], y[tr_i]);mf_rep.fit(Xtr, y_tr);m.fit(Xfit, yfit, sample_weight=sw_fit,                           eval_set=[(Xval, yval)],                           ear;m.fit(Xfit, yfit, sample_weight=sw_fit)"
023_r2_grid_11_on_S0_summary.txt,0.8988,023_test_no_op.py,Y,FIT_ON_FULL;KFOLD_TS;NEG_SHIFT,213;215;353;378;398;596;439;453;543;546;389;578;606;825;830;572;601;607;661;565;576;602;662;559;563,"merged.groupby(PLATE_COL)[""warping_index""].shift(-1);merged.groupby(PLATE_COL)[PASS_COL].shift(-1);GroupKFold(n_splits=CV_FOLDS);GroupKFold(n_splits=CV_FOLDS);GroupKFold(n_splits=CV_FOLDS);GroupKFold(n_splits=CV_FOLDS);GroupShuffleSplit(n_splits=1, test_size=TEST_SIZE, random_state=SEED);GroupShuffleSplit(n_splits=1, test_size=TEST_SIZE, random_state=seed);GroupShuffleSplit(n_splits=1, test_size=0.2, random_state=SEED);GroupShuffleSplit(n_splits=1, test_size=0.2, random_state=SEED);clf.fit(Xcat.values, yclf);m.fit(Xfit, yfit, sample_weight=sw_fit);mf.fit(X, y, eval_set=[(X, y)], early_stopping_rounds=10, verbose=False);m.fit(Xtr, ytr);m.fit(Xtr, ytr);m.fit(Xfit, yfit, sample_weight=sw_fit,                   eval_set=[(Xval, yval)],                   early_stopping_roun;m.fit(X[tr_i], y[tr_i], eval_set=[(X[va_i], y[va_i])], early_stopping_rounds=50, verbose=False);mf.fit(X, y);mf_rep.fit(Xtr, y_tr, eval_set=[(Xtr, y_tr)], early_stopping_rounds=10, verbose=False);m.fit(Xfit, yfit, sample_weight=sw_fit);m.fit(Xfit, yfit, sample_weight=sw_fit);m.fit(X[tr_i], y[tr_i]);mf_rep.fit(Xtr, y_tr);m.fit(Xfit, yfit, sample_weight=sw_fit,                           eval_set=[(Xval, yval)],                           ear;m.fit(Xfit, yfit, sample_weight=sw_fit)"
025_r2_grid_ABC_on_S0+S1_summary.txt,0.8988,025_test_no_op.py,Y,FIT_ON_FULL;KFOLD_TS;NEG_SHIFT,213;215;353;378;398;596;439;453;543;546;389;578;606;825;830;572;601;607;661;565;576;602;662;559;563,"merged.groupby(PLATE_COL)[""warping_index""].shift(-1);merged.groupby(PLATE_COL)[PASS_COL].shift(-1);GroupKFold(n_splits=CV_FOLDS);GroupKFold(n_splits=CV_FOLDS);GroupKFold(n_splits=CV_FOLDS);GroupKFold(n_splits=CV_FOLDS);GroupShuffleSplit(n_splits=1, test_size=TEST_SIZE, random_state=SEED);GroupShuffleSplit(n_splits=1, test_size=TEST_SIZE, random_state=seed);GroupShuffleSplit(n_splits=1, test_size=0.2, random_state=SEED);GroupShuffleSplit(n_splits=1, test_size=0.2, random_state=SEED);clf.fit(Xcat.values, yclf);m.fit(Xfit, yfit, sample_weight=sw_fit);mf.fit(X, y, eval_set=[(X, y)], early_stopping_rounds=10, verbose=False);m.fit(Xtr, ytr);m.fit(Xtr, ytr);m.fit(Xfit, yfit, sample_weight=sw_fit,                   eval_set=[(Xval, yval)],                   early_stopping_roun;m.fit(X[tr_i], y[tr_i], eval_set=[(X[va_i], y[va_i])], early_stopping_rounds=50, verbose=False);mf.fit(X, y);mf_rep.fit(Xtr, y_tr, eval_set=[(Xtr, y_tr)], early_stopping_rounds=10, verbose=False);m.fit(Xfit, yfit, sample_weight=sw_fit);m.fit(Xfit, yfit, sample_weight=sw_fit);m.fit(X[tr_i], y[tr_i]);mf_rep.fit(Xtr, y_tr);m.fit(Xfit, yfit, sample_weight=sw_fit,                           eval_set=[(Xval, yval)],                           ear;m.fit(Xfit, yfit, sample_weight=sw_fit)"
025_r2_grid_ABC_on_S0_summary.txt,0.8988,025_test_no_op.py,Y,FIT_ON_FULL;KFOLD_TS;NEG_SHIFT,213;215;353;378;398;596;439;453;543;546;389;578;606;825;830;572;601;607;661;565;576;602;662;559;563,"merged.groupby(PLATE_COL)[""warping_index""].shift(-1);merged.groupby(PLATE_COL)[PASS_COL].shift(-1);GroupKFold(n_splits=CV_FOLDS);GroupKFold(n_splits=CV_FOLDS);GroupKFold(n_splits=CV_FOLDS);GroupKFold(n_splits=CV_FOLDS);GroupShuffleSplit(n_splits=1, test_size=TEST_SIZE, random_state=SEED);GroupShuffleSplit(n_splits=1, test_size=TEST_SIZE, random_state=seed);GroupShuffleSplit(n_splits=1, test_size=0.2, random_state=SEED);GroupShuffleSplit(n_splits=1, test_size=0.2, random_state=SEED);clf.fit(Xcat.values, yclf);m.fit(Xfit, yfit, sample_weight=sw_fit);mf.fit(X, y, eval_set=[(X, y)], early_stopping_rounds=10, verbose=False);m.fit(Xtr, ytr);m.fit(Xtr, ytr);m.fit(Xfit, yfit, sample_weight=sw_fit,                   eval_set=[(Xval, yval)],                   early_stopping_roun;m.fit(X[tr_i], y[tr_i], eval_set=[(X[va_i], y[va_i])], early_stopping_rounds=50, verbose=False);mf.fit(X, y);mf_rep.fit(Xtr, y_tr, eval_set=[(Xtr, y_tr)], early_stopping_rounds=10, verbose=False);m.fit(Xfit, yfit, sample_weight=sw_fit);m.fit(Xfit, yfit, sample_weight=sw_fit);m.fit(X[tr_i], y[tr_i]);mf_rep.fit(Xtr, y_tr);m.fit(Xfit, yfit, sample_weight=sw_fit,                           eval_set=[(Xval, yval)],                           ear;m.fit(Xfit, yfit, sample_weight=sw_fit)"
023_r2_grid_11_on_S0+BAG_summary.txt,0.8987,023_test_no_op.py,Y,FIT_ON_FULL;KFOLD_TS;NEG_SHIFT,213;215;353;378;398;596;439;453;543;546;389;578;606;825;830;572;601;607;661;565;576;602;662;559;563,"merged.groupby(PLATE_COL)[""warping_index""].shift(-1);merged.groupby(PLATE_COL)[PASS_COL].shift(-1);GroupKFold(n_splits=CV_FOLDS);GroupKFold(n_splits=CV_FOLDS);GroupKFold(n_splits=CV_FOLDS);GroupKFold(n_splits=CV_FOLDS);GroupShuffleSplit(n_splits=1, test_size=TEST_SIZE, random_state=SEED);GroupShuffleSplit(n_splits=1, test_size=TEST_SIZE, random_state=seed);GroupShuffleSplit(n_splits=1, test_size=0.2, random_state=SEED);GroupShuffleSplit(n_splits=1, test_size=0.2, random_state=SEED);clf.fit(Xcat.values, yclf);m.fit(Xfit, yfit, sample_weight=sw_fit);mf.fit(X, y, eval_set=[(X, y)], early_stopping_rounds=10, verbose=False);m.fit(Xtr, ytr);m.fit(Xtr, ytr);m.fit(Xfit, yfit, sample_weight=sw_fit,                   eval_set=[(Xval, yval)],                   early_stopping_roun;m.fit(X[tr_i], y[tr_i], eval_set=[(X[va_i], y[va_i])], early_stopping_rounds=50, verbose=False);mf.fit(X, y);mf_rep.fit(Xtr, y_tr, eval_set=[(Xtr, y_tr)], early_stopping_rounds=10, verbose=False);m.fit(Xfit, yfit, sample_weight=sw_fit);m.fit(Xfit, yfit, sample_weight=sw_fit);m.fit(X[tr_i], y[tr_i]);mf_rep.fit(Xtr, y_tr);m.fit(Xfit, yfit, sample_weight=sw_fit,                           eval_set=[(Xval, yval)],                           ear;m.fit(Xfit, yfit, sample_weight=sw_fit)"
023_r2_grid_11_on_S0+IW_summary.txt,0.8982,023_test_no_op.py,Y,FIT_ON_FULL;KFOLD_TS;NEG_SHIFT,213;215;353;378;398;596;439;453;543;546;389;578;606;825;830;572;601;607;661;565;576;602;662;559;563,"merged.groupby(PLATE_COL)[""warping_index""].shift(-1);merged.groupby(PLATE_COL)[PASS_COL].shift(-1);GroupKFold(n_splits=CV_FOLDS);GroupKFold(n_splits=CV_FOLDS);GroupKFold(n_splits=CV_FOLDS);GroupKFold(n_splits=CV_FOLDS);GroupShuffleSplit(n_splits=1, test_size=TEST_SIZE, random_state=SEED);GroupShuffleSplit(n_splits=1, test_size=TEST_SIZE, random_state=seed);GroupShuffleSplit(n_splits=1, test_size=0.2, random_state=SEED);GroupShuffleSplit(n_splits=1, test_size=0.2, random_state=SEED);clf.fit(Xcat.values, yclf);m.fit(Xfit, yfit, sample_weight=sw_fit);mf.fit(X, y, eval_set=[(X, y)], early_stopping_rounds=10, verbose=False);m.fit(Xtr, ytr);m.fit(Xtr, ytr);m.fit(Xfit, yfit, sample_weight=sw_fit,                   eval_set=[(Xval, yval)],                   early_stopping_roun;m.fit(X[tr_i], y[tr_i], eval_set=[(X[va_i], y[va_i])], early_stopping_rounds=50, verbose=False);mf.fit(X, y);mf_rep.fit(Xtr, y_tr, eval_set=[(Xtr, y_tr)], early_stopping_rounds=10, verbose=False);m.fit(Xfit, yfit, sample_weight=sw_fit);m.fit(Xfit, yfit, sample_weight=sw_fit);m.fit(X[tr_i], y[tr_i]);mf_rep.fit(Xtr, y_tr);m.fit(Xfit, yfit, sample_weight=sw_fit,                           eval_set=[(Xval, yval)],                           ear;m.fit(Xfit, yfit, sample_weight=sw_fit)"
023_r2_grid_11_on_S0+M2_summary.txt,0.8979,023_test_no_op.py,Y,FIT_ON_FULL;KFOLD_TS;NEG_SHIFT,213;215;353;378;398;596;439;453;543;546;389;578;606;825;830;572;601;607;661;565;576;602;662;559;563,"merged.groupby(PLATE_COL)[""warping_index""].shift(-1);merged.groupby(PLATE_COL)[PASS_COL].shift(-1);GroupKFold(n_splits=CV_FOLDS);GroupKFold(n_splits=CV_FOLDS);GroupKFold(n_splits=CV_FOLDS);GroupKFold(n_splits=CV_FOLDS);GroupShuffleSplit(n_splits=1, test_size=TEST_SIZE, random_state=SEED);GroupShuffleSplit(n_splits=1, test_size=TEST_SIZE, random_state=seed);GroupShuffleSplit(n_splits=1, test_size=0.2, random_state=SEED);GroupShuffleSplit(n_splits=1, test_size=0.2, random_state=SEED);clf.fit(Xcat.values, yclf);m.fit(Xfit, yfit, sample_weight=sw_fit);mf.fit(X, y, eval_set=[(X, y)], early_stopping_rounds=10, verbose=False);m.fit(Xtr, ytr);m.fit(Xtr, ytr);m.fit(Xfit, yfit, sample_weight=sw_fit,                   eval_set=[(Xval, yval)],                   early_stopping_roun;m.fit(X[tr_i], y[tr_i], eval_set=[(X[va_i], y[va_i])], early_stopping_rounds=50, verbose=False);mf.fit(X, y);mf_rep.fit(Xtr, y_tr, eval_set=[(Xtr, y_tr)], early_stopping_rounds=10, verbose=False);m.fit(Xfit, yfit, sample_weight=sw_fit);m.fit(Xfit, yfit, sample_weight=sw_fit);m.fit(X[tr_i], y[tr_i]);mf_rep.fit(Xtr, y_tr);m.fit(Xfit, yfit, sample_weight=sw_fit,                           eval_set=[(Xval, yval)],                           ear;m.fit(Xfit, yfit, sample_weight=sw_fit)"
014_r2_leak_audit_003-ANCHOR(noLAG)_summary.txt,0.8978,014_003_r2_uplift_suite.py,Y,FIT_ON_FULL;KFOLD_TS;NEG_SHIFT,178;286;327;348;381;394;322;338;437;432,"merged_fm.groupby(PLATE_COL)[""warping_index""].shift(-1);GroupKFold(n_splits=CV_FOLDS);GroupKFold(n_splits=CV_FOLDS);GroupKFold(n_splits=CV_FOLDS);GroupShuffleSplit(n_splits=1, test_size=TEST_SIZE, random_state=SEED);GroupShuffleSplit(n_splits=1, test_size=TEST_SIZE, random_state=seed);clf.fit(X.values, y);clf.fit(Xcat.values, yclf);mdl.fit(Xtr, ytr, sample_weight=sample_weight);m.fit(Xtr, ytr, sample_weight=sample_weight)",014_experiment.py,Y,FIT_ON_FULL;KFOLD_TS;NEG_SHIFT,127;259;235;314;200;198;203,"merged_fm.groupby(PLATE_COL)[""warping_index""].shift(-1);GroupShuffleSplit(n_splits=1, test_size=0.2, random_state=seed);cross_val_score(model, X, y, cv=5, scoring=""r2"", n_jobs=-1);cross_val_score(build_model(t), X_tr, y_tr, cv=3, scoring=""r2"", n_jobs=1);StandardScaler().fit_transform(X);iso.fit_predict(X);nn.fit(Xs)"
023_r2_grid_11_on_S0+W2_summary.txt,0.8884,023_test_no_op.py,Y,FIT_ON_FULL;KFOLD_TS;NEG_SHIFT,213;215;353;378;398;596;439;453;543;546;389;578;606;825;830;572;601;607;661;565;576;602;662;559;563,"merged.groupby(PLATE_COL)[""warping_index""].shift(-1);merged.groupby(PLATE_COL)[PASS_COL].shift(-1);GroupKFold(n_splits=CV_FOLDS);GroupKFold(n_splits=CV_FOLDS);GroupKFold(n_splits=CV_FOLDS);GroupKFold(n_splits=CV_FOLDS);GroupShuffleSplit(n_splits=1, test_size=TEST_SIZE, random_state=SEED);GroupShuffleSplit(n_splits=1, test_size=TEST_SIZE, random_state=seed);GroupShuffleSplit(n_splits=1, test_size=0.2, random_state=SEED);GroupShuffleSplit(n_splits=1, test_size=0.2, random_state=SEED);clf.fit(Xcat.values, yclf);m.fit(Xfit, yfit, sample_weight=sw_fit);mf.fit(X, y, eval_set=[(X, y)], early_stopping_rounds=10, verbose=False);m.fit(Xtr, ytr);m.fit(Xtr, ytr);m.fit(Xfit, yfit, sample_weight=sw_fit,                   eval_set=[(Xval, yval)],                   early_stopping_roun;m.fit(X[tr_i], y[tr_i], eval_set=[(X[va_i], y[va_i])], early_stopping_rounds=50, verbose=False);mf.fit(X, y);mf_rep.fit(Xtr, y_tr, eval_set=[(Xtr, y_tr)], early_stopping_rounds=10, verbose=False);m.fit(Xfit, yfit, sample_weight=sw_fit);m.fit(Xfit, yfit, sample_weight=sw_fit);m.fit(X[tr_i], y[tr_i]);mf_rep.fit(Xtr, y_tr);m.fit(Xfit, yfit, sample_weight=sw_fit,                           eval_set=[(Xval, yval)],                           ear;m.fit(Xfit, yfit, sample_weight=sw_fit)"
020_r2_uplift_final_v2_S0+TE2_summary.txt,0.8476,020_test_no_op.py,Y,FIT_ON_FULL;KFOLD_TS;NEG_SHIFT,168;170;308;333;353;394;408;498;501;344;533;616;621;527;520;531;514;518,"merged.groupby(PLATE_COL)[""warping_index""].shift(-1);merged.groupby(PLATE_COL)[PASS_COL].shift(-1);GroupKFold(n_splits=CV_FOLDS);GroupKFold(n_splits=CV_FOLDS);GroupKFold(n_splits=CV_FOLDS);GroupShuffleSplit(n_splits=1, test_size=TEST_SIZE, random_state=SEED);GroupShuffleSplit(n_splits=1, test_size=TEST_SIZE, random_state=seed);GroupShuffleSplit(n_splits=1, test_size=0.2, random_state=SEED);GroupShuffleSplit(n_splits=1, test_size=0.2, random_state=SEED);clf.fit(Xcat.values, yclf);m.fit(Xfit, yfit, sample_weight=sw_fit);m.fit(Xtr, ytr);m.fit(Xtr, ytr);m.fit(Xfit, yfit, sample_weight=sw_fit,                   eval_set=[(Xval, yval)],                   early_stopping_roun;m.fit(Xfit, yfit, sample_weight=sw_fit);m.fit(Xfit, yfit, sample_weight=sw_fit);m.fit(Xfit, yfit, sample_weight=sw_fit,                           eval_set=[(Xval, yval)],                           ear;m.fit(Xfit, yfit, sample_weight=sw_fit)"
021_r2_uplift_final_v3_S0+L1_summary.txt,0.844,021_test.py,Y,FIT_ON_FULL;KFOLD_TS;NEG_SHIFT,172;174;312;337;357;398;412;502;505;348;537;620;625;531;524;535;518;522,"merged.groupby(PLATE_COL)[""warping_index""].shift(-1);merged.groupby(PLATE_COL)[PASS_COL].shift(-1);GroupKFold(n_splits=CV_FOLDS);GroupKFold(n_splits=CV_FOLDS);GroupKFold(n_splits=CV_FOLDS);GroupShuffleSplit(n_splits=1, test_size=TEST_SIZE, random_state=SEED);GroupShuffleSplit(n_splits=1, test_size=TEST_SIZE, random_state=seed);GroupShuffleSplit(n_splits=1, test_size=0.2, random_state=SEED);GroupShuffleSplit(n_splits=1, test_size=0.2, random_state=SEED);clf.fit(Xcat.values, yclf);m.fit(Xfit, yfit, sample_weight=sw_fit);m.fit(Xtr, ytr);m.fit(Xtr, ytr);m.fit(Xfit, yfit, sample_weight=sw_fit,                   eval_set=[(Xval, yval)],                   early_stopping_roun;m.fit(Xfit, yfit, sample_weight=sw_fit);m.fit(Xfit, yfit, sample_weight=sw_fit);m.fit(Xfit, yfit, sample_weight=sw_fit,                           eval_set=[(Xval, yval)],                           ear;m.fit(Xfit, yfit, sample_weight=sw_fit)"
023_r2_grid_11_on_S0+L1_summary.txt,0.8439,023_test_no_op.py,Y,FIT_ON_FULL;KFOLD_TS;NEG_SHIFT,213;215;353;378;398;596;439;453;543;546;389;578;606;825;830;572;601;607;661;565;576;602;662;559;563,"merged.groupby(PLATE_COL)[""warping_index""].shift(-1);merged.groupby(PLATE_COL)[PASS_COL].shift(-1);GroupKFold(n_splits=CV_FOLDS);GroupKFold(n_splits=CV_FOLDS);GroupKFold(n_splits=CV_FOLDS);GroupKFold(n_splits=CV_FOLDS);GroupShuffleSplit(n_splits=1, test_size=TEST_SIZE, random_state=SEED);GroupShuffleSplit(n_splits=1, test_size=TEST_SIZE, random_state=seed);GroupShuffleSplit(n_splits=1, test_size=0.2, random_state=SEED);GroupShuffleSplit(n_splits=1, test_size=0.2, random_state=SEED);clf.fit(Xcat.values, yclf);m.fit(Xfit, yfit, sample_weight=sw_fit);mf.fit(X, y, eval_set=[(X, y)], early_stopping_rounds=10, verbose=False);m.fit(Xtr, ytr);m.fit(Xtr, ytr);m.fit(Xfit, yfit, sample_weight=sw_fit,                   eval_set=[(Xval, yval)],                   early_stopping_roun;m.fit(X[tr_i], y[tr_i], eval_set=[(X[va_i], y[va_i])], early_stopping_rounds=50, verbose=False);mf.fit(X, y);mf_rep.fit(Xtr, y_tr, eval_set=[(Xtr, y_tr)], early_stopping_rounds=10, verbose=False);m.fit(Xfit, yfit, sample_weight=sw_fit);m.fit(Xfit, yfit, sample_weight=sw_fit);m.fit(X[tr_i], y[tr_i]);mf_rep.fit(Xtr, y_tr);m.fit(Xfit, yfit, sample_weight=sw_fit,                           eval_set=[(Xval, yval)],                           ear;m.fit(Xfit, yfit, sample_weight=sw_fit)"
025_r2_grid_ABC_on_S0+L1_summary.txt,0.8439,025_test_no_op.py,Y,FIT_ON_FULL;KFOLD_TS;NEG_SHIFT,213;215;353;378;398;596;439;453;543;546;389;578;606;825;830;572;601;607;661;565;576;602;662;559;563,"merged.groupby(PLATE_COL)[""warping_index""].shift(-1);merged.groupby(PLATE_COL)[PASS_COL].shift(-1);GroupKFold(n_splits=CV_FOLDS);GroupKFold(n_splits=CV_FOLDS);GroupKFold(n_splits=CV_FOLDS);GroupKFold(n_splits=CV_FOLDS);GroupShuffleSplit(n_splits=1, test_size=TEST_SIZE, random_state=SEED);GroupShuffleSplit(n_splits=1, test_size=TEST_SIZE, random_state=seed);GroupShuffleSplit(n_splits=1, test_size=0.2, random_state=SEED);GroupShuffleSplit(n_splits=1, test_size=0.2, random_state=SEED);clf.fit(Xcat.values, yclf);m.fit(Xfit, yfit, sample_weight=sw_fit);mf.fit(X, y, eval_set=[(X, y)], early_stopping_rounds=10, verbose=False);m.fit(Xtr, ytr);m.fit(Xtr, ytr);m.fit(Xfit, yfit, sample_weight=sw_fit,                   eval_set=[(Xval, yval)],                   early_stopping_roun;m.fit(X[tr_i], y[tr_i], eval_set=[(X[va_i], y[va_i])], early_stopping_rounds=50, verbose=False);mf.fit(X, y);mf_rep.fit(Xtr, y_tr, eval_set=[(Xtr, y_tr)], early_stopping_rounds=10, verbose=False);m.fit(Xfit, yfit, sample_weight=sw_fit);m.fit(Xfit, yfit, sample_weight=sw_fit);m.fit(X[tr_i], y[tr_i]);mf_rep.fit(Xtr, y_tr);m.fit(Xfit, yfit, sample_weight=sw_fit,                           eval_set=[(Xval, yval)],                           ear;m.fit(Xfit, yfit, sample_weight=sw_fit)"
022_r2_grid_11_off_S0+R1_summary.txt,0.8409,022_test_no_op.py,Y,FIT_ON_FULL;KFOLD_TS;NEG_SHIFT,213;215;353;378;398;596;439;453;543;546;389;578;606;825;830;572;601;607;661;565;576;602;662;559;563,"merged.groupby(PLATE_COL)[""warping_index""].shift(-1);merged.groupby(PLATE_COL)[PASS_COL].shift(-1);GroupKFold(n_splits=CV_FOLDS);GroupKFold(n_splits=CV_FOLDS);GroupKFold(n_splits=CV_FOLDS);GroupKFold(n_splits=CV_FOLDS);GroupShuffleSplit(n_splits=1, test_size=TEST_SIZE, random_state=SEED);GroupShuffleSplit(n_splits=1, test_size=TEST_SIZE, random_state=seed);GroupShuffleSplit(n_splits=1, test_size=0.2, random_state=SEED);GroupShuffleSplit(n_splits=1, test_size=0.2, random_state=SEED);clf.fit(Xcat.values, yclf);m.fit(Xfit, yfit, sample_weight=sw_fit);mf.fit(X, y, eval_set=[(X, y)], early_stopping_rounds=10, verbose=False);m.fit(Xtr, ytr);m.fit(Xtr, ytr);m.fit(Xfit, yfit, sample_weight=sw_fit,                   eval_set=[(Xval, yval)],                   early_stopping_roun;m.fit(X[tr_i], y[tr_i], eval_set=[(X[va_i], y[va_i])], early_stopping_rounds=50, verbose=False);mf.fit(X, y);mf_rep.fit(Xtr, y_tr, eval_set=[(Xtr, y_tr)], early_stopping_rounds=10, verbose=False);m.fit(Xfit, yfit, sample_weight=sw_fit);m.fit(Xfit, yfit, sample_weight=sw_fit);m.fit(X[tr_i], y[tr_i]);mf_rep.fit(Xtr, y_tr);m.fit(Xfit, yfit, sample_weight=sw_fit,                           eval_set=[(Xval, yval)],                           ear;m.fit(Xfit, yfit, sample_weight=sw_fit)"
024_r2_grid_ABC_off_S0+R1_summary.txt,0.8409,024_test_no_op.py,Y,FIT_ON_FULL;KFOLD_TS;NEG_SHIFT,213;215;353;378;398;596;439;453;543;546;389;578;606;825;830;572;601;607;661;565;576;602;662;559;563,"merged.groupby(PLATE_COL)[""warping_index""].shift(-1);merged.groupby(PLATE_COL)[PASS_COL].shift(-1);GroupKFold(n_splits=CV_FOLDS);GroupKFold(n_splits=CV_FOLDS);GroupKFold(n_splits=CV_FOLDS);GroupKFold(n_splits=CV_FOLDS);GroupShuffleSplit(n_splits=1, test_size=TEST_SIZE, random_state=SEED);GroupShuffleSplit(n_splits=1, test_size=TEST_SIZE, random_state=seed);GroupShuffleSplit(n_splits=1, test_size=0.2, random_state=SEED);GroupShuffleSplit(n_splits=1, test_size=0.2, random_state=SEED);clf.fit(Xcat.values, yclf);m.fit(Xfit, yfit, sample_weight=sw_fit);mf.fit(X, y, eval_set=[(X, y)], early_stopping_rounds=10, verbose=False);m.fit(Xtr, ytr);m.fit(Xtr, ytr);m.fit(Xfit, yfit, sample_weight=sw_fit,                   eval_set=[(Xval, yval)],                   early_stopping_roun;m.fit(X[tr_i], y[tr_i], eval_set=[(X[va_i], y[va_i])], early_stopping_rounds=50, verbose=False);mf.fit(X, y);mf_rep.fit(Xtr, y_tr, eval_set=[(Xtr, y_tr)], early_stopping_rounds=10, verbose=False);m.fit(Xfit, yfit, sample_weight=sw_fit);m.fit(Xfit, yfit, sample_weight=sw_fit);m.fit(X[tr_i], y[tr_i]);mf_rep.fit(Xtr, y_tr);m.fit(Xfit, yfit, sample_weight=sw_fit,                           eval_set=[(Xval, yval)],                           ear;m.fit(Xfit, yfit, sample_weight=sw_fit)"
021_r2_uplift_final_v3_S0+PN1_summary.txt,0.8324,021_test.py,Y,FIT_ON_FULL;KFOLD_TS;NEG_SHIFT,172;174;312;337;357;398;412;502;505;348;537;620;625;531;524;535;518;522,"merged.groupby(PLATE_COL)[""warping_index""].shift(-1);merged.groupby(PLATE_COL)[PASS_COL].shift(-1);GroupKFold(n_splits=CV_FOLDS);GroupKFold(n_splits=CV_FOLDS);GroupKFold(n_splits=CV_FOLDS);GroupShuffleSplit(n_splits=1, test_size=TEST_SIZE, random_state=SEED);GroupShuffleSplit(n_splits=1, test_size=TEST_SIZE, random_state=seed);GroupShuffleSplit(n_splits=1, test_size=0.2, random_state=SEED);GroupShuffleSplit(n_splits=1, test_size=0.2, random_state=SEED);clf.fit(Xcat.values, yclf);m.fit(Xfit, yfit, sample_weight=sw_fit);m.fit(Xtr, ytr);m.fit(Xtr, ytr);m.fit(Xfit, yfit, sample_weight=sw_fit,                   eval_set=[(Xval, yval)],                   early_stopping_roun;m.fit(Xfit, yfit, sample_weight=sw_fit);m.fit(Xfit, yfit, sample_weight=sw_fit);m.fit(Xfit, yfit, sample_weight=sw_fit,                           eval_set=[(Xval, yval)],                           ear;m.fit(Xfit, yfit, sample_weight=sw_fit)"
023_r2_grid_11_on_S0+PN1_summary.txt,0.8323,023_test_no_op.py,Y,FIT_ON_FULL;KFOLD_TS;NEG_SHIFT,213;215;353;378;398;596;439;453;543;546;389;578;606;825;830;572;601;607;661;565;576;602;662;559;563,"merged.groupby(PLATE_COL)[""warping_index""].shift(-1);merged.groupby(PLATE_COL)[PASS_COL].shift(-1);GroupKFold(n_splits=CV_FOLDS);GroupKFold(n_splits=CV_FOLDS);GroupKFold(n_splits=CV_FOLDS);GroupKFold(n_splits=CV_FOLDS);GroupShuffleSplit(n_splits=1, test_size=TEST_SIZE, random_state=SEED);GroupShuffleSplit(n_splits=1, test_size=TEST_SIZE, random_state=seed);GroupShuffleSplit(n_splits=1, test_size=0.2, random_state=SEED);GroupShuffleSplit(n_splits=1, test_size=0.2, random_state=SEED);clf.fit(Xcat.values, yclf);m.fit(Xfit, yfit, sample_weight=sw_fit);mf.fit(X, y, eval_set=[(X, y)], early_stopping_rounds=10, verbose=False);m.fit(Xtr, ytr);m.fit(Xtr, ytr);m.fit(Xfit, yfit, sample_weight=sw_fit,                   eval_set=[(Xval, yval)],                   early_stopping_roun;m.fit(X[tr_i], y[tr_i], eval_set=[(X[va_i], y[va_i])], early_stopping_rounds=50, verbose=False);mf.fit(X, y);mf_rep.fit(Xtr, y_tr, eval_set=[(Xtr, y_tr)], early_stopping_rounds=10, verbose=False);m.fit(Xfit, yfit, sample_weight=sw_fit);m.fit(Xfit, yfit, sample_weight=sw_fit);m.fit(X[tr_i], y[tr_i]);mf_rep.fit(Xtr, y_tr);m.fit(Xfit, yfit, sample_weight=sw_fit,                           eval_set=[(Xval, yval)],                           ear;m.fit(Xfit, yfit, sample_weight=sw_fit)"
025_r2_grid_ABC_on_S0+PN1_summary.txt,0.8323,025_test_no_op.py,Y,FIT_ON_FULL;KFOLD_TS;NEG_SHIFT,213;215;353;378;398;596;439;453;543;546;389;578;606;825;830;572;601;607;661;565;576;602;662;559;563,"merged.groupby(PLATE_COL)[""warping_index""].shift(-1);merged.groupby(PLATE_COL)[PASS_COL].shift(-1);GroupKFold(n_splits=CV_FOLDS);GroupKFold(n_splits=CV_FOLDS);GroupKFold(n_splits=CV_FOLDS);GroupKFold(n_splits=CV_FOLDS);GroupShuffleSplit(n_splits=1, test_size=TEST_SIZE, random_state=SEED);GroupShuffleSplit(n_splits=1, test_size=TEST_SIZE, random_state=seed);GroupShuffleSplit(n_splits=1, test_size=0.2, random_state=SEED);GroupShuffleSplit(n_splits=1, test_size=0.2, random_state=SEED);clf.fit(Xcat.values, yclf);m.fit(Xfit, yfit, sample_weight=sw_fit);mf.fit(X, y, eval_set=[(X, y)], early_stopping_rounds=10, verbose=False);m.fit(Xtr, ytr);m.fit(Xtr, ytr);m.fit(Xfit, yfit, sample_weight=sw_fit,                   eval_set=[(Xval, yval)],                   early_stopping_roun;m.fit(X[tr_i], y[tr_i], eval_set=[(X[va_i], y[va_i])], early_stopping_rounds=50, verbose=False);mf.fit(X, y);mf_rep.fit(Xtr, y_tr, eval_set=[(Xtr, y_tr)], early_stopping_rounds=10, verbose=False);m.fit(Xfit, yfit, sample_weight=sw_fit);m.fit(Xfit, yfit, sample_weight=sw_fit);m.fit(X[tr_i], y[tr_i]);mf_rep.fit(Xtr, y_tr);m.fit(Xfit, yfit, sample_weight=sw_fit,                           eval_set=[(Xval, yval)],                           ear;m.fit(Xfit, yfit, sample_weight=sw_fit)"
022_r2_grid_11_off_S0+TE2_summary.txt,0.8274,022_test_no_op.py,Y,FIT_ON_FULL;KFOLD_TS;NEG_SHIFT,213;215;353;378;398;596;439;453;543;546;389;578;606;825;830;572;601;607;661;565;576;602;662;559;563,"merged.groupby(PLATE_COL)[""warping_index""].shift(-1);merged.groupby(PLATE_COL)[PASS_COL].shift(-1);GroupKFold(n_splits=CV_FOLDS);GroupKFold(n_splits=CV_FOLDS);GroupKFold(n_splits=CV_FOLDS);GroupKFold(n_splits=CV_FOLDS);GroupShuffleSplit(n_splits=1, test_size=TEST_SIZE, random_state=SEED);GroupShuffleSplit(n_splits=1, test_size=TEST_SIZE, random_state=seed);GroupShuffleSplit(n_splits=1, test_size=0.2, random_state=SEED);GroupShuffleSplit(n_splits=1, test_size=0.2, random_state=SEED);clf.fit(Xcat.values, yclf);m.fit(Xfit, yfit, sample_weight=sw_fit);mf.fit(X, y, eval_set=[(X, y)], early_stopping_rounds=10, verbose=False);m.fit(Xtr, ytr);m.fit(Xtr, ytr);m.fit(Xfit, yfit, sample_weight=sw_fit,                   eval_set=[(Xval, yval)],                   early_stopping_roun;m.fit(X[tr_i], y[tr_i], eval_set=[(X[va_i], y[va_i])], early_stopping_rounds=50, verbose=False);mf.fit(X, y);mf_rep.fit(Xtr, y_tr, eval_set=[(Xtr, y_tr)], early_stopping_rounds=10, verbose=False);m.fit(Xfit, yfit, sample_weight=sw_fit);m.fit(Xfit, yfit, sample_weight=sw_fit);m.fit(X[tr_i], y[tr_i]);mf_rep.fit(Xtr, y_tr);m.fit(Xfit, yfit, sample_weight=sw_fit,                           eval_set=[(Xval, yval)],                           ear;m.fit(Xfit, yfit, sample_weight=sw_fit)"
024_r2_grid_ABC_off_S0+TE2_summary.txt,0.8274,024_test_no_op.py,Y,FIT_ON_FULL;KFOLD_TS;NEG_SHIFT,213;215;353;378;398;596;439;453;543;546;389;578;606;825;830;572;601;607;661;565;576;602;662;559;563,"merged.groupby(PLATE_COL)[""warping_index""].shift(-1);merged.groupby(PLATE_COL)[PASS_COL].shift(-1);GroupKFold(n_splits=CV_FOLDS);GroupKFold(n_splits=CV_FOLDS);GroupKFold(n_splits=CV_FOLDS);GroupKFold(n_splits=CV_FOLDS);GroupShuffleSplit(n_splits=1, test_size=TEST_SIZE, random_state=SEED);GroupShuffleSplit(n_splits=1, test_size=TEST_SIZE, random_state=seed);GroupShuffleSplit(n_splits=1, test_size=0.2, random_state=SEED);GroupShuffleSplit(n_splits=1, test_size=0.2, random_state=SEED);clf.fit(Xcat.values, yclf);m.fit(Xfit, yfit, sample_weight=sw_fit);mf.fit(X, y, eval_set=[(X, y)], early_stopping_rounds=10, verbose=False);m.fit(Xtr, ytr);m.fit(Xtr, ytr);m.fit(Xfit, yfit, sample_weight=sw_fit,                   eval_set=[(Xval, yval)],                   early_stopping_roun;m.fit(X[tr_i], y[tr_i], eval_set=[(X[va_i], y[va_i])], early_stopping_rounds=50, verbose=False);mf.fit(X, y);mf_rep.fit(Xtr, y_tr, eval_set=[(Xtr, y_tr)], early_stopping_rounds=10, verbose=False);m.fit(Xfit, yfit, sample_weight=sw_fit);m.fit(Xfit, yfit, sample_weight=sw_fit);m.fit(X[tr_i], y[tr_i]);mf_rep.fit(Xtr, y_tr);m.fit(Xfit, yfit, sample_weight=sw_fit,                           eval_set=[(Xval, yval)],                           ear;m.fit(Xfit, yfit, sample_weight=sw_fit)"
023_r2_grid_11_on_S0+R1_summary.txt,0.8174,023_test_no_op.py,Y,FIT_ON_FULL;KFOLD_TS;NEG_SHIFT,213;215;353;378;398;596;439;453;543;546;389;578;606;825;830;572;601;607;661;565;576;602;662;559;563,"merged.groupby(PLATE_COL)[""warping_index""].shift(-1);merged.groupby(PLATE_COL)[PASS_COL].shift(-1);GroupKFold(n_splits=CV_FOLDS);GroupKFold(n_splits=CV_FOLDS);GroupKFold(n_splits=CV_FOLDS);GroupKFold(n_splits=CV_FOLDS);GroupShuffleSplit(n_splits=1, test_size=TEST_SIZE, random_state=SEED);GroupShuffleSplit(n_splits=1, test_size=TEST_SIZE, random_state=seed);GroupShuffleSplit(n_splits=1, test_size=0.2, random_state=SEED);GroupShuffleSplit(n_splits=1, test_size=0.2, random_state=SEED);clf.fit(Xcat.values, yclf);m.fit(Xfit, yfit, sample_weight=sw_fit);mf.fit(X, y, eval_set=[(X, y)], early_stopping_rounds=10, verbose=False);m.fit(Xtr, ytr);m.fit(Xtr, ytr);m.fit(Xfit, yfit, sample_weight=sw_fit,                   eval_set=[(Xval, yval)],                   early_stopping_roun;m.fit(X[tr_i], y[tr_i], eval_set=[(X[va_i], y[va_i])], early_stopping_rounds=50, verbose=False);mf.fit(X, y);mf_rep.fit(Xtr, y_tr, eval_set=[(Xtr, y_tr)], early_stopping_rounds=10, verbose=False);m.fit(Xfit, yfit, sample_weight=sw_fit);m.fit(Xfit, yfit, sample_weight=sw_fit);m.fit(X[tr_i], y[tr_i]);mf_rep.fit(Xtr, y_tr);m.fit(Xfit, yfit, sample_weight=sw_fit,                           eval_set=[(Xval, yval)],                           ear;m.fit(Xfit, yfit, sample_weight=sw_fit)"
025_r2_grid_ABC_on_S0+R1_summary.txt,0.8174,025_test_no_op.py,Y,FIT_ON_FULL;KFOLD_TS;NEG_SHIFT,213;215;353;378;398;596;439;453;543;546;389;578;606;825;830;572;601;607;661;565;576;602;662;559;563,"merged.groupby(PLATE_COL)[""warping_index""].shift(-1);merged.groupby(PLATE_COL)[PASS_COL].shift(-1);GroupKFold(n_splits=CV_FOLDS);GroupKFold(n_splits=CV_FOLDS);GroupKFold(n_splits=CV_FOLDS);GroupKFold(n_splits=CV_FOLDS);GroupShuffleSplit(n_splits=1, test_size=TEST_SIZE, random_state=SEED);GroupShuffleSplit(n_splits=1, test_size=TEST_SIZE, random_state=seed);GroupShuffleSplit(n_splits=1, test_size=0.2, random_state=SEED);GroupShuffleSplit(n_splits=1, test_size=0.2, random_state=SEED);clf.fit(Xcat.values, yclf);m.fit(Xfit, yfit, sample_weight=sw_fit);mf.fit(X, y, eval_set=[(X, y)], early_stopping_rounds=10, verbose=False);m.fit(Xtr, ytr);m.fit(Xtr, ytr);m.fit(Xfit, yfit, sample_weight=sw_fit,                   eval_set=[(Xval, yval)],                   early_stopping_roun;m.fit(X[tr_i], y[tr_i], eval_set=[(X[va_i], y[va_i])], early_stopping_rounds=50, verbose=False);mf.fit(X, y);mf_rep.fit(Xtr, y_tr, eval_set=[(Xtr, y_tr)], early_stopping_rounds=10, verbose=False);m.fit(Xfit, yfit, sample_weight=sw_fit);m.fit(Xfit, yfit, sample_weight=sw_fit);m.fit(X[tr_i], y[tr_i]);mf_rep.fit(Xtr, y_tr);m.fit(Xfit, yfit, sample_weight=sw_fit,                           eval_set=[(Xval, yval)],                           ear;m.fit(Xfit, yfit, sample_weight=sw_fit)"
020_r2_uplift_final_v2_S0+DF1_summary.txt,0.8045,020_test_no_op.py,Y,FIT_ON_FULL;KFOLD_TS;NEG_SHIFT,168;170;308;333;353;394;408;498;501;344;533;616;621;527;520;531;514;518,"merged.groupby(PLATE_COL)[""warping_index""].shift(-1);merged.groupby(PLATE_COL)[PASS_COL].shift(-1);GroupKFold(n_splits=CV_FOLDS);GroupKFold(n_splits=CV_FOLDS);GroupKFold(n_splits=CV_FOLDS);GroupShuffleSplit(n_splits=1, test_size=TEST_SIZE, random_state=SEED);GroupShuffleSplit(n_splits=1, test_size=TEST_SIZE, random_state=seed);GroupShuffleSplit(n_splits=1, test_size=0.2, random_state=SEED);GroupShuffleSplit(n_splits=1, test_size=0.2, random_state=SEED);clf.fit(Xcat.values, yclf);m.fit(Xfit, yfit, sample_weight=sw_fit);m.fit(Xtr, ytr);m.fit(Xtr, ytr);m.fit(Xfit, yfit, sample_weight=sw_fit,                   eval_set=[(Xval, yval)],                   early_stopping_roun;m.fit(Xfit, yfit, sample_weight=sw_fit);m.fit(Xfit, yfit, sample_weight=sw_fit);m.fit(Xfit, yfit, sample_weight=sw_fit,                           eval_set=[(Xval, yval)],                           ear;m.fit(Xfit, yfit, sample_weight=sw_fit)"
012_r2_uplift_alias_v2_S0+S1+IW_summary.txt,0.7973,012_003_r2_uplift_suite.py,Y,FIT_ON_FULL;KFOLD_TS;NEG_SHIFT,174;282;323;353;366;313;409;404,"merged_fm.groupby(PLATE_COL)[""warping_index""].shift(-1);GroupKFold(n_splits=CV_FOLDS);GroupKFold(n_splits=CV_FOLDS);GroupShuffleSplit(n_splits=1, test_size=TEST_SIZE, random_state=SEED);GroupShuffleSplit(n_splits=1, test_size=TEST_SIZE, random_state=seed);clf.fit(X.values, y);mdl.fit(Xtr, ytr, sample_weight=sample_weight);m.fit(Xtr, ytr, sample_weight=sample_weight)",012_003_r2_uplift_suite_2.py,Y,FIT_ON_FULL;KFOLD_TS;NEG_SHIFT,174;282;323;353;366;313;409;404,"merged_fm.groupby(PLATE_COL)[""warping_index""].shift(-1);GroupKFold(n_splits=CV_FOLDS);GroupKFold(n_splits=CV_FOLDS);GroupShuffleSplit(n_splits=1, test_size=TEST_SIZE, random_state=SEED);GroupShuffleSplit(n_splits=1, test_size=TEST_SIZE, random_state=seed);clf.fit(X.values, y);mdl.fit(Xtr, ytr, sample_weight=sample_weight);m.fit(Xtr, ytr, sample_weight=sample_weight)"
023_r2_grid_11_on_S0+TE2_summary.txt,0.7957,023_test_no_op.py,Y,FIT_ON_FULL;KFOLD_TS;NEG_SHIFT,213;215;353;378;398;596;439;453;543;546;389;578;606;825;830;572;601;607;661;565;576;602;662;559;563,"merged.groupby(PLATE_COL)[""warping_index""].shift(-1);merged.groupby(PLATE_COL)[PASS_COL].shift(-1);GroupKFold(n_splits=CV_FOLDS);GroupKFold(n_splits=CV_FOLDS);GroupKFold(n_splits=CV_FOLDS);GroupKFold(n_splits=CV_FOLDS);GroupShuffleSplit(n_splits=1, test_size=TEST_SIZE, random_state=SEED);GroupShuffleSplit(n_splits=1, test_size=TEST_SIZE, random_state=seed);GroupShuffleSplit(n_splits=1, test_size=0.2, random_state=SEED);GroupShuffleSplit(n_splits=1, test_size=0.2, random_state=SEED);clf.fit(Xcat.values, yclf);m.fit(Xfit, yfit, sample_weight=sw_fit);mf.fit(X, y, eval_set=[(X, y)], early_stopping_rounds=10, verbose=False);m.fit(Xtr, ytr);m.fit(Xtr, ytr);m.fit(Xfit, yfit, sample_weight=sw_fit,                   eval_set=[(Xval, yval)],                   early_stopping_roun;m.fit(X[tr_i], y[tr_i], eval_set=[(X[va_i], y[va_i])], early_stopping_rounds=50, verbose=False);mf.fit(X, y);mf_rep.fit(Xtr, y_tr, eval_set=[(Xtr, y_tr)], early_stopping_rounds=10, verbose=False);m.fit(Xfit, yfit, sample_weight=sw_fit);m.fit(Xfit, yfit, sample_weight=sw_fit);m.fit(X[tr_i], y[tr_i]);mf_rep.fit(Xtr, y_tr);m.fit(Xfit, yfit, sample_weight=sw_fit,                           eval_set=[(Xval, yval)],                           ear;m.fit(Xfit, yfit, sample_weight=sw_fit)"
012_r2_uplift_alias_v2_S1_summary.txt,0.7861,012_003_r2_uplift_suite.py,Y,FIT_ON_FULL;KFOLD_TS;NEG_SHIFT,174;282;323;353;366;313;409;404,"merged_fm.groupby(PLATE_COL)[""warping_index""].shift(-1);GroupKFold(n_splits=CV_FOLDS);GroupKFold(n_splits=CV_FOLDS);GroupShuffleSplit(n_splits=1, test_size=TEST_SIZE, random_state=SEED);GroupShuffleSplit(n_splits=1, test_size=TEST_SIZE, random_state=seed);clf.fit(X.values, y);mdl.fit(Xtr, ytr, sample_weight=sample_weight);m.fit(Xtr, ytr, sample_weight=sample_weight)",012_003_r2_uplift_suite_2.py,Y,FIT_ON_FULL;KFOLD_TS;NEG_SHIFT,174;282;323;353;366;313;409;404,"merged_fm.groupby(PLATE_COL)[""warping_index""].shift(-1);GroupKFold(n_splits=CV_FOLDS);GroupKFold(n_splits=CV_FOLDS);GroupShuffleSplit(n_splits=1, test_size=TEST_SIZE, random_state=SEED);GroupShuffleSplit(n_splits=1, test_size=TEST_SIZE, random_state=seed);clf.fit(X.values, y);mdl.fit(Xtr, ytr, sample_weight=sample_weight);m.fit(Xtr, ytr, sample_weight=sample_weight)"
012_r2_uplift_alias_v2_R1_summary.txt,0.7461,012_003_r2_uplift_suite.py,Y,FIT_ON_FULL;KFOLD_TS;NEG_SHIFT,174;282;323;353;366;313;409;404,"merged_fm.groupby(PLATE_COL)[""warping_index""].shift(-1);GroupKFold(n_splits=CV_FOLDS);GroupKFold(n_splits=CV_FOLDS);GroupShuffleSplit(n_splits=1, test_size=TEST_SIZE, random_state=SEED);GroupShuffleSplit(n_splits=1, test_size=TEST_SIZE, random_state=seed);clf.fit(X.values, y);mdl.fit(Xtr, ytr, sample_weight=sample_weight);m.fit(Xtr, ytr, sample_weight=sample_weight)",012_003_r2_uplift_suite_2.py,Y,FIT_ON_FULL;KFOLD_TS;NEG_SHIFT,174;282;323;353;366;313;409;404,"merged_fm.groupby(PLATE_COL)[""warping_index""].shift(-1);GroupKFold(n_splits=CV_FOLDS);GroupKFold(n_splits=CV_FOLDS);GroupShuffleSplit(n_splits=1, test_size=TEST_SIZE, random_state=SEED);GroupShuffleSplit(n_splits=1, test_size=TEST_SIZE, random_state=seed);clf.fit(X.values, y);mdl.fit(Xtr, ytr, sample_weight=sample_weight);m.fit(Xtr, ytr, sample_weight=sample_weight)"
017_r2_uplift_final_v2_S0+DF1_summary.txt,0.7305,017_test.py,Y,FIT_ON_FULL;KFOLD_TS;NEG_SHIFT,181;325;363;384;416;429;479;358;374;534;529,"merged_fm.groupby(PLATE_COL)[""warping_index""].shift(-1);GroupKFold(n_splits=CV_FOLDS);GroupKFold(n_splits=CV_FOLDS);GroupKFold(n_splits=CV_FOLDS);GroupShuffleSplit(n_splits=1, test_size=TEST_SIZE, random_state=SEED);GroupShuffleSplit(n_splits=1, test_size=TEST_SIZE, random_state=seed);GroupKFold(n_splits=CV_FOLDS);clf.fit(X.values, y);clf.fit(Xcat.values, yclf);mdl.fit(Xtr, ytr, sample_weight=sample_weight);m.fit(Xtr, ytr, sample_weight=sample_weight)",017_test_no_op.py,Y,FIT_ON_FULL;KFOLD_TS;NEG_SHIFT,178;286;314;335;364;377;325;434;429,"merged_fm.groupby(PLATE_COL)[""warping_index""].shift(-1);GroupKFold(n_splits=CV_FOLDS);GroupKFold(n_splits=CV_FOLDS);GroupKFold(n_splits=CV_FOLDS);GroupShuffleSplit(n_splits=1, test_size=TEST_SIZE, random_state=SEED);GroupShuffleSplit(n_splits=1, test_size=TEST_SIZE, random_state=seed);clf.fit(Xcat.values, yclf);mdl.fit(Xtr, ytr, sample_weight=sample_weight);m.fit(Xtr, ytr, sample_weight=sample_weight)"
012_r2_uplift_alias_v2_S0+R1+W2_summary.txt,0.7245,012_003_r2_uplift_suite.py,Y,FIT_ON_FULL;KFOLD_TS;NEG_SHIFT,174;282;323;353;366;313;409;404,"merged_fm.groupby(PLATE_COL)[""warping_index""].shift(-1);GroupKFold(n_splits=CV_FOLDS);GroupKFold(n_splits=CV_FOLDS);GroupShuffleSplit(n_splits=1, test_size=TEST_SIZE, random_state=SEED);GroupShuffleSplit(n_splits=1, test_size=TEST_SIZE, random_state=seed);clf.fit(X.values, y);mdl.fit(Xtr, ytr, sample_weight=sample_weight);m.fit(Xtr, ytr, sample_weight=sample_weight)",012_003_r2_uplift_suite_2.py,Y,FIT_ON_FULL;KFOLD_TS;NEG_SHIFT,174;282;323;353;366;313;409;404,"merged_fm.groupby(PLATE_COL)[""warping_index""].shift(-1);GroupKFold(n_splits=CV_FOLDS);GroupKFold(n_splits=CV_FOLDS);GroupShuffleSplit(n_splits=1, test_size=TEST_SIZE, random_state=SEED);GroupShuffleSplit(n_splits=1, test_size=TEST_SIZE, random_state=seed);clf.fit(X.values, y);mdl.fit(Xtr, ytr, sample_weight=sample_weight);m.fit(Xtr, ytr, sample_weight=sample_weight)"
022_r2_grid_11_off_S0+L1_summary.txt,0.7173,022_test_no_op.py,Y,FIT_ON_FULL;KFOLD_TS;NEG_SHIFT,213;215;353;378;398;596;439;453;543;546;389;578;606;825;830;572;601;607;661;565;576;602;662;559;563,"merged.groupby(PLATE_COL)[""warping_index""].shift(-1);merged.groupby(PLATE_COL)[PASS_COL].shift(-1);GroupKFold(n_splits=CV_FOLDS);GroupKFold(n_splits=CV_FOLDS);GroupKFold(n_splits=CV_FOLDS);GroupKFold(n_splits=CV_FOLDS);GroupShuffleSplit(n_splits=1, test_size=TEST_SIZE, random_state=SEED);GroupShuffleSplit(n_splits=1, test_size=TEST_SIZE, random_state=seed);GroupShuffleSplit(n_splits=1, test_size=0.2, random_state=SEED);GroupShuffleSplit(n_splits=1, test_size=0.2, random_state=SEED);clf.fit(Xcat.values, yclf);m.fit(Xfit, yfit, sample_weight=sw_fit);mf.fit(X, y, eval_set=[(X, y)], early_stopping_rounds=10, verbose=False);m.fit(Xtr, ytr);m.fit(Xtr, ytr);m.fit(Xfit, yfit, sample_weight=sw_fit,                   eval_set=[(Xval, yval)],                   early_stopping_roun;m.fit(X[tr_i], y[tr_i], eval_set=[(X[va_i], y[va_i])], early_stopping_rounds=50, verbose=False);mf.fit(X, y);mf_rep.fit(Xtr, y_tr, eval_set=[(Xtr, y_tr)], early_stopping_rounds=10, verbose=False);m.fit(Xfit, yfit, sample_weight=sw_fit);m.fit(Xfit, yfit, sample_weight=sw_fit);m.fit(X[tr_i], y[tr_i]);mf_rep.fit(Xtr, y_tr);m.fit(Xfit, yfit, sample_weight=sw_fit,                           eval_set=[(Xval, yval)],                           ear;m.fit(Xfit, yfit, sample_weight=sw_fit)"
024_r2_grid_ABC_off_S0+L1_summary.txt,0.7173,024_test_no_op.py,Y,FIT_ON_FULL;KFOLD_TS;NEG_SHIFT,213;215;353;378;398;596;439;453;543;546;389;578;606;825;830;572;601;607;661;565;576;602;662;559;563,"merged.groupby(PLATE_COL)[""warping_index""].shift(-1);merged.groupby(PLATE_COL)[PASS_COL].shift(-1);GroupKFold(n_splits=CV_FOLDS);GroupKFold(n_splits=CV_FOLDS);GroupKFold(n_splits=CV_FOLDS);GroupKFold(n_splits=CV_FOLDS);GroupShuffleSplit(n_splits=1, test_size=TEST_SIZE, random_state=SEED);GroupShuffleSplit(n_splits=1, test_size=TEST_SIZE, random_state=seed);GroupShuffleSplit(n_splits=1, test_size=0.2, random_state=SEED);GroupShuffleSplit(n_splits=1, test_size=0.2, random_state=SEED);clf.fit(Xcat.values, yclf);m.fit(Xfit, yfit, sample_weight=sw_fit);mf.fit(X, y, eval_set=[(X, y)], early_stopping_rounds=10, verbose=False);m.fit(Xtr, ytr);m.fit(Xtr, ytr);m.fit(Xfit, yfit, sample_weight=sw_fit,                   eval_set=[(Xval, yval)],                   early_stopping_roun;m.fit(X[tr_i], y[tr_i], eval_set=[(X[va_i], y[va_i])], early_stopping_rounds=50, verbose=False);mf.fit(X, y);mf_rep.fit(Xtr, y_tr, eval_set=[(Xtr, y_tr)], early_stopping_rounds=10, verbose=False);m.fit(Xfit, yfit, sample_weight=sw_fit);m.fit(Xfit, yfit, sample_weight=sw_fit);m.fit(X[tr_i], y[tr_i]);mf_rep.fit(Xtr, y_tr);m.fit(Xfit, yfit, sample_weight=sw_fit,                           eval_set=[(Xval, yval)],                           ear;m.fit(Xfit, yfit, sample_weight=sw_fit)"
020_r2_uplift_final_v2_S0+L1_summary.txt,0.6974,020_test_no_op.py,Y,FIT_ON_FULL;KFOLD_TS;NEG_SHIFT,168;170;308;333;353;394;408;498;501;344;533;616;621;527;520;531;514;518,"merged.groupby(PLATE_COL)[""warping_index""].shift(-1);merged.groupby(PLATE_COL)[PASS_COL].shift(-1);GroupKFold(n_splits=CV_FOLDS);GroupKFold(n_splits=CV_FOLDS);GroupKFold(n_splits=CV_FOLDS);GroupShuffleSplit(n_splits=1, test_size=TEST_SIZE, random_state=SEED);GroupShuffleSplit(n_splits=1, test_size=TEST_SIZE, random_state=seed);GroupShuffleSplit(n_splits=1, test_size=0.2, random_state=SEED);GroupShuffleSplit(n_splits=1, test_size=0.2, random_state=SEED);clf.fit(Xcat.values, yclf);m.fit(Xfit, yfit, sample_weight=sw_fit);m.fit(Xtr, ytr);m.fit(Xtr, ytr);m.fit(Xfit, yfit, sample_weight=sw_fit,                   eval_set=[(Xval, yval)],                   early_stopping_roun;m.fit(Xfit, yfit, sample_weight=sw_fit);m.fit(Xfit, yfit, sample_weight=sw_fit);m.fit(Xfit, yfit, sample_weight=sw_fit,                           eval_set=[(Xval, yval)],                           ear;m.fit(Xfit, yfit, sample_weight=sw_fit)"
020_r2_uplift_final_v2_S0+PN1_summary.txt,0.6758,020_test_no_op.py,Y,FIT_ON_FULL;KFOLD_TS;NEG_SHIFT,168;170;308;333;353;394;408;498;501;344;533;616;621;527;520;531;514;518,"merged.groupby(PLATE_COL)[""warping_index""].shift(-1);merged.groupby(PLATE_COL)[PASS_COL].shift(-1);GroupKFold(n_splits=CV_FOLDS);GroupKFold(n_splits=CV_FOLDS);GroupKFold(n_splits=CV_FOLDS);GroupShuffleSplit(n_splits=1, test_size=TEST_SIZE, random_state=SEED);GroupShuffleSplit(n_splits=1, test_size=TEST_SIZE, random_state=seed);GroupShuffleSplit(n_splits=1, test_size=0.2, random_state=SEED);GroupShuffleSplit(n_splits=1, test_size=0.2, random_state=SEED);clf.fit(Xcat.values, yclf);m.fit(Xfit, yfit, sample_weight=sw_fit);m.fit(Xtr, ytr);m.fit(Xtr, ytr);m.fit(Xfit, yfit, sample_weight=sw_fit,                   eval_set=[(Xval, yval)],                   early_stopping_roun;m.fit(Xfit, yfit, sample_weight=sw_fit);m.fit(Xfit, yfit, sample_weight=sw_fit);m.fit(Xfit, yfit, sample_weight=sw_fit,                           eval_set=[(Xval, yval)],                           ear;m.fit(Xfit, yfit, sample_weight=sw_fit)"
012_r2_uplift_alias_v2_W2_summary.txt,0.6744,012_003_r2_uplift_suite.py,Y,FIT_ON_FULL;KFOLD_TS;NEG_SHIFT,174;282;323;353;366;313;409;404,"merged_fm.groupby(PLATE_COL)[""warping_index""].shift(-1);GroupKFold(n_splits=CV_FOLDS);GroupKFold(n_splits=CV_FOLDS);GroupShuffleSplit(n_splits=1, test_size=TEST_SIZE, random_state=SEED);GroupShuffleSplit(n_splits=1, test_size=TEST_SIZE, random_state=seed);clf.fit(X.values, y);mdl.fit(Xtr, ytr, sample_weight=sample_weight);m.fit(Xtr, ytr, sample_weight=sample_weight)",012_003_r2_uplift_suite_2.py,Y,FIT_ON_FULL;KFOLD_TS;NEG_SHIFT,174;282;323;353;366;313;409;404,"merged_fm.groupby(PLATE_COL)[""warping_index""].shift(-1);GroupKFold(n_splits=CV_FOLDS);GroupKFold(n_splits=CV_FOLDS);GroupShuffleSplit(n_splits=1, test_size=TEST_SIZE, random_state=SEED);GroupShuffleSplit(n_splits=1, test_size=TEST_SIZE, random_state=seed);clf.fit(X.values, y);mdl.fit(Xtr, ytr, sample_weight=sample_weight);m.fit(Xtr, ytr, sample_weight=sample_weight)"
019_r2_uplift_final_v2_S0_summary.txt,0.669,019_test_no_op.py,Y,FIT_ON_FULL;KFOLD_TS;NEG_SHIFT,167;169;307;332;352;393;407;497;500;343;532;615;620;526;519;530;513;517,"merged.groupby(PLATE_COL)[""warping_index""].shift(-1);merged.groupby(PLATE_COL)[PASS_COL].shift(-1);GroupKFold(n_splits=CV_FOLDS);GroupKFold(n_splits=CV_FOLDS);GroupKFold(n_splits=CV_FOLDS);GroupShuffleSplit(n_splits=1, test_size=TEST_SIZE, random_state=SEED);GroupShuffleSplit(n_splits=1, test_size=TEST_SIZE, random_state=seed);GroupShuffleSplit(n_splits=1, test_size=0.2, random_state=SEED);GroupShuffleSplit(n_splits=1, test_size=0.2, random_state=SEED);clf.fit(Xcat.values, yclf);m.fit(Xfit, yfit, sample_weight=sw_fit);m.fit(Xtr, ytr);m.fit(Xtr, ytr);m.fit(Xfit, yfit, sample_weight=sw_fit,                   eval_set=[(Xval, yval)],                   early_stopping_roun;m.fit(Xfit, yfit, sample_weight=sw_fit);m.fit(Xfit, yfit, sample_weight=sw_fit);m.fit(Xfit, yfit, sample_weight=sw_fit,                           eval_set=[(Xval, yval)],                           ear;m.fit(Xfit, yfit, sample_weight=sw_fit)"
012_r2_uplift_alias_v2_S0_summary.txt,0.6664,012_003_r2_uplift_suite.py,Y,FIT_ON_FULL;KFOLD_TS;NEG_SHIFT,174;282;323;353;366;313;409;404,"merged_fm.groupby(PLATE_COL)[""warping_index""].shift(-1);GroupKFold(n_splits=CV_FOLDS);GroupKFold(n_splits=CV_FOLDS);GroupShuffleSplit(n_splits=1, test_size=TEST_SIZE, random_state=SEED);GroupShuffleSplit(n_splits=1, test_size=TEST_SIZE, random_state=seed);clf.fit(X.values, y);mdl.fit(Xtr, ytr, sample_weight=sample_weight);m.fit(Xtr, ytr, sample_weight=sample_weight)",012_003_r2_uplift_suite_2.py,Y,FIT_ON_FULL;KFOLD_TS;NEG_SHIFT,174;282;323;353;366;313;409;404,"merged_fm.groupby(PLATE_COL)[""warping_index""].shift(-1);GroupKFold(n_splits=CV_FOLDS);GroupKFold(n_splits=CV_FOLDS);GroupShuffleSplit(n_splits=1, test_size=TEST_SIZE, random_state=SEED);GroupShuffleSplit(n_splits=1, test_size=TEST_SIZE, random_state=seed);clf.fit(X.values, y);mdl.fit(Xtr, ytr, sample_weight=sample_weight);m.fit(Xtr, ytr, sample_weight=sample_weight)"
013_r2_uplift_alias_v2_S0_summary.txt,0.6664,013_003_r2_uplift_suite.py,Y,FIT_ON_FULL;KFOLD_TS;NEG_SHIFT,177;285;326;347;377;390;321;337;433;428,"merged_fm.groupby(PLATE_COL)[""warping_index""].shift(-1);GroupKFold(n_splits=CV_FOLDS);GroupKFold(n_splits=CV_FOLDS);GroupKFold(n_splits=CV_FOLDS);GroupShuffleSplit(n_splits=1, test_size=TEST_SIZE, random_state=SEED);GroupShuffleSplit(n_splits=1, test_size=TEST_SIZE, random_state=seed);clf.fit(X.values, y);clf.fit(Xcat.values, yclf);mdl.fit(Xtr, ytr, sample_weight=sample_weight);m.fit(Xtr, ytr, sample_weight=sample_weight)",013_003_r2_uplift_suite_2.py,Y,FIT_ON_FULL;KFOLD_TS;NEG_SHIFT,177;285;326;347;377;390;321;337;433;428,"merged_fm.groupby(PLATE_COL)[""warping_index""].shift(-1);GroupKFold(n_splits=CV_FOLDS);GroupKFold(n_splits=CV_FOLDS);GroupKFold(n_splits=CV_FOLDS);GroupShuffleSplit(n_splits=1, test_size=TEST_SIZE, random_state=SEED);GroupShuffleSplit(n_splits=1, test_size=TEST_SIZE, random_state=seed);clf.fit(X.values, y);clf.fit(Xcat.values, yclf);mdl.fit(Xtr, ytr, sample_weight=sample_weight);m.fit(Xtr, ytr, sample_weight=sample_weight)"
013_r2_uplift_alias_v3_S0_summary.txt,0.6664,013_003_r2_uplift_suite.py,Y,FIT_ON_FULL;KFOLD_TS;NEG_SHIFT,177;285;326;347;377;390;321;337;433;428,"merged_fm.groupby(PLATE_COL)[""warping_index""].shift(-1);GroupKFold(n_splits=CV_FOLDS);GroupKFold(n_splits=CV_FOLDS);GroupKFold(n_splits=CV_FOLDS);GroupShuffleSplit(n_splits=1, test_size=TEST_SIZE, random_state=SEED);GroupShuffleSplit(n_splits=1, test_size=TEST_SIZE, random_state=seed);clf.fit(X.values, y);clf.fit(Xcat.values, yclf);mdl.fit(Xtr, ytr, sample_weight=sample_weight);m.fit(Xtr, ytr, sample_weight=sample_weight)",013_003_r2_uplift_suite_2.py,Y,FIT_ON_FULL;KFOLD_TS;NEG_SHIFT,177;285;326;347;377;390;321;337;433;428,"merged_fm.groupby(PLATE_COL)[""warping_index""].shift(-1);GroupKFold(n_splits=CV_FOLDS);GroupKFold(n_splits=CV_FOLDS);GroupKFold(n_splits=CV_FOLDS);GroupShuffleSplit(n_splits=1, test_size=TEST_SIZE, random_state=SEED);GroupShuffleSplit(n_splits=1, test_size=TEST_SIZE, random_state=seed);clf.fit(X.values, y);clf.fit(Xcat.values, yclf);mdl.fit(Xtr, ytr, sample_weight=sample_weight);m.fit(Xtr, ytr, sample_weight=sample_weight)"
014_r2_leak_audit_S0+L1(lagON)_summary.txt,0.6664,014_003_r2_uplift_suite.py,Y,FIT_ON_FULL;KFOLD_TS;NEG_SHIFT,178;286;327;348;381;394;322;338;437;432,"merged_fm.groupby(PLATE_COL)[""warping_index""].shift(-1);GroupKFold(n_splits=CV_FOLDS);GroupKFold(n_splits=CV_FOLDS);GroupKFold(n_splits=CV_FOLDS);GroupShuffleSplit(n_splits=1, test_size=TEST_SIZE, random_state=SEED);GroupShuffleSplit(n_splits=1, test_size=TEST_SIZE, random_state=seed);clf.fit(X.values, y);clf.fit(Xcat.values, yclf);mdl.fit(Xtr, ytr, sample_weight=sample_weight);m.fit(Xtr, ytr, sample_weight=sample_weight)",014_experiment.py,Y,FIT_ON_FULL;KFOLD_TS;NEG_SHIFT,127;259;235;314;200;198;203,"merged_fm.groupby(PLATE_COL)[""warping_index""].shift(-1);GroupShuffleSplit(n_splits=1, test_size=0.2, random_state=seed);cross_val_score(model, X, y, cv=5, scoring=""r2"", n_jobs=-1);cross_val_score(build_model(t), X_tr, y_tr, cv=3, scoring=""r2"", n_jobs=1);StandardScaler().fit_transform(X);iso.fit_predict(X);nn.fit(Xs)"
017_r2_uplift_final_v2_S0+L1_summary.txt,0.6664,017_test.py,Y,FIT_ON_FULL;KFOLD_TS;NEG_SHIFT,181;325;363;384;416;429;479;358;374;534;529,"merged_fm.groupby(PLATE_COL)[""warping_index""].shift(-1);GroupKFold(n_splits=CV_FOLDS);GroupKFold(n_splits=CV_FOLDS);GroupKFold(n_splits=CV_FOLDS);GroupShuffleSplit(n_splits=1, test_size=TEST_SIZE, random_state=SEED);GroupShuffleSplit(n_splits=1, test_size=TEST_SIZE, random_state=seed);GroupKFold(n_splits=CV_FOLDS);clf.fit(X.values, y);clf.fit(Xcat.values, yclf);mdl.fit(Xtr, ytr, sample_weight=sample_weight);m.fit(Xtr, ytr, sample_weight=sample_weight)",017_test_no_op.py,Y,FIT_ON_FULL;KFOLD_TS;NEG_SHIFT,178;286;314;335;364;377;325;434;429,"merged_fm.groupby(PLATE_COL)[""warping_index""].shift(-1);GroupKFold(n_splits=CV_FOLDS);GroupKFold(n_splits=CV_FOLDS);GroupKFold(n_splits=CV_FOLDS);GroupShuffleSplit(n_splits=1, test_size=TEST_SIZE, random_state=SEED);GroupShuffleSplit(n_splits=1, test_size=TEST_SIZE, random_state=seed);clf.fit(Xcat.values, yclf);mdl.fit(Xtr, ytr, sample_weight=sample_weight);m.fit(Xtr, ytr, sample_weight=sample_weight)"
022_r2_grid_11_off_S0+PN1_summary.txt,0.663,022_test_no_op.py,Y,FIT_ON_FULL;KFOLD_TS;NEG_SHIFT,213;215;353;378;398;596;439;453;543;546;389;578;606;825;830;572;601;607;661;565;576;602;662;559;563,"merged.groupby(PLATE_COL)[""warping_index""].shift(-1);merged.groupby(PLATE_COL)[PASS_COL].shift(-1);GroupKFold(n_splits=CV_FOLDS);GroupKFold(n_splits=CV_FOLDS);GroupKFold(n_splits=CV_FOLDS);GroupKFold(n_splits=CV_FOLDS);GroupShuffleSplit(n_splits=1, test_size=TEST_SIZE, random_state=SEED);GroupShuffleSplit(n_splits=1, test_size=TEST_SIZE, random_state=seed);GroupShuffleSplit(n_splits=1, test_size=0.2, random_state=SEED);GroupShuffleSplit(n_splits=1, test_size=0.2, random_state=SEED);clf.fit(Xcat.values, yclf);m.fit(Xfit, yfit, sample_weight=sw_fit);mf.fit(X, y, eval_set=[(X, y)], early_stopping_rounds=10, verbose=False);m.fit(Xtr, ytr);m.fit(Xtr, ytr);m.fit(Xfit, yfit, sample_weight=sw_fit,                   eval_set=[(Xval, yval)],                   early_stopping_roun;m.fit(X[tr_i], y[tr_i], eval_set=[(X[va_i], y[va_i])], early_stopping_rounds=50, verbose=False);mf.fit(X, y);mf_rep.fit(Xtr, y_tr, eval_set=[(Xtr, y_tr)], early_stopping_rounds=10, verbose=False);m.fit(Xfit, yfit, sample_weight=sw_fit);m.fit(Xfit, yfit, sample_weight=sw_fit);m.fit(X[tr_i], y[tr_i]);mf_rep.fit(Xtr, y_tr);m.fit(Xfit, yfit, sample_weight=sw_fit,                           eval_set=[(Xval, yval)],                           ear;m.fit(Xfit, yfit, sample_weight=sw_fit)"
024_r2_grid_ABC_off_S0+PN1_summary.txt,0.663,024_test_no_op.py,Y,FIT_ON_FULL;KFOLD_TS;NEG_SHIFT,213;215;353;378;398;596;439;453;543;546;389;578;606;825;830;572;601;607;661;565;576;602;662;559;563,"merged.groupby(PLATE_COL)[""warping_index""].shift(-1);merged.groupby(PLATE_COL)[PASS_COL].shift(-1);GroupKFold(n_splits=CV_FOLDS);GroupKFold(n_splits=CV_FOLDS);GroupKFold(n_splits=CV_FOLDS);GroupKFold(n_splits=CV_FOLDS);GroupShuffleSplit(n_splits=1, test_size=TEST_SIZE, random_state=SEED);GroupShuffleSplit(n_splits=1, test_size=TEST_SIZE, random_state=seed);GroupShuffleSplit(n_splits=1, test_size=0.2, random_state=SEED);GroupShuffleSplit(n_splits=1, test_size=0.2, random_state=SEED);clf.fit(Xcat.values, yclf);m.fit(Xfit, yfit, sample_weight=sw_fit);mf.fit(X, y, eval_set=[(X, y)], early_stopping_rounds=10, verbose=False);m.fit(Xtr, ytr);m.fit(Xtr, ytr);m.fit(Xfit, yfit, sample_weight=sw_fit,                   eval_set=[(Xval, yval)],                   early_stopping_roun;m.fit(X[tr_i], y[tr_i], eval_set=[(X[va_i], y[va_i])], early_stopping_rounds=50, verbose=False);mf.fit(X, y);mf_rep.fit(Xtr, y_tr, eval_set=[(Xtr, y_tr)], early_stopping_rounds=10, verbose=False);m.fit(Xfit, yfit, sample_weight=sw_fit);m.fit(Xfit, yfit, sample_weight=sw_fit);m.fit(X[tr_i], y[tr_i]);mf_rep.fit(Xtr, y_tr);m.fit(Xfit, yfit, sample_weight=sw_fit,                           eval_set=[(Xval, yval)],                           ear;m.fit(Xfit, yfit, sample_weight=sw_fit)"
012_r2_uplift_alias_v2_TE2_summary.txt,0.6612,012_003_r2_uplift_suite.py,Y,FIT_ON_FULL;KFOLD_TS;NEG_SHIFT,174;282;323;353;366;313;409;404,"merged_fm.groupby(PLATE_COL)[""warping_index""].shift(-1);GroupKFold(n_splits=CV_FOLDS);GroupKFold(n_splits=CV_FOLDS);GroupShuffleSplit(n_splits=1, test_size=TEST_SIZE, random_state=SEED);GroupShuffleSplit(n_splits=1, test_size=TEST_SIZE, random_state=seed);clf.fit(X.values, y);mdl.fit(Xtr, ytr, sample_weight=sample_weight);m.fit(Xtr, ytr, sample_weight=sample_weight)",012_003_r2_uplift_suite_2.py,Y,FIT_ON_FULL;KFOLD_TS;NEG_SHIFT,174;282;323;353;366;313;409;404,"merged_fm.groupby(PLATE_COL)[""warping_index""].shift(-1);GroupKFold(n_splits=CV_FOLDS);GroupKFold(n_splits=CV_FOLDS);GroupShuffleSplit(n_splits=1, test_size=TEST_SIZE, random_state=SEED);GroupShuffleSplit(n_splits=1, test_size=TEST_SIZE, random_state=seed);clf.fit(X.values, y);mdl.fit(Xtr, ytr, sample_weight=sample_weight);m.fit(Xtr, ytr, sample_weight=sample_weight)"
012_r2_uplift_alias_v2_S0+TE2+W2_summary.txt,0.6579,012_003_r2_uplift_suite.py,Y,FIT_ON_FULL;KFOLD_TS;NEG_SHIFT,174;282;323;353;366;313;409;404,"merged_fm.groupby(PLATE_COL)[""warping_index""].shift(-1);GroupKFold(n_splits=CV_FOLDS);GroupKFold(n_splits=CV_FOLDS);GroupShuffleSplit(n_splits=1, test_size=TEST_SIZE, random_state=SEED);GroupShuffleSplit(n_splits=1, test_size=TEST_SIZE, random_state=seed);clf.fit(X.values, y);mdl.fit(Xtr, ytr, sample_weight=sample_weight);m.fit(Xtr, ytr, sample_weight=sample_weight)",012_003_r2_uplift_suite_2.py,Y,FIT_ON_FULL;KFOLD_TS;NEG_SHIFT,174;282;323;353;366;313;409;404,"merged_fm.groupby(PLATE_COL)[""warping_index""].shift(-1);GroupKFold(n_splits=CV_FOLDS);GroupKFold(n_splits=CV_FOLDS);GroupShuffleSplit(n_splits=1, test_size=TEST_SIZE, random_state=SEED);GroupShuffleSplit(n_splits=1, test_size=TEST_SIZE, random_state=seed);clf.fit(X.values, y);mdl.fit(Xtr, ytr, sample_weight=sample_weight);m.fit(Xtr, ytr, sample_weight=sample_weight)"
022_r2_grid_11_off_S0+X2E_MOE_summary.txt,0.5433,022_test_no_op.py,Y,FIT_ON_FULL;KFOLD_TS;NEG_SHIFT,213;215;353;378;398;596;439;453;543;546;389;578;606;825;830;572;601;607;661;565;576;602;662;559;563,"merged.groupby(PLATE_COL)[""warping_index""].shift(-1);merged.groupby(PLATE_COL)[PASS_COL].shift(-1);GroupKFold(n_splits=CV_FOLDS);GroupKFold(n_splits=CV_FOLDS);GroupKFold(n_splits=CV_FOLDS);GroupKFold(n_splits=CV_FOLDS);GroupShuffleSplit(n_splits=1, test_size=TEST_SIZE, random_state=SEED);GroupShuffleSplit(n_splits=1, test_size=TEST_SIZE, random_state=seed);GroupShuffleSplit(n_splits=1, test_size=0.2, random_state=SEED);GroupShuffleSplit(n_splits=1, test_size=0.2, random_state=SEED);clf.fit(Xcat.values, yclf);m.fit(Xfit, yfit, sample_weight=sw_fit);mf.fit(X, y, eval_set=[(X, y)], early_stopping_rounds=10, verbose=False);m.fit(Xtr, ytr);m.fit(Xtr, ytr);m.fit(Xfit, yfit, sample_weight=sw_fit,                   eval_set=[(Xval, yval)],                   early_stopping_roun;m.fit(X[tr_i], y[tr_i], eval_set=[(X[va_i], y[va_i])], early_stopping_rounds=50, verbose=False);mf.fit(X, y);mf_rep.fit(Xtr, y_tr, eval_set=[(Xtr, y_tr)], early_stopping_rounds=10, verbose=False);m.fit(Xfit, yfit, sample_weight=sw_fit);m.fit(Xfit, yfit, sample_weight=sw_fit);m.fit(X[tr_i], y[tr_i]);mf_rep.fit(Xtr, y_tr);m.fit(Xfit, yfit, sample_weight=sw_fit,                           eval_set=[(Xval, yval)],                           ear;m.fit(Xfit, yfit, sample_weight=sw_fit)"
024_r2_grid_ABC_off_S0+X2E_MOE_summary.txt,0.5433,024_test_no_op.py,Y,FIT_ON_FULL;KFOLD_TS;NEG_SHIFT,213;215;353;378;398;596;439;453;543;546;389;578;606;825;830;572;601;607;661;565;576;602;662;559;563,"merged.groupby(PLATE_COL)[""warping_index""].shift(-1);merged.groupby(PLATE_COL)[PASS_COL].shift(-1);GroupKFold(n_splits=CV_FOLDS);GroupKFold(n_splits=CV_FOLDS);GroupKFold(n_splits=CV_FOLDS);GroupKFold(n_splits=CV_FOLDS);GroupShuffleSplit(n_splits=1, test_size=TEST_SIZE, random_state=SEED);GroupShuffleSplit(n_splits=1, test_size=TEST_SIZE, random_state=seed);GroupShuffleSplit(n_splits=1, test_size=0.2, random_state=SEED);GroupShuffleSplit(n_splits=1, test_size=0.2, random_state=SEED);clf.fit(Xcat.values, yclf);m.fit(Xfit, yfit, sample_weight=sw_fit);mf.fit(X, y, eval_set=[(X, y)], early_stopping_rounds=10, verbose=False);m.fit(Xtr, ytr);m.fit(Xtr, ytr);m.fit(Xfit, yfit, sample_weight=sw_fit,                   eval_set=[(Xval, yval)],                   early_stopping_roun;m.fit(X[tr_i], y[tr_i], eval_set=[(X[va_i], y[va_i])], early_stopping_rounds=50, verbose=False);mf.fit(X, y);mf_rep.fit(Xtr, y_tr, eval_set=[(Xtr, y_tr)], early_stopping_rounds=10, verbose=False);m.fit(Xfit, yfit, sample_weight=sw_fit);m.fit(Xfit, yfit, sample_weight=sw_fit);m.fit(X[tr_i], y[tr_i]);mf_rep.fit(Xtr, y_tr);m.fit(Xfit, yfit, sample_weight=sw_fit,                           eval_set=[(Xval, yval)],                           ear;m.fit(Xfit, yfit, sample_weight=sw_fit)"
022_r2_grid_11_off_S0+X2E_YJ_summary.txt,0.5412,022_test_no_op.py,Y,FIT_ON_FULL;KFOLD_TS;NEG_SHIFT,213;215;353;378;398;596;439;453;543;546;389;578;606;825;830;572;601;607;661;565;576;602;662;559;563,"merged.groupby(PLATE_COL)[""warping_index""].shift(-1);merged.groupby(PLATE_COL)[PASS_COL].shift(-1);GroupKFold(n_splits=CV_FOLDS);GroupKFold(n_splits=CV_FOLDS);GroupKFold(n_splits=CV_FOLDS);GroupKFold(n_splits=CV_FOLDS);GroupShuffleSplit(n_splits=1, test_size=TEST_SIZE, random_state=SEED);GroupShuffleSplit(n_splits=1, test_size=TEST_SIZE, random_state=seed);GroupShuffleSplit(n_splits=1, test_size=0.2, random_state=SEED);GroupShuffleSplit(n_splits=1, test_size=0.2, random_state=SEED);clf.fit(Xcat.values, yclf);m.fit(Xfit, yfit, sample_weight=sw_fit);mf.fit(X, y, eval_set=[(X, y)], early_stopping_rounds=10, verbose=False);m.fit(Xtr, ytr);m.fit(Xtr, ytr);m.fit(Xfit, yfit, sample_weight=sw_fit,                   eval_set=[(Xval, yval)],                   early_stopping_roun;m.fit(X[tr_i], y[tr_i], eval_set=[(X[va_i], y[va_i])], early_stopping_rounds=50, verbose=False);mf.fit(X, y);mf_rep.fit(Xtr, y_tr, eval_set=[(Xtr, y_tr)], early_stopping_rounds=10, verbose=False);m.fit(Xfit, yfit, sample_weight=sw_fit);m.fit(Xfit, yfit, sample_weight=sw_fit);m.fit(X[tr_i], y[tr_i]);mf_rep.fit(Xtr, y_tr);m.fit(Xfit, yfit, sample_weight=sw_fit,                           eval_set=[(Xval, yval)],                           ear;m.fit(Xfit, yfit, sample_weight=sw_fit)"
024_r2_grid_ABC_off_S0+X2E_YJ_summary.txt,0.5412,024_test_no_op.py,Y,FIT_ON_FULL;KFOLD_TS;NEG_SHIFT,213;215;353;378;398;596;439;453;543;546;389;578;606;825;830;572;601;607;661;565;576;602;662;559;563,"merged.groupby(PLATE_COL)[""warping_index""].shift(-1);merged.groupby(PLATE_COL)[PASS_COL].shift(-1);GroupKFold(n_splits=CV_FOLDS);GroupKFold(n_splits=CV_FOLDS);GroupKFold(n_splits=CV_FOLDS);GroupKFold(n_splits=CV_FOLDS);GroupShuffleSplit(n_splits=1, test_size=TEST_SIZE, random_state=SEED);GroupShuffleSplit(n_splits=1, test_size=TEST_SIZE, random_state=seed);GroupShuffleSplit(n_splits=1, test_size=0.2, random_state=SEED);GroupShuffleSplit(n_splits=1, test_size=0.2, random_state=SEED);clf.fit(Xcat.values, yclf);m.fit(Xfit, yfit, sample_weight=sw_fit);mf.fit(X, y, eval_set=[(X, y)], early_stopping_rounds=10, verbose=False);m.fit(Xtr, ytr);m.fit(Xtr, ytr);m.fit(Xfit, yfit, sample_weight=sw_fit,                   eval_set=[(Xval, yval)],                   early_stopping_roun;m.fit(X[tr_i], y[tr_i], eval_set=[(X[va_i], y[va_i])], early_stopping_rounds=50, verbose=False);mf.fit(X, y);mf_rep.fit(Xtr, y_tr, eval_set=[(Xtr, y_tr)], early_stopping_rounds=10, verbose=False);m.fit(Xfit, yfit, sample_weight=sw_fit);m.fit(Xfit, yfit, sample_weight=sw_fit);m.fit(X[tr_i], y[tr_i]);mf_rep.fit(Xtr, y_tr);m.fit(Xfit, yfit, sample_weight=sw_fit,                           eval_set=[(Xval, yval)],                           ear;m.fit(Xfit, yfit, sample_weight=sw_fit)"
022_r2_grid_11_off_S0+X2E_RES_summary.txt,0.5398,022_test_no_op.py,Y,FIT_ON_FULL;KFOLD_TS;NEG_SHIFT,213;215;353;378;398;596;439;453;543;546;389;578;606;825;830;572;601;607;661;565;576;602;662;559;563,"merged.groupby(PLATE_COL)[""warping_index""].shift(-1);merged.groupby(PLATE_COL)[PASS_COL].shift(-1);GroupKFold(n_splits=CV_FOLDS);GroupKFold(n_splits=CV_FOLDS);GroupKFold(n_splits=CV_FOLDS);GroupKFold(n_splits=CV_FOLDS);GroupShuffleSplit(n_splits=1, test_size=TEST_SIZE, random_state=SEED);GroupShuffleSplit(n_splits=1, test_size=TEST_SIZE, random_state=seed);GroupShuffleSplit(n_splits=1, test_size=0.2, random_state=SEED);GroupShuffleSplit(n_splits=1, test_size=0.2, random_state=SEED);clf.fit(Xcat.values, yclf);m.fit(Xfit, yfit, sample_weight=sw_fit);mf.fit(X, y, eval_set=[(X, y)], early_stopping_rounds=10, verbose=False);m.fit(Xtr, ytr);m.fit(Xtr, ytr);m.fit(Xfit, yfit, sample_weight=sw_fit,                   eval_set=[(Xval, yval)],                   early_stopping_roun;m.fit(X[tr_i], y[tr_i], eval_set=[(X[va_i], y[va_i])], early_stopping_rounds=50, verbose=False);mf.fit(X, y);mf_rep.fit(Xtr, y_tr, eval_set=[(Xtr, y_tr)], early_stopping_rounds=10, verbose=False);m.fit(Xfit, yfit, sample_weight=sw_fit);m.fit(Xfit, yfit, sample_weight=sw_fit);m.fit(X[tr_i], y[tr_i]);mf_rep.fit(Xtr, y_tr);m.fit(Xfit, yfit, sample_weight=sw_fit,                           eval_set=[(Xval, yval)],                           ear;m.fit(Xfit, yfit, sample_weight=sw_fit)"
024_r2_grid_ABC_off_S0+X2E_RES_summary.txt,0.5398,024_test_no_op.py,Y,FIT_ON_FULL;KFOLD_TS;NEG_SHIFT,213;215;353;378;398;596;439;453;543;546;389;578;606;825;830;572;601;607;661;565;576;602;662;559;563,"merged.groupby(PLATE_COL)[""warping_index""].shift(-1);merged.groupby(PLATE_COL)[PASS_COL].shift(-1);GroupKFold(n_splits=CV_FOLDS);GroupKFold(n_splits=CV_FOLDS);GroupKFold(n_splits=CV_FOLDS);GroupKFold(n_splits=CV_FOLDS);GroupShuffleSplit(n_splits=1, test_size=TEST_SIZE, random_state=SEED);GroupShuffleSplit(n_splits=1, test_size=TEST_SIZE, random_state=seed);GroupShuffleSplit(n_splits=1, test_size=0.2, random_state=SEED);GroupShuffleSplit(n_splits=1, test_size=0.2, random_state=SEED);clf.fit(Xcat.values, yclf);m.fit(Xfit, yfit, sample_weight=sw_fit);mf.fit(X, y, eval_set=[(X, y)], early_stopping_rounds=10, verbose=False);m.fit(Xtr, ytr);m.fit(Xtr, ytr);m.fit(Xfit, yfit, sample_weight=sw_fit,                   eval_set=[(Xval, yval)],                   early_stopping_roun;m.fit(X[tr_i], y[tr_i], eval_set=[(X[va_i], y[va_i])], early_stopping_rounds=50, verbose=False);mf.fit(X, y);mf_rep.fit(Xtr, y_tr, eval_set=[(Xtr, y_tr)], early_stopping_rounds=10, verbose=False);m.fit(Xfit, yfit, sample_weight=sw_fit);m.fit(Xfit, yfit, sample_weight=sw_fit);m.fit(X[tr_i], y[tr_i]);mf_rep.fit(Xtr, y_tr);m.fit(Xfit, yfit, sample_weight=sw_fit,                           eval_set=[(Xval, yval)],                           ear;m.fit(Xfit, yfit, sample_weight=sw_fit)"
002_pass_t_plus_1_cross_summary.txt,0.4174,002_experiment.py,Y,FIT_ON_FULL;KFOLD_TS;NEG_SHIFT,126;234;303;256;199;197;202,"merged_fm.groupby(PLATE_COL)[""warping_index""].shift(-1);cross_val_score(model, X, y, cv=5, scoring=""r2"", n_jobs=-1);cross_val_score(model, X_tr, y_tr, cv=3, scoring=""r2"", n_jobs=1);GroupShuffleSplit(n_splits=1, test_size=0.2, random_state=seed);StandardScaler().fit_transform(X);iso.fit_predict(X);nn.fit(Xs)"
003_pass_t_plus_1_cross_summary.txt,0.4174,003_experiment.py,Y,FIT_ON_FULL;KFOLD_TS;NEG_SHIFT,127;259;235;314;200;198;203,"merged_fm.groupby(PLATE_COL)[""warping_index""].shift(-1);GroupShuffleSplit(n_splits=1, test_size=0.2, random_state=seed);cross_val_score(model, X, y, cv=5, scoring=""r2"", n_jobs=-1);cross_val_score(build_model(t), X_tr, y_tr, cv=3, scoring=""r2"", n_jobs=1);StandardScaler().fit_transform(X);iso.fit_predict(X);nn.fit(Xs)"
006_pass_t_plus_1_cross_summary.txt,0.4174,006_experiment.py,Y,FIT_ON_FULL;KFOLD_TS;NEG_SHIFT,134;241;267;318;206;204;209,"merged_fm.groupby(PLATE_COL)[""warping_index""].shift(-1);cross_val_score(model, X, y, cv=5, scoring=""r2"", n_jobs=-1);GroupShuffleSplit(n_splits=1, test_size=0.2, random_state=seed);cross_val_score(build_model(t), X_tr, y_tr, cv=3, scoring=""r2"", n_jobs=1);StandardScaler().fit_transform(X);iso.fit_predict(X);nn.fit(Xs)"
007_pass_t_plus_1_cross_summary.txt,0.4174,007_experiment.py,Y,FIT_ON_FULL;KFOLD_TS;NEG_SHIFT,127;269;235;322;200;198;203,"merged_fm.groupby(PLATE_COL)[""warping_index""].shift(-1);GroupShuffleSplit(n_splits=1, test_size=0.2, random_state=seed);cross_val_score(model, X, y, cv=5, scoring=""r2"", n_jobs=-1);cross_val_score(build_model(t), X_tr, y_tr, cv=3, scoring=""r2"", n_jobs=1);StandardScaler().fit_transform(X);iso.fit_predict(X);nn.fit(Xs)"
014_pass_t_plus_1_cross_summary.txt,0.4174,014_003_r2_uplift_suite.py,Y,FIT_ON_FULL;KFOLD_TS;NEG_SHIFT,178;286;327;348;381;394;322;338;437;432,"merged_fm.groupby(PLATE_COL)[""warping_index""].shift(-1);GroupKFold(n_splits=CV_FOLDS);GroupKFold(n_splits=CV_FOLDS);GroupKFold(n_splits=CV_FOLDS);GroupShuffleSplit(n_splits=1, test_size=TEST_SIZE, random_state=SEED);GroupShuffleSplit(n_splits=1, test_size=TEST_SIZE, random_state=seed);clf.fit(X.values, y);clf.fit(Xcat.values, yclf);mdl.fit(Xtr, ytr, sample_weight=sample_weight);m.fit(Xtr, ytr, sample_weight=sample_weight)",014_experiment.py,Y,FIT_ON_FULL;KFOLD_TS;NEG_SHIFT,127;259;235;314;200;198;203,"merged_fm.groupby(PLATE_COL)[""warping_index""].shift(-1);GroupShuffleSplit(n_splits=1, test_size=0.2, random_state=seed);cross_val_score(model, X, y, cv=5, scoring=""r2"", n_jobs=-1);cross_val_score(build_model(t), X_tr, y_tr, cv=3, scoring=""r2"", n_jobs=1);StandardScaler().fit_transform(X);iso.fit_predict(X);nn.fit(Xs)"
062_pass_t_plus_1_cross_summary.txt,0.3354,062_experiment.py,Y,FIT_ON_FULL;KFOLD_TS;NEG_SHIFT,130;367;399;352;475;540;247;319;231;240;317;322;548,"merged_fm.groupby(PLATE_COL)[""warping_index""].shift(-1);GroupKFold(n_splits=3);GroupKFold(n_splits=3);cross_val_score(model, X, y, cv=5, scoring=""r2"", n_jobs=-1);GroupShuffleSplit(n_splits=1, test_size=test_size, random_state=seed);GroupShuffleSplit(n_splits=1, test_size=0.2, random_state=run_seed);model.fit(X, y, sample_weight=sample_weight);StandardScaler().fit_transform(X);model.fit(X, y,                   sample_weight=sample_weight,                   eval_set=eval_set,                   ea;model.fit(X, y,                   sample_weight=sample_weight,                   eval_set=eval_set,                   ve;iso.fit_predict(X);nn.fit(Xs);mdl.fit(Xfit, yfit)"
063_pass_t_plus_1_cross_summary.txt,0.3354,063_experiment.py,Y,FIT_ON_FULL;KFOLD_TS;NEG_SHIFT,130;367;399;352;475;540;247;319;231;240;317;322;548,"merged_fm.groupby(PLATE_COL)[""warping_index""].shift(-1);GroupKFold(n_splits=3);GroupKFold(n_splits=3);cross_val_score(model, X, y, cv=5, scoring=""r2"", n_jobs=-1);GroupShuffleSplit(n_splits=1, test_size=test_size, random_state=seed);GroupShuffleSplit(n_splits=1, test_size=0.2, random_state=run_seed);model.fit(X, y, sample_weight=sample_weight);StandardScaler().fit_transform(X);model.fit(X, y,                   sample_weight=sample_weight,                   eval_set=eval_set,                   ea;model.fit(X, y,                   sample_weight=sample_weight,                   eval_set=eval_set,                   ve;iso.fit_predict(X);nn.fit(Xs);mdl.fit(Xfit, yfit)"
064_pass_t_plus_1_cross_summary.txt,0.3354,064_experiment.py,Y,FIT_ON_FULL;KFOLD_TS;NEG_SHIFT,130;367;399;352;475;540;247;319;231;240;317;322;548,"merged_fm.groupby(PLATE_COL)[""warping_index""].shift(-1);GroupKFold(n_splits=3);GroupKFold(n_splits=3);cross_val_score(model, X, y, cv=5, scoring=""r2"", n_jobs=-1);GroupShuffleSplit(n_splits=1, test_size=test_size, random_state=seed);GroupShuffleSplit(n_splits=1, test_size=0.2, random_state=run_seed);model.fit(X, y, sample_weight=sample_weight);StandardScaler().fit_transform(X);model.fit(X, y,                   sample_weight=sample_weight,                   eval_set=eval_set,                   ea;model.fit(X, y,                   sample_weight=sample_weight,                   eval_set=eval_set,                   ve;iso.fit_predict(X);nn.fit(Xs);mdl.fit(Xfit, yfit)"
065_pass_t_plus_1_cross_summary.txt,0.3354,065_experiment.py,Y,FIT_ON_FULL;KFOLD_TS;NEG_SHIFT,130;367;399;352;475;540;247;319;231;240;317;322;548,"merged_fm.groupby(PLATE_COL)[""warping_index""].shift(-1);GroupKFold(n_splits=3);GroupKFold(n_splits=3);cross_val_score(model, X, y, cv=5, scoring=""r2"", n_jobs=-1);GroupShuffleSplit(n_splits=1, test_size=test_size, random_state=seed);GroupShuffleSplit(n_splits=1, test_size=0.2, random_state=run_seed);model.fit(X, y, sample_weight=sample_weight);StandardScaler().fit_transform(X);model.fit(X, y,                   sample_weight=sample_weight,                   eval_set=eval_set,                   ea;model.fit(X, y,                   sample_weight=sample_weight,                   eval_set=eval_set,                   ve;iso.fit_predict(X);nn.fit(Xs);mdl.fit(Xfit, yfit)"
066_pass_t_plus_1_cross_summary.txt,0.3354,066_experiment.py,Y,FIT_ON_FULL;KFOLD_TS;NEG_SHIFT,130;367;399;352;475;540;247;319;231;240;317;322;548,"merged_fm.groupby(PLATE_COL)[""warping_index""].shift(-1);GroupKFold(n_splits=3);GroupKFold(n_splits=3);cross_val_score(model, X, y, cv=5, scoring=""r2"", n_jobs=-1);GroupShuffleSplit(n_splits=1, test_size=test_size, random_state=seed);GroupShuffleSplit(n_splits=1, test_size=0.2, random_state=run_seed);model.fit(X, y, sample_weight=sample_weight);StandardScaler().fit_transform(X);model.fit(X, y,                   sample_weight=sample_weight,                   eval_set=eval_set,                   ea;model.fit(X, y,                   sample_weight=sample_weight,                   eval_set=eval_set,                   ve;iso.fit_predict(X);nn.fit(Xs);mdl.fit(Xfit, yfit)"
067_pass_t_plus_1_cross_summary.txt,0.3354,067_experiment.py,Y,FIT_ON_FULL;KFOLD_TS;NEG_SHIFT,130;367;399;352;475;540;247;319;231;240;317;322;548,"merged_fm.groupby(PLATE_COL)[""warping_index""].shift(-1);GroupKFold(n_splits=3);GroupKFold(n_splits=3);cross_val_score(model, X, y, cv=5, scoring=""r2"", n_jobs=-1);GroupShuffleSplit(n_splits=1, test_size=test_size, random_state=seed);GroupShuffleSplit(n_splits=1, test_size=0.2, random_state=run_seed);model.fit(X, y, sample_weight=sample_weight);StandardScaler().fit_transform(X);model.fit(X, y,                   sample_weight=sample_weight,                   eval_set=eval_set,                   ea;model.fit(X, y,                   sample_weight=sample_weight,                   eval_set=eval_set,                   ve;iso.fit_predict(X);nn.fit(Xs);mdl.fit(Xfit, yfit)"
068_pass_t_plus_1_cross_summary.txt,0.3354,068_experiment.py,Y,FIT_ON_FULL;KFOLD_TS;NEG_SHIFT,130;367;399;352;475;540;247;319;231;240;317;322;548,"merged_fm.groupby(PLATE_COL)[""warping_index""].shift(-1);GroupKFold(n_splits=3);GroupKFold(n_splits=3);cross_val_score(model, X, y, cv=5, scoring=""r2"", n_jobs=-1);GroupShuffleSplit(n_splits=1, test_size=test_size, random_state=seed);GroupShuffleSplit(n_splits=1, test_size=0.2, random_state=run_seed);model.fit(X, y, sample_weight=sample_weight);StandardScaler().fit_transform(X);model.fit(X, y,                   sample_weight=sample_weight,                   eval_set=eval_set,                   ea;model.fit(X, y,                   sample_weight=sample_weight,                   eval_set=eval_set,                   ve;iso.fit_predict(X);nn.fit(Xs);mdl.fit(Xfit, yfit)"
069_pass_t_plus_1_cross_summary.txt,0.3354,069_experiment.py,Y,FIT_ON_FULL;KFOLD_TS;NEG_SHIFT,130;367;399;352;475;540;247;319;231;240;317;322;548,"merged_fm.groupby(PLATE_COL)[""warping_index""].shift(-1);GroupKFold(n_splits=3);GroupKFold(n_splits=3);cross_val_score(model, X, y, cv=5, scoring=""r2"", n_jobs=-1);GroupShuffleSplit(n_splits=1, test_size=test_size, random_state=seed);GroupShuffleSplit(n_splits=1, test_size=0.2, random_state=run_seed);model.fit(X, y, sample_weight=sample_weight);StandardScaler().fit_transform(X);model.fit(X, y,                   sample_weight=sample_weight,                   eval_set=eval_set,                   ea;model.fit(X, y,                   sample_weight=sample_weight,                   eval_set=eval_set,                   ve;iso.fit_predict(X);nn.fit(Xs);mdl.fit(Xfit, yfit)"
070_pass_t_plus_1_cross_summary.txt,0.3354,070_experiment.py,Y,FIT_ON_FULL;KFOLD_TS;NEG_SHIFT,130;367;399;352;475;540;247;319;231;240;317;322;548,"merged_fm.groupby(PLATE_COL)[""warping_index""].shift(-1);GroupKFold(n_splits=3);GroupKFold(n_splits=3);cross_val_score(model, X, y, cv=5, scoring=""r2"", n_jobs=-1);GroupShuffleSplit(n_splits=1, test_size=test_size, random_state=seed);GroupShuffleSplit(n_splits=1, test_size=0.2, random_state=run_seed);model.fit(X, y, sample_weight=sample_weight);StandardScaler().fit_transform(X);model.fit(X, y,                   sample_weight=sample_weight,                   eval_set=eval_set,                   ea;model.fit(X, y,                   sample_weight=sample_weight,                   eval_set=eval_set,                   ve;iso.fit_predict(X);nn.fit(Xs);mdl.fit(Xfit, yfit)"
071_pass_t_plus_1_cross_summary.txt,0.3354,071_experiment.py,Y,FIT_ON_FULL;KFOLD_TS;NEG_SHIFT,130;367;399;352;475;540;247;319;231;240;317;322;548,"merged_fm.groupby(PLATE_COL)[""warping_index""].shift(-1);GroupKFold(n_splits=3);GroupKFold(n_splits=3);cross_val_score(model, X, y, cv=5, scoring=""r2"", n_jobs=-1);GroupShuffleSplit(n_splits=1, test_size=test_size, random_state=seed);GroupShuffleSplit(n_splits=1, test_size=0.2, random_state=run_seed);model.fit(X, y, sample_weight=sample_weight);StandardScaler().fit_transform(X);model.fit(X, y,                   sample_weight=sample_weight,                   eval_set=eval_set,                   ea;model.fit(X, y,                   sample_weight=sample_weight,                   eval_set=eval_set,                   ve;iso.fit_predict(X);nn.fit(Xs);mdl.fit(Xfit, yfit)"
072_pass_t_plus_1_cross_summary.txt,0.3354,072_experiment.py,Y,FIT_ON_FULL;KFOLD_TS;NEG_SHIFT,130;367;399;352;475;540;247;319;231;240;317;322;548,"merged_fm.groupby(PLATE_COL)[""warping_index""].shift(-1);GroupKFold(n_splits=3);GroupKFold(n_splits=3);cross_val_score(model, X, y, cv=5, scoring=""r2"", n_jobs=-1);GroupShuffleSplit(n_splits=1, test_size=test_size, random_state=seed);GroupShuffleSplit(n_splits=1, test_size=0.2, random_state=run_seed);model.fit(X, y, sample_weight=sample_weight);StandardScaler().fit_transform(X);model.fit(X, y,                   sample_weight=sample_weight,                   eval_set=eval_set,                   ea;model.fit(X, y,                   sample_weight=sample_weight,                   eval_set=eval_set,                   ve;iso.fit_predict(X);nn.fit(Xs);mdl.fit(Xfit, yfit)"
083_pass_t_plus_1_cross_summary.txt,0.3354,083_experiment.py,Y,FIT_ON_FULL;KFOLD_TS;NEG_SHIFT,130;367;399;352;475;540;247;319;231;240;317;322;548,"merged_fm.groupby(PLATE_COL)[""warping_index""].shift(-1);GroupKFold(n_splits=3);GroupKFold(n_splits=3);cross_val_score(model, X, y, cv=5, scoring=""r2"", n_jobs=-1);GroupShuffleSplit(n_splits=1, test_size=test_size, random_state=seed);GroupShuffleSplit(n_splits=1, test_size=0.2, random_state=run_seed);model.fit(X, y, sample_weight=sample_weight);StandardScaler().fit_transform(X);model.fit(X, y,                   sample_weight=sample_weight,                   eval_set=eval_set,                   ea;model.fit(X, y,                   sample_weight=sample_weight,                   eval_set=eval_set,                   ve;iso.fit_predict(X);nn.fit(Xs);mdl.fit(Xfit, yfit)"
055_pass_t_plus_1_cross_summary.txt,0.3151,055_experiment.py,Y,FIT_ON_FULL;KFOLD_TS;NEG_SHIFT,129;366;398;351;474;539;246;318;230;239;316;321;547,"merged_fm.groupby(PLATE_COL)[""warping_index""].shift(-1);GroupKFold(n_splits=3);GroupKFold(n_splits=3);cross_val_score(model, X, y, cv=5, scoring=""r2"", n_jobs=-1);GroupShuffleSplit(n_splits=1, test_size=test_size, random_state=seed);GroupShuffleSplit(n_splits=1, test_size=0.2, random_state=run_seed);model.fit(X, y, sample_weight=sample_weight);StandardScaler().fit_transform(X);model.fit(X, y,                   sample_weight=sample_weight,                   eval_set=eval_set,                   ea;model.fit(X, y,                   sample_weight=sample_weight,                   eval_set=eval_set,                   ve;iso.fit_predict(X);nn.fit(Xs);mdl.fit(Xfit, yfit)"
056_pass_t_plus_1_cross_summary.txt,0.3151,056_experiment.py,Y,FIT_ON_FULL;KFOLD_TS;NEG_SHIFT,129;366;398;351;474;539;246;318;230;239;316;321;547,"merged_fm.groupby(PLATE_COL)[""warping_index""].shift(-1);GroupKFold(n_splits=3);GroupKFold(n_splits=3);cross_val_score(model, X, y, cv=5, scoring=""r2"", n_jobs=-1);GroupShuffleSplit(n_splits=1, test_size=test_size, random_state=seed);GroupShuffleSplit(n_splits=1, test_size=0.2, random_state=run_seed);model.fit(X, y, sample_weight=sample_weight);StandardScaler().fit_transform(X);model.fit(X, y,                   sample_weight=sample_weight,                   eval_set=eval_set,                   ea;model.fit(X, y,                   sample_weight=sample_weight,                   eval_set=eval_set,                   ve;iso.fit_predict(X);nn.fit(Xs);mdl.fit(Xfit, yfit)"
057_pass_t_plus_1_cross_summary.txt,0.3151,057_experiment.py,Y,FIT_ON_FULL;KFOLD_TS;NEG_SHIFT,129;366;398;351;474;539;246;318;230;239;316;321;547,"merged_fm.groupby(PLATE_COL)[""warping_index""].shift(-1);GroupKFold(n_splits=3);GroupKFold(n_splits=3);cross_val_score(model, X, y, cv=5, scoring=""r2"", n_jobs=-1);GroupShuffleSplit(n_splits=1, test_size=test_size, random_state=seed);GroupShuffleSplit(n_splits=1, test_size=0.2, random_state=run_seed);model.fit(X, y, sample_weight=sample_weight);StandardScaler().fit_transform(X);model.fit(X, y,                   sample_weight=sample_weight,                   eval_set=eval_set,                   ea;model.fit(X, y,                   sample_weight=sample_weight,                   eval_set=eval_set,                   ve;iso.fit_predict(X);nn.fit(Xs);mdl.fit(Xfit, yfit)"
058_pass_t_plus_1_cross_summary.txt,0.3151,058_experiment.py,Y,FIT_ON_FULL;KFOLD_TS;NEG_SHIFT,129;366;398;351;474;539;246;318;230;239;316;321;547,"merged_fm.groupby(PLATE_COL)[""warping_index""].shift(-1);GroupKFold(n_splits=3);GroupKFold(n_splits=3);cross_val_score(model, X, y, cv=5, scoring=""r2"", n_jobs=-1);GroupShuffleSplit(n_splits=1, test_size=test_size, random_state=seed);GroupShuffleSplit(n_splits=1, test_size=0.2, random_state=run_seed);model.fit(X, y, sample_weight=sample_weight);StandardScaler().fit_transform(X);model.fit(X, y,                   sample_weight=sample_weight,                   eval_set=eval_set,                   ea;model.fit(X, y,                   sample_weight=sample_weight,                   eval_set=eval_set,                   ve;iso.fit_predict(X);nn.fit(Xs);mdl.fit(Xfit, yfit)"
059_pass_t_plus_1_cross_summary.txt,0.3151,059_experiment.py,Y,FIT_ON_FULL;KFOLD_TS;NEG_SHIFT,129;366;398;351;474;539;246;318;230;239;316;321;547,"merged_fm.groupby(PLATE_COL)[""warping_index""].shift(-1);GroupKFold(n_splits=3);GroupKFold(n_splits=3);cross_val_score(model, X, y, cv=5, scoring=""r2"", n_jobs=-1);GroupShuffleSplit(n_splits=1, test_size=test_size, random_state=seed);GroupShuffleSplit(n_splits=1, test_size=0.2, random_state=run_seed);model.fit(X, y, sample_weight=sample_weight);StandardScaler().fit_transform(X);model.fit(X, y,                   sample_weight=sample_weight,                   eval_set=eval_set,                   ea;model.fit(X, y,                   sample_weight=sample_weight,                   eval_set=eval_set,                   ve;iso.fit_predict(X);nn.fit(Xs);mdl.fit(Xfit, yfit)"
060_pass_t_plus_1_cross_summary.txt,0.3151,060_experiment.py,Y,FIT_ON_FULL;KFOLD_TS;NEG_SHIFT,129;366;398;351;474;539;246;318;230;239;316;321;547,"merged_fm.groupby(PLATE_COL)[""warping_index""].shift(-1);GroupKFold(n_splits=3);GroupKFold(n_splits=3);cross_val_score(model, X, y, cv=5, scoring=""r2"", n_jobs=-1);GroupShuffleSplit(n_splits=1, test_size=test_size, random_state=seed);GroupShuffleSplit(n_splits=1, test_size=0.2, random_state=run_seed);model.fit(X, y, sample_weight=sample_weight);StandardScaler().fit_transform(X);model.fit(X, y,                   sample_weight=sample_weight,                   eval_set=eval_set,                   ea;model.fit(X, y,                   sample_weight=sample_weight,                   eval_set=eval_set,                   ve;iso.fit_predict(X);nn.fit(Xs);mdl.fit(Xfit, yfit)"
061_pass_t_plus_1_cross_summary.txt,0.3151,061_experiment.py,Y,FIT_ON_FULL;KFOLD_TS;NEG_SHIFT,129;366;398;351;474;539;246;318;230;239;316;321;547,"merged_fm.groupby(PLATE_COL)[""warping_index""].shift(-1);GroupKFold(n_splits=3);GroupKFold(n_splits=3);cross_val_score(model, X, y, cv=5, scoring=""r2"", n_jobs=-1);GroupShuffleSplit(n_splits=1, test_size=test_size, random_state=seed);GroupShuffleSplit(n_splits=1, test_size=0.2, random_state=run_seed);model.fit(X, y, sample_weight=sample_weight);StandardScaler().fit_transform(X);model.fit(X, y,                   sample_weight=sample_weight,                   eval_set=eval_set,                   ea;model.fit(X, y,                   sample_weight=sample_weight,                   eval_set=eval_set,                   ve;iso.fit_predict(X);nn.fit(Xs);mdl.fit(Xfit, yfit)"
073_pass_t_plus_1_cross_summary.txt,0.3151,073_experiment.py,Y,FIT_ON_FULL;KFOLD_TS;NEG_SHIFT,130;367;399;352;475;540;247;319;231;240;317;322;548,"merged_fm.groupby(PLATE_COL)[""warping_index""].shift(-1);GroupKFold(n_splits=3);GroupKFold(n_splits=3);cross_val_score(model, X, y, cv=5, scoring=""r2"", n_jobs=-1);GroupShuffleSplit(n_splits=1, test_size=test_size, random_state=seed);GroupShuffleSplit(n_splits=1, test_size=0.2, random_state=run_seed);model.fit(X, y, sample_weight=sample_weight);StandardScaler().fit_transform(X);model.fit(X, y,                   sample_weight=sample_weight,                   eval_set=eval_set,                   ea;model.fit(X, y,                   sample_weight=sample_weight,                   eval_set=eval_set,                   ve;iso.fit_predict(X);nn.fit(Xs);mdl.fit(Xfit, yfit)"
074_pass_t_plus_1_cross_summary.txt,0.3151,074_experiment.py,Y,FIT_ON_FULL;KFOLD_TS;NEG_SHIFT,130;367;399;352;475;540;247;319;231;240;317;322;548,"merged_fm.groupby(PLATE_COL)[""warping_index""].shift(-1);GroupKFold(n_splits=3);GroupKFold(n_splits=3);cross_val_score(model, X, y, cv=5, scoring=""r2"", n_jobs=-1);GroupShuffleSplit(n_splits=1, test_size=test_size, random_state=seed);GroupShuffleSplit(n_splits=1, test_size=0.2, random_state=run_seed);model.fit(X, y, sample_weight=sample_weight);StandardScaler().fit_transform(X);model.fit(X, y,                   sample_weight=sample_weight,                   eval_set=eval_set,                   ea;model.fit(X, y,                   sample_weight=sample_weight,                   eval_set=eval_set,                   ve;iso.fit_predict(X);nn.fit(Xs);mdl.fit(Xfit, yfit)"
075_pass_t_plus_1_cross_summary.txt,0.3151,075_experiment.py,Y,FIT_ON_FULL;KFOLD_TS;NEG_SHIFT,130;367;399;352;475;540;247;319;231;240;317;322;548,"merged_fm.groupby(PLATE_COL)[""warping_index""].shift(-1);GroupKFold(n_splits=3);GroupKFold(n_splits=3);cross_val_score(model, X, y, cv=5, scoring=""r2"", n_jobs=-1);GroupShuffleSplit(n_splits=1, test_size=test_size, random_state=seed);GroupShuffleSplit(n_splits=1, test_size=0.2, random_state=run_seed);model.fit(X, y, sample_weight=sample_weight);StandardScaler().fit_transform(X);model.fit(X, y,                   sample_weight=sample_weight,                   eval_set=eval_set,                   ea;model.fit(X, y,                   sample_weight=sample_weight,                   eval_set=eval_set,                   ve;iso.fit_predict(X);nn.fit(Xs);mdl.fit(Xfit, yfit)"
076_pass_t_plus_1_cross_summary.txt,0.3151,076_experiment.py,Y,FIT_ON_FULL;KFOLD_TS;NEG_SHIFT,130;367;399;352;475;540;247;319;231;240;317;322;548,"merged_fm.groupby(PLATE_COL)[""warping_index""].shift(-1);GroupKFold(n_splits=3);GroupKFold(n_splits=3);cross_val_score(model, X, y, cv=5, scoring=""r2"", n_jobs=-1);GroupShuffleSplit(n_splits=1, test_size=test_size, random_state=seed);GroupShuffleSplit(n_splits=1, test_size=0.2, random_state=run_seed);model.fit(X, y, sample_weight=sample_weight);StandardScaler().fit_transform(X);model.fit(X, y,                   sample_weight=sample_weight,                   eval_set=eval_set,                   ea;model.fit(X, y,                   sample_weight=sample_weight,                   eval_set=eval_set,                   ve;iso.fit_predict(X);nn.fit(Xs);mdl.fit(Xfit, yfit)"
077_pass_t_plus_1_cross_summary.txt,0.3151,077_experiment.py,Y,FIT_ON_FULL;KFOLD_TS;NEG_SHIFT,130;367;399;352;475;540;247;319;231;240;317;322;548,"merged_fm.groupby(PLATE_COL)[""warping_index""].shift(-1);GroupKFold(n_splits=3);GroupKFold(n_splits=3);cross_val_score(model, X, y, cv=5, scoring=""r2"", n_jobs=-1);GroupShuffleSplit(n_splits=1, test_size=test_size, random_state=seed);GroupShuffleSplit(n_splits=1, test_size=0.2, random_state=run_seed);model.fit(X, y, sample_weight=sample_weight);StandardScaler().fit_transform(X);model.fit(X, y,                   sample_weight=sample_weight,                   eval_set=eval_set,                   ea;model.fit(X, y,                   sample_weight=sample_weight,                   eval_set=eval_set,                   ve;iso.fit_predict(X);nn.fit(Xs);mdl.fit(Xfit, yfit)"
078_pass_t_plus_1_cross_summary.txt,0.3151,078_experiment.py,Y,FIT_ON_FULL;KFOLD_TS;NEG_SHIFT,130;367;399;352;475;540;247;319;231;240;317;322;548,"merged_fm.groupby(PLATE_COL)[""warping_index""].shift(-1);GroupKFold(n_splits=3);GroupKFold(n_splits=3);cross_val_score(model, X, y, cv=5, scoring=""r2"", n_jobs=-1);GroupShuffleSplit(n_splits=1, test_size=test_size, random_state=seed);GroupShuffleSplit(n_splits=1, test_size=0.2, random_state=run_seed);model.fit(X, y, sample_weight=sample_weight);StandardScaler().fit_transform(X);model.fit(X, y,                   sample_weight=sample_weight,                   eval_set=eval_set,                   ea;model.fit(X, y,                   sample_weight=sample_weight,                   eval_set=eval_set,                   ve;iso.fit_predict(X);nn.fit(Xs);mdl.fit(Xfit, yfit)"
079_pass_t_plus_1_cross_summary.txt,0.3151,079_experiment.py,Y,FIT_ON_FULL;KFOLD_TS;NEG_SHIFT,130;367;399;352;475;540;247;319;231;240;317;322;548,"merged_fm.groupby(PLATE_COL)[""warping_index""].shift(-1);GroupKFold(n_splits=3);GroupKFold(n_splits=3);cross_val_score(model, X, y, cv=5, scoring=""r2"", n_jobs=-1);GroupShuffleSplit(n_splits=1, test_size=test_size, random_state=seed);GroupShuffleSplit(n_splits=1, test_size=0.2, random_state=run_seed);model.fit(X, y, sample_weight=sample_weight);StandardScaler().fit_transform(X);model.fit(X, y,                   sample_weight=sample_weight,                   eval_set=eval_set,                   ea;model.fit(X, y,                   sample_weight=sample_weight,                   eval_set=eval_set,                   ve;iso.fit_predict(X);nn.fit(Xs);mdl.fit(Xfit, yfit)"
080_pass_t_plus_1_cross_summary.txt,0.3151,080_experiment.py,Y,FIT_ON_FULL;KFOLD_TS;NEG_SHIFT,130;367;399;352;475;540;247;319;231;240;317;322;548,"merged_fm.groupby(PLATE_COL)[""warping_index""].shift(-1);GroupKFold(n_splits=3);GroupKFold(n_splits=3);cross_val_score(model, X, y, cv=5, scoring=""r2"", n_jobs=-1);GroupShuffleSplit(n_splits=1, test_size=test_size, random_state=seed);GroupShuffleSplit(n_splits=1, test_size=0.2, random_state=run_seed);model.fit(X, y, sample_weight=sample_weight);StandardScaler().fit_transform(X);model.fit(X, y,                   sample_weight=sample_weight,                   eval_set=eval_set,                   ea;model.fit(X, y,                   sample_weight=sample_weight,                   eval_set=eval_set,                   ve;iso.fit_predict(X);nn.fit(Xs);mdl.fit(Xfit, yfit)"
081_pass_t_plus_1_cross_summary.txt,0.3151,081_experiment.py,Y,FIT_ON_FULL;KFOLD_TS;NEG_SHIFT,130;367;399;352;475;540;247;319;231;240;317;322;548,"merged_fm.groupby(PLATE_COL)[""warping_index""].shift(-1);GroupKFold(n_splits=3);GroupKFold(n_splits=3);cross_val_score(model, X, y, cv=5, scoring=""r2"", n_jobs=-1);GroupShuffleSplit(n_splits=1, test_size=test_size, random_state=seed);GroupShuffleSplit(n_splits=1, test_size=0.2, random_state=run_seed);model.fit(X, y, sample_weight=sample_weight);StandardScaler().fit_transform(X);model.fit(X, y,                   sample_weight=sample_weight,                   eval_set=eval_set,                   ea;model.fit(X, y,                   sample_weight=sample_weight,                   eval_set=eval_set,                   ve;iso.fit_predict(X);nn.fit(Xs);mdl.fit(Xfit, yfit)"
082_pass_t_plus_1_cross_summary.txt,0.3151,082_experiment.py,Y,FIT_ON_FULL;KFOLD_TS;NEG_SHIFT,130;367;399;352;475;540;247;319;231;240;317;322;548,"merged_fm.groupby(PLATE_COL)[""warping_index""].shift(-1);GroupKFold(n_splits=3);GroupKFold(n_splits=3);cross_val_score(model, X, y, cv=5, scoring=""r2"", n_jobs=-1);GroupShuffleSplit(n_splits=1, test_size=test_size, random_state=seed);GroupShuffleSplit(n_splits=1, test_size=0.2, random_state=run_seed);model.fit(X, y, sample_weight=sample_weight);StandardScaler().fit_transform(X);model.fit(X, y,                   sample_weight=sample_weight,                   eval_set=eval_set,                   ea;model.fit(X, y,                   sample_weight=sample_weight,                   eval_set=eval_set,                   ve;iso.fit_predict(X);nn.fit(Xs);mdl.fit(Xfit, yfit)"
017_r2_uplift_final_v2_S0+PN1_summary.txt,0.3092,017_test.py,Y,FIT_ON_FULL;KFOLD_TS;NEG_SHIFT,181;325;363;384;416;429;479;358;374;534;529,"merged_fm.groupby(PLATE_COL)[""warping_index""].shift(-1);GroupKFold(n_splits=CV_FOLDS);GroupKFold(n_splits=CV_FOLDS);GroupKFold(n_splits=CV_FOLDS);GroupShuffleSplit(n_splits=1, test_size=TEST_SIZE, random_state=SEED);GroupShuffleSplit(n_splits=1, test_size=TEST_SIZE, random_state=seed);GroupKFold(n_splits=CV_FOLDS);clf.fit(X.values, y);clf.fit(Xcat.values, yclf);mdl.fit(Xtr, ytr, sample_weight=sample_weight);m.fit(Xtr, ytr, sample_weight=sample_weight)",017_test_no_op.py,Y,FIT_ON_FULL;KFOLD_TS;NEG_SHIFT,178;286;314;335;364;377;325;434;429,"merged_fm.groupby(PLATE_COL)[""warping_index""].shift(-1);GroupKFold(n_splits=CV_FOLDS);GroupKFold(n_splits=CV_FOLDS);GroupKFold(n_splits=CV_FOLDS);GroupShuffleSplit(n_splits=1, test_size=TEST_SIZE, random_state=SEED);GroupShuffleSplit(n_splits=1, test_size=TEST_SIZE, random_state=seed);clf.fit(Xcat.values, yclf);mdl.fit(Xtr, ytr, sample_weight=sample_weight);m.fit(Xtr, ytr, sample_weight=sample_weight)"
032_pass_t_plus_1_cross_summary.txt,0.2937,032_experiment.py,Y,FIT_ON_FULL;KFOLD_TS;NEG_SHIFT,126;234;348;420;199;197;202;430;426;428,"merged_fm.groupby(PLATE_COL)[""warping_index""].shift(-1);cross_val_score(model, X, y, cv=5, scoring=""r2"", n_jobs=-1);GroupShuffleSplit(n_splits=1, test_size=test_size, random_state=seed);GroupShuffleSplit(n_splits=1, test_size=0.2, random_state=seed);StandardScaler().fit_transform(X);iso.fit_predict(X);nn.fit(Xs);model.fit(Xfit, yfit);model.fit(Xfit, yfit, eval_set=[(Xval, yval)], early_stopping_rounds=50, verbose=False);model.fit(Xfit, yfit)",032_test.py,Y,FIT_ON_FULL;KFOLD_TS;NEG_SHIFT,216;220;351;375;395;690;441;455;625;628;561;386;668;669;671;672;699;878;881;539;659;661;695;700;743;550;646;648;696;744,"merged.groupby(PLATE_COL)[""warping_index""].shift(-1);merged.groupby(PLATE_COL)[PASS_COL].shift(-1);GroupKFold(n_splits=CV_FOLDS);GroupKFold(n_splits=CV_FOLDS);GroupKFold(n_splits=CV_FOLDS);GroupKFold(n_splits=CV_FOLDS);GroupShuffleSplit(n_splits=1, test_size=TEST_SIZE, random_state=SEED);GroupShuffleSplit(n_splits=1, test_size=TEST_SIZE, random_state=seed);GroupShuffleSplit(n_splits=1, test_size=0.2, random_state=SEED);GroupShuffleSplit(n_splits=1, test_size=0.2, random_state=SEED);model.fit(Xfit, yfit, **fit_kwargs);clf.fit(Xcat.values, yclf);m.fit(Xfit, yfit);m.fit(Xtr, ytr);m.fit(Xfit, yfit, sample_weight=sw_fit);m.fit(Xtr, ytr, sample_weight=sample_weight);mf.fit(X, y, eval_set=[(X, y)], early_stopping_rounds=10, verbose=False);m.fit(Xtr, ytr);m.fit(Xtr, ytr);model.fit(Xfit, yfit, **fit_kwargs);m_final.fit(Xtr, ytr);m_final.fit(Xtr, ytr, sample_weight=sample_weight);m.fit(X[tr_i], y[tr_i], eval_set=[(X[va_i], y[va_i])], early_stopping_rounds=50, verbose=False);mf.fit(X, y);mf_rep.fit(Xtr, y_tr, eval_set=[(Xtr, y_tr)], early_stopping_rounds=10, verbose=False);model.fit(Xfit, yfit, **fit_kwargs);m.fit(Xfit, yfit);m.fit(Xfit, yfit, sample_weight=sw_fit);m.fit(X[tr_i], y[tr_i]);mf_rep.fit(Xtr, y_tr)"
118_test_no_op_summary.txt,0.2623,118_test.py,Y,FIT_ON_FULL;KFOLD_TS;NEG_SHIFT,175;321;372;410;552;139;141,"df.groupby(PLATE_COL)[""warping_index""].shift(-1);GroupKFold(n_splits=min(5, tr[PLATE_COL].nunique()));GroupShuffleSplit(n_splits=1, test_size=test_size, random_state=SEED);selector.fit(Xtr.values, ytr);selector.fit(Xtr.values, ytr_perm);model.fit(X, y, sample_weight=sample_weight);model.fit(X, y)",118_test_no_op.py,Y,GLOBAL_SHUFFLE;KFOLD_TS;NEG_SHIFT,184;259;285;302;361;192,"merged_fm.groupby(PLATE_COL)[""warping_index""].shift(-1);GroupKFold(n_splits=n_splits);GroupKFold(n_splits=5);GroupKFold(n_splits=n_splits);GroupShuffleSplit(n_splits=1, test_size=test_size, random_state=seed);merged_fm[TARGET_COL].sample(frac=1.0, random_state=42)"
091_pass_t_plus_1_cross_summary.txt,0.2576,091_experiment.py,Y,FIT_ON_FULL;KFOLD_TS;NEG_SHIFT,372;599;641;662;707;730;777;838;939;466;450;459;946;948;514;517;519,"merged_fm.groupby(PLATE_COL)[""warping_index""].shift(-1);GroupKFold(n_splits=5);GroupKFold(n_splits=n_splits);GroupKFold(n_splits=n_splits);GroupKFold(n_splits=3);GroupKFold(n_splits=3);GroupKFold(n_splits=3);GroupShuffleSplit(n_splits=1, test_size=0.2, random_state=seed);GroupShuffleSplit(n_splits=1, test_size=0.2, random_state=seed);model.fit(X, y, sample_weight=sample_weight);model.fit(X, y,                   sample_weight=sample_weight,                   eval_set=eval_set,                   ea;model.fit(X, y,                   sample_weight=sample_weight,                   eval_set=eval_set,                   ve;model.fit(Xfit, yfit, sample_weight=sw_fit);model.fit(Xfit, yfit);model.fit(Xfit, yfit, sample_weight=sample_weight,                       eval_set=[(Xval, yval)], early_stopping_rounds=;model.fit(Xfit, yfit, sample_weight=sample_weight);model.fit(Xfit, yfit, sample_weight=sample_weight)",091_test.py,Y,FIT_ON_FULL;KFOLD_TS;NEG_SHIFT,126;236;260;387;434;336;445;401;396;399,"merged.groupby(PLATE_COL)[""warping_index""].shift(-1);GroupKFold(n_splits=CV_FOLDS);GroupKFold(n_splits=CV_FOLDS);GroupShuffleSplit(n_splits=1, test_size=0.2, random_state=SEED);GroupShuffleSplit(n_splits=1, test_size=TEST_SIZE, random_state=SEED);GroupShuffleSplit(n_splits=1, test_size=TEST_SIZE, random_state=SEED);m.fit(Xall.iloc[tr_i].values, y_perm[tr_i]);model.fit(Xfit, yfit, sample_weight=sw_fit);model.fit(Xfit, yfit, sample_weight=sw_fit, eval_set=[(Xval, yval)],                       early_stopping_rounds=50, ver;model.fit(Xfit, yfit, sample_weight=sw_fit)"
095_test_summary.txt,0.2552,095_experiment.py,Y,GLOBAL_SHUFFLE;KFOLD_TS;NEG_SHIFT,190;265;293;309;379;198,"merged_fm.groupby(PLATE_COL)[""warping_index""].shift(-1);GroupKFold(n_splits=n_splits);GroupKFold(n_splits=5);GroupKFold(n_splits=n_splits);GroupShuffleSplit(n_splits=1, test_size=test_size, random_state=seed);merged_fm[TARGET_COL].sample(frac=1.0, random_state=42)",095_test.py,Y,FIT_ON_FULL;KFOLD_TS;NEG_SHIFT,158;279;358;438;440,"merged_fm.groupby(PLATE_COL)[""warping_index""].shift(-1);GroupKFold(n_splits=min(5, len(np.unique(groups))) if len(np.unique(groups)) >= 3 else 3);GroupShuffleSplit(n_splits=1, test_size=0.2, random_state=SEED);model.fit(Xtr2, ytr, sample_weight=sample_weight);model.fit(Xtr2, ytr)"
094_test_no_op_summary.txt,0.253,094_experiment.py,Y,GLOBAL_SHUFFLE;KFOLD_TS;NEG_SHIFT,156;231;252;270;332;164,"merged_fm.groupby(PLATE_COL)[""warping_index""].shift(-1);GroupKFold(n_splits=n_splits);GroupKFold(n_splits=5);GroupKFold(n_splits=n_splits);GroupShuffleSplit(n_splits=1, test_size=test_size, random_state=seed);merged_fm[TARGET_COL].sample(frac=1.0, random_state=42)"
114_test_no_op_summary.txt,0.253,114_test_no_op.py,Y,GLOBAL_SHUFFLE;KFOLD_TS;NEG_SHIFT,156;231;252;270;332;164,"merged_fm.groupby(PLATE_COL)[""warping_index""].shift(-1);GroupKFold(n_splits=n_splits);GroupKFold(n_splits=5);GroupKFold(n_splits=n_splits);GroupShuffleSplit(n_splits=1, test_size=test_size, random_state=seed);merged_fm[TARGET_COL].sample(frac=1.0, random_state=42)"
115_test_no_op_summary.txt,0.253,115_test_no_op.py,Y,GLOBAL_SHUFFLE;KFOLD_TS;NEG_SHIFT,156;231;252;270;332;164,"merged_fm.groupby(PLATE_COL)[""warping_index""].shift(-1);GroupKFold(n_splits=n_splits);GroupKFold(n_splits=5);GroupKFold(n_splits=n_splits);GroupShuffleSplit(n_splits=1, test_size=test_size, random_state=seed);merged_fm[TARGET_COL].sample(frac=1.0, random_state=42)"
116_test_no_op_summary.txt,0.253,116_test_no_op.py,Y,GLOBAL_SHUFFLE;KFOLD_TS;NEG_SHIFT,156;231;252;270;332;164,"merged_fm.groupby(PLATE_COL)[""warping_index""].shift(-1);GroupKFold(n_splits=n_splits);GroupKFold(n_splits=5);GroupKFold(n_splits=n_splits);GroupShuffleSplit(n_splits=1, test_size=test_size, random_state=seed);merged_fm[TARGET_COL].sample(frac=1.0, random_state=42)"
117_test_no_op_summary.txt,0.253,117_test_no_op.py,Y,GLOBAL_SHUFFLE;KFOLD_TS;NEG_SHIFT,156;231;252;270;332;164,"merged_fm.groupby(PLATE_COL)[""warping_index""].shift(-1);GroupKFold(n_splits=n_splits);GroupKFold(n_splits=5);GroupKFold(n_splits=n_splits);GroupShuffleSplit(n_splits=1, test_size=test_size, random_state=seed);merged_fm[TARGET_COL].sample(frac=1.0, random_state=42)"
103_test_no_op_summary.txt,0.2529,103_test.py,Y,FIT_ON_FULL;KFOLD_TS;NEG_SHIFT,169;305;349;384;543,"df.groupby(PLATE_COL)[""warping_index""].shift(-1);GroupKFold(n_splits=min(5, tr[PLATE_COL].nunique()));GroupShuffleSplit(n_splits=1, test_size=0.2, random_state=SEED);selector.fit(Xtr.values, ytr);selector.fit(Xtr.values, ytr_perm)",103_test_no_op.py,Y,GLOBAL_SHUFFLE;KFOLD_TS;NEG_SHIFT,156;231;252;270;332;164,"merged_fm.groupby(PLATE_COL)[""warping_index""].shift(-1);GroupKFold(n_splits=n_splits);GroupKFold(n_splits=5);GroupKFold(n_splits=n_splits);GroupShuffleSplit(n_splits=1, test_size=test_size, random_state=seed);merged_fm[TARGET_COL].sample(frac=1.0, random_state=42)"
104_test_no_op_summary.txt,0.2529,104_test.py,Y,FIT_ON_FULL;KFOLD_TS;NEG_SHIFT,169;305;349;384;543,"df.groupby(PLATE_COL)[""warping_index""].shift(-1);GroupKFold(n_splits=min(5, tr[PLATE_COL].nunique()));GroupShuffleSplit(n_splits=1, test_size=0.2, random_state=SEED);selector.fit(Xtr.values, ytr);selector.fit(Xtr.values, ytr_perm)",104_test_no_op.py,Y,GLOBAL_SHUFFLE;KFOLD_TS;NEG_SHIFT,156;231;252;270;332;164,"merged_fm.groupby(PLATE_COL)[""warping_index""].shift(-1);GroupKFold(n_splits=n_splits);GroupKFold(n_splits=5);GroupKFold(n_splits=n_splits);GroupShuffleSplit(n_splits=1, test_size=test_size, random_state=seed);merged_fm[TARGET_COL].sample(frac=1.0, random_state=42)"
105_test_no_op_summary.txt,0.2529,105_test.py,Y,FIT_ON_FULL;KFOLD_TS;NEG_SHIFT,169;305;349;384;543,"df.groupby(PLATE_COL)[""warping_index""].shift(-1);GroupKFold(n_splits=min(5, tr[PLATE_COL].nunique()));GroupShuffleSplit(n_splits=1, test_size=0.2, random_state=SEED);selector.fit(Xtr.values, ytr);selector.fit(Xtr.values, ytr_perm)",105_test_no_op.py,Y,GLOBAL_SHUFFLE;KFOLD_TS;NEG_SHIFT,156;231;252;270;332;164,"merged_fm.groupby(PLATE_COL)[""warping_index""].shift(-1);GroupKFold(n_splits=n_splits);GroupKFold(n_splits=5);GroupKFold(n_splits=n_splits);GroupShuffleSplit(n_splits=1, test_size=test_size, random_state=seed);merged_fm[TARGET_COL].sample(frac=1.0, random_state=42)"
106_test_no_op_summary.txt,0.2529,106_test.py,Y,FIT_ON_FULL;KFOLD_TS;NEG_SHIFT,169;305;349;384;543,"df.groupby(PLATE_COL)[""warping_index""].shift(-1);GroupKFold(n_splits=min(5, tr[PLATE_COL].nunique()));GroupShuffleSplit(n_splits=1, test_size=0.2, random_state=SEED);selector.fit(Xtr.values, ytr);selector.fit(Xtr.values, ytr_perm)",106_test_no_op.py,Y,GLOBAL_SHUFFLE;KFOLD_TS;NEG_SHIFT,156;231;252;270;332;164,"merged_fm.groupby(PLATE_COL)[""warping_index""].shift(-1);GroupKFold(n_splits=n_splits);GroupKFold(n_splits=5);GroupKFold(n_splits=n_splits);GroupShuffleSplit(n_splits=1, test_size=test_size, random_state=seed);merged_fm[TARGET_COL].sample(frac=1.0, random_state=42)"
107_test_no_op_summary.txt,0.2529,107_test_no_op.py,Y,GLOBAL_SHUFFLE;KFOLD_TS;NEG_SHIFT,156;231;252;270;332;164,"merged_fm.groupby(PLATE_COL)[""warping_index""].shift(-1);GroupKFold(n_splits=n_splits);GroupKFold(n_splits=5);GroupKFold(n_splits=n_splits);GroupShuffleSplit(n_splits=1, test_size=test_size, random_state=seed);merged_fm[TARGET_COL].sample(frac=1.0, random_state=42)"
108_test_no_op_summary.txt,0.2529,108_test_no_op.py,Y,GLOBAL_SHUFFLE;KFOLD_TS;NEG_SHIFT,156;231;252;270;332;164,"merged_fm.groupby(PLATE_COL)[""warping_index""].shift(-1);GroupKFold(n_splits=n_splits);GroupKFold(n_splits=5);GroupKFold(n_splits=n_splits);GroupShuffleSplit(n_splits=1, test_size=test_size, random_state=seed);merged_fm[TARGET_COL].sample(frac=1.0, random_state=42)"
109_test_no_op_summary.txt,0.2529,109_test_no_op.py,Y,GLOBAL_SHUFFLE;KFOLD_TS;NEG_SHIFT,156;231;252;270;332;164,"merged_fm.groupby(PLATE_COL)[""warping_index""].shift(-1);GroupKFold(n_splits=n_splits);GroupKFold(n_splits=5);GroupKFold(n_splits=n_splits);GroupShuffleSplit(n_splits=1, test_size=test_size, random_state=seed);merged_fm[TARGET_COL].sample(frac=1.0, random_state=42)"
110_test_no_op_summary.txt,0.2529,110_test_no_op.py,Y,GLOBAL_SHUFFLE;KFOLD_TS;NEG_SHIFT,156;231;252;270;332;164,"merged_fm.groupby(PLATE_COL)[""warping_index""].shift(-1);GroupKFold(n_splits=n_splits);GroupKFold(n_splits=5);GroupKFold(n_splits=n_splits);GroupShuffleSplit(n_splits=1, test_size=test_size, random_state=seed);merged_fm[TARGET_COL].sample(frac=1.0, random_state=42)"
111_test_no_op_summary.txt,0.2529,111_test_no_op.py,Y,GLOBAL_SHUFFLE;KFOLD_TS;NEG_SHIFT,156;231;252;270;332;164,"merged_fm.groupby(PLATE_COL)[""warping_index""].shift(-1);GroupKFold(n_splits=n_splits);GroupKFold(n_splits=5);GroupKFold(n_splits=n_splits);GroupShuffleSplit(n_splits=1, test_size=test_size, random_state=seed);merged_fm[TARGET_COL].sample(frac=1.0, random_state=42)"
112_test_no_op_summary.txt,0.2529,112_test_no_op.py,Y,GLOBAL_SHUFFLE;KFOLD_TS;NEG_SHIFT,156;231;252;270;332;164,"merged_fm.groupby(PLATE_COL)[""warping_index""].shift(-1);GroupKFold(n_splits=n_splits);GroupKFold(n_splits=5);GroupKFold(n_splits=n_splits);GroupShuffleSplit(n_splits=1, test_size=test_size, random_state=seed);merged_fm[TARGET_COL].sample(frac=1.0, random_state=42)"
113_test_no_op_summary.txt,0.2529,113_test_no_op.py,Y,GLOBAL_SHUFFLE;KFOLD_TS;NEG_SHIFT,156;231;252;270;332;164,"merged_fm.groupby(PLATE_COL)[""warping_index""].shift(-1);GroupKFold(n_splits=n_splits);GroupKFold(n_splits=5);GroupKFold(n_splits=n_splits);GroupShuffleSplit(n_splits=1, test_size=test_size, random_state=seed);merged_fm[TARGET_COL].sample(frac=1.0, random_state=42)"
250_test_summary.txt,0.2513,250_test.py,Y,FIT_ON_FULL;KFOLD_TS;NEG_SHIFT,235;447;473;508;385;199;186;189;196,"df.groupby(PLATE_COL)[""warping_index""].shift(-1);GroupKFold(n_splits=min(n_splits, np.unique(groups).size));GroupKFold(n_splits=min(CV_SPLITS, np.unique(groups).size));GroupShuffleSplit(n_splits=1, test_size=test_size, random_state=SEED);GroupKFold(n_splits=min(5, n_groups));model.fit(X, y);model.fit(X, y);model.fit(X, y, sample_weight=sample_weight);model.fit(X, y, **{f""{last_name}__sample_weight"": sample_weight})"
023_r2_grid_11_on_S0+X2E_RES_summary.txt,0.2469,023_test_no_op.py,Y,FIT_ON_FULL;KFOLD_TS;NEG_SHIFT,213;215;353;378;398;596;439;453;543;546;389;578;606;825;830;572;601;607;661;565;576;602;662;559;563,"merged.groupby(PLATE_COL)[""warping_index""].shift(-1);merged.groupby(PLATE_COL)[PASS_COL].shift(-1);GroupKFold(n_splits=CV_FOLDS);GroupKFold(n_splits=CV_FOLDS);GroupKFold(n_splits=CV_FOLDS);GroupKFold(n_splits=CV_FOLDS);GroupShuffleSplit(n_splits=1, test_size=TEST_SIZE, random_state=SEED);GroupShuffleSplit(n_splits=1, test_size=TEST_SIZE, random_state=seed);GroupShuffleSplit(n_splits=1, test_size=0.2, random_state=SEED);GroupShuffleSplit(n_splits=1, test_size=0.2, random_state=SEED);clf.fit(Xcat.values, yclf);m.fit(Xfit, yfit, sample_weight=sw_fit);mf.fit(X, y, eval_set=[(X, y)], early_stopping_rounds=10, verbose=False);m.fit(Xtr, ytr);m.fit(Xtr, ytr);m.fit(Xfit, yfit, sample_weight=sw_fit,                   eval_set=[(Xval, yval)],                   early_stopping_roun;m.fit(X[tr_i], y[tr_i], eval_set=[(X[va_i], y[va_i])], early_stopping_rounds=50, verbose=False);mf.fit(X, y);mf_rep.fit(Xtr, y_tr, eval_set=[(Xtr, y_tr)], early_stopping_rounds=10, verbose=False);m.fit(Xfit, yfit, sample_weight=sw_fit);m.fit(Xfit, yfit, sample_weight=sw_fit);m.fit(X[tr_i], y[tr_i]);mf_rep.fit(Xtr, y_tr);m.fit(Xfit, yfit, sample_weight=sw_fit,                           eval_set=[(Xval, yval)],                           ear;m.fit(Xfit, yfit, sample_weight=sw_fit)"
001_pass_t_plus_2_summary.txt,0.2416,001_pass_t_plus_2_pipeline.py,Y,FIT_ON_FULL;KFOLD_TS;NEG_SHIFT,143;348;314;398;250;252;245,"merged_fm.groupby(""FM_날판번호"")[""warping_index""].shift(-2);GroupShuffleSplit(n_splits=1, test_size=0.2, random_state=seed);cross_val_score(model, X, y, cv=5, scoring=""r2"", n_jobs=-1);cross_val_score(model, X_train, y_train, cv=3, scoring=""r2"", n_jobs=1);scaler.fit_transform(X);nn.fit(X_scaled);iso.fit_predict(X)"
085_pass_t_plus_1_cross_summary.txt,0.2313,085_experiment.py,Y,FIT_ON_FULL;KFOLD_TS;NEG_SHIFT,340;632;655;702;748;593;596;800;434;418;427;559;482;485;487;806;809,"merged_fm.groupby(PLATE_COL)[""warping_index""].shift(-1);GroupKFold(n_splits=3);GroupKFold(n_splits=3);GroupKFold(n_splits=3);GroupShuffleSplit(n_splits=1, test_size=test_size, random_state=seed);GroupKFold(n_splits=n_splits);KFold(n_splits=5, shuffle=True, random_state=42);GroupShuffleSplit(n_splits=1, test_size=0.2, random_state=seed);model.fit(X, y, sample_weight=sample_weight);model.fit(X, y,                   sample_weight=sample_weight,                   eval_set=eval_set,                   ea;model.fit(X, y,                   sample_weight=sample_weight,                   eval_set=eval_set,                   ve;iso.fit_predict(X);model.fit(Xfit, yfit, sample_weight=sample_weight,                       eval_set=[(Xval, yval)], early_stopping_rounds=;model.fit(Xfit, yfit, sample_weight=sample_weight);model.fit(Xfit, yfit, sample_weight=sample_weight);model.fit(Xfit, yfit, eval_set=[(Xval, yval)], early_stopping_rounds=50, verbose=False);model.fit(Xfit, yfit)"
086_pass_t_plus_1_cross_summary.txt,0.2313,086_experiment.py,Y,FIT_ON_FULL;KFOLD_TS;NEG_SHIFT,340;572;623;646;693;739;791;434;418;427;559;482;485;487;797;800,"merged_fm.groupby(PLATE_COL)[""warping_index""].shift(-1);GroupKFold(n_splits=5);GroupKFold(n_splits=3);GroupKFold(n_splits=3);GroupKFold(n_splits=3);GroupShuffleSplit(n_splits=1, test_size=test_size, random_state=seed);GroupShuffleSplit(n_splits=1, test_size=0.2, random_state=seed);model.fit(X, y, sample_weight=sample_weight);model.fit(X, y,                   sample_weight=sample_weight,                   eval_set=eval_set,                   ea;model.fit(X, y,                   sample_weight=sample_weight,                   eval_set=eval_set,                   ve;iso.fit_predict(X);model.fit(Xfit, yfit, sample_weight=sample_weight,                       eval_set=[(Xval, yval)], early_stopping_rounds=;model.fit(Xfit, yfit, sample_weight=sample_weight);model.fit(Xfit, yfit, sample_weight=sample_weight);model.fit(Xfit, yfit, eval_set=[(Xval, yval)], early_stopping_rounds=50, verbose=False);model.fit(Xfit, yfit)",086_test.py,Y,FIT_ON_FULL;KFOLD_TS;NEG_SHIFT,115;119;202;229;303;500;504;413;415,"merged.groupby(PLATE_COL)[""warping_index""].shift(-1);merged.groupby(PLATE_COL)[PASS_COL].shift(-1);GroupKFold(n_splits=3);GroupKFold(n_splits=3);GroupShuffleSplit(n_splits=1, test_size=test_size, random_state=seed);SimpleKBest(k=min(60, Xtr.shape[1]), mandatory=[c for c in [CUR_WARP] if c in Xtr.columns]).fit(Xtr, ytr);mdl.fit(Xt, ytr);model.fit(Xtr, ytr, sample_weight=sample_weight);model.fit(Xtr, ytr)"
087_pass_t_plus_1_cross_summary.txt,0.2313,087_experiment.py,Y,FIT_ON_FULL;KFOLD_TS;NEG_SHIFT,340;572;623;646;693;739;791;434;418;427;559;482;485;487;797;800,"merged_fm.groupby(PLATE_COL)[""warping_index""].shift(-1);GroupKFold(n_splits=5);GroupKFold(n_splits=3);GroupKFold(n_splits=3);GroupKFold(n_splits=3);GroupShuffleSplit(n_splits=1, test_size=test_size, random_state=seed);GroupShuffleSplit(n_splits=1, test_size=0.2, random_state=seed);model.fit(X, y, sample_weight=sample_weight);model.fit(X, y,                   sample_weight=sample_weight,                   eval_set=eval_set,                   ea;model.fit(X, y,                   sample_weight=sample_weight,                   eval_set=eval_set,                   ve;iso.fit_predict(X);model.fit(Xfit, yfit, sample_weight=sample_weight,                       eval_set=[(Xval, yval)], early_stopping_rounds=;model.fit(Xfit, yfit, sample_weight=sample_weight);model.fit(Xfit, yfit, sample_weight=sample_weight);model.fit(Xfit, yfit, eval_set=[(Xval, yval)], early_stopping_rounds=50, verbose=False);model.fit(Xfit, yfit)"
088_pass_t_plus_1_cross_summary.txt,0.2313,088_experiment.py,Y,FIT_ON_FULL;KFOLD_TS;NEG_SHIFT,340;572;623;646;693;739;791;434;418;427;559;482;485;487;797;800,"merged_fm.groupby(PLATE_COL)[""warping_index""].shift(-1);GroupKFold(n_splits=5);GroupKFold(n_splits=3);GroupKFold(n_splits=3);GroupKFold(n_splits=3);GroupShuffleSplit(n_splits=1, test_size=test_size, random_state=seed);GroupShuffleSplit(n_splits=1, test_size=0.2, random_state=seed);model.fit(X, y, sample_weight=sample_weight);model.fit(X, y,                   sample_weight=sample_weight,                   eval_set=eval_set,                   ea;model.fit(X, y,                   sample_weight=sample_weight,                   eval_set=eval_set,                   ve;iso.fit_predict(X);model.fit(Xfit, yfit, sample_weight=sample_weight,                       eval_set=[(Xval, yval)], early_stopping_rounds=;model.fit(Xfit, yfit, sample_weight=sample_weight);model.fit(Xfit, yfit, sample_weight=sample_weight);model.fit(Xfit, yfit, eval_set=[(Xval, yval)], early_stopping_rounds=50, verbose=False);model.fit(Xfit, yfit)"
322_test_summary.txt,0.23,322_test.py,Y,FIT_ON_FULL;KFOLD_TS;NEG_SHIFT,194;378;429;462;350;417;407;409;590;390;415,"df.groupby(PLATE_COL)[""warping_index""].shift(-1);GroupKFold(n_splits=min(3, len(np.unique(groups))));GroupKFold(n_splits=min(5, len(np.unique(groups))));GroupShuffleSplit(n_splits=1, test_size=test_size, random_state=SEED);SelectKBest(score_func=f_regression, k=k).fit(Xtr.values, ytr);model.fit(X, y);model.fit(X, y);model.fit(X, y, sample_weight=sample_weight);_y_scale_fit(ytr, Y_SCALE_MODE);mdl.fit(Xs[tr_i], ytr[tr_i]);model.fit(X, y, **{f""{last_name}__sample_weight"": sample_weight})"
236_test_no_op_summary.txt,0.2236,236_test_no_op.py,Y,GLOBAL_SHUFFLE;KFOLD_TS;NEG_SHIFT,156;234;295;164,"merged_fm.groupby(PLATE_COL)[""warping_index""].shift(-1);GroupKFold(n_splits=n_splits);GroupShuffleSplit(n_splits=1, test_size=test_size, random_state=seed);merged_fm[TARGET_COL].sample(frac=1.0, random_state=42)"
226_test_no_op_summary.txt,0.2234,226_test_no_op.py,Y,GLOBAL_SHUFFLE;KFOLD_TS;NEG_SHIFT,156;234;295;164,"merged_fm.groupby(PLATE_COL)[""warping_index""].shift(-1);GroupKFold(n_splits=n_splits);GroupShuffleSplit(n_splits=1, test_size=test_size, random_state=seed);merged_fm[TARGET_COL].sample(frac=1.0, random_state=42)"
324_test_summary.txt,0.2226,324_test.py,Y,FIT_ON_FULL;KFOLD_TS;NEG_SHIFT,194;378;429;462;350;417;407;409;590;390;415,"df.groupby(PLATE_COL)[""warping_index""].shift(-1);GroupKFold(n_splits=min(3, len(np.unique(groups))));GroupKFold(n_splits=min(5, len(np.unique(groups))));GroupShuffleSplit(n_splits=1, test_size=test_size, random_state=SEED);SelectKBest(score_func=f_regression, k=k).fit(Xtr.values, ytr);model.fit(X, y);model.fit(X, y);model.fit(X, y, sample_weight=sample_weight);_y_scale_fit(ytr, Y_SCALE_MODE);mdl.fit(Xs[tr_i], ytr[tr_i]);model.fit(X, y, **{f""{last_name}__sample_weight"": sample_weight})"
093_test_summary.txt,0.2209,093_test.py,Y,FIT_ON_FULL;KFOLD_TS;NEG_SHIFT,92;95;212;237;127;138;327;329,"merged.groupby(PLATE_COL)[""warping_index""].shift(-1);merged.groupby(PLATE_COL)[PASS_COL].shift(-1);GroupKFold(n_splits=max(2, min(CV_FOLDS, tr[PLATE_COL].nunique())));GroupKFold(n_splits=max(2, min(CV_FOLDS, tr[PLATE_COL].nunique())));GroupShuffleSplit(n_splits=1, test_size=test_size, random_state=seed);GroupShuffleSplit(n_splits=1, test_size=test_size, random_state=seed+777);model.fit(X, y, sample_weight=sample_weight);model.fit(X, y)"
297_test_no_op_summary.txt,0.2205,297_test_no_op.py,Y,FIT_ON_FULL;GLOBAL_SHUFFLE;KFOLD_TS;NEG_SHIFT,197;253;332;424;261;168;397,"GroupShuffleSplit(n_splits=1, test_size=test_size, random_state=seed);merged_fm.groupby(PLATE_COL)[""warping_index""].shift(-1);GroupKFold(n_splits=n_splits);GroupShuffleSplit(n_splits=1, test_size=test_size, random_state=seed);merged_fm[TARGET_COL].sample(frac=1.0, random_state=42);sc.fit(X.values);scaler.fit(Xtr)"
321_test_no_op_summary.txt,0.2205,321_test_no_op.py,Y,FIT_ON_FULL;GLOBAL_SHUFFLE;KFOLD_TS;NEG_SHIFT,197;253;332;424;261;168;397,"GroupShuffleSplit(n_splits=1, test_size=test_size, random_state=seed);merged_fm.groupby(PLATE_COL)[""warping_index""].shift(-1);GroupKFold(n_splits=n_splits);GroupShuffleSplit(n_splits=1, test_size=test_size, random_state=seed);merged_fm[TARGET_COL].sample(frac=1.0, random_state=42);sc.fit(X.values);scaler.fit(Xtr)"
296_test_no_op_summary.txt,0.2204,296_test_no_op.py,Y,FIT_ON_FULL;GLOBAL_SHUFFLE;KFOLD_TS;NEG_SHIFT,197;253;332;424;261;168;397,"GroupShuffleSplit(n_splits=1, test_size=test_size, random_state=seed);merged_fm.groupby(PLATE_COL)[""warping_index""].shift(-1);GroupKFold(n_splits=n_splits);GroupShuffleSplit(n_splits=1, test_size=test_size, random_state=seed);merged_fm[TARGET_COL].sample(frac=1.0, random_state=42);sc.fit(X.values);scaler.fit(Xtr)"
320_test_no_op_summary.txt,0.2204,320_test_no_op.py,Y,FIT_ON_FULL;GLOBAL_SHUFFLE;KFOLD_TS;NEG_SHIFT,197;253;332;424;261;168;397,"GroupShuffleSplit(n_splits=1, test_size=test_size, random_state=seed);merged_fm.groupby(PLATE_COL)[""warping_index""].shift(-1);GroupKFold(n_splits=n_splits);GroupShuffleSplit(n_splits=1, test_size=test_size, random_state=seed);merged_fm[TARGET_COL].sample(frac=1.0, random_state=42);sc.fit(X.values);scaler.fit(Xtr)"
267_test_no_op_summary.txt,0.2193,267_test_no_op.py,Y,FIT_ON_FULL;GLOBAL_SHUFFLE;KFOLD_TS;NEG_SHIFT,197;253;332;445;261;168;413,"GroupShuffleSplit(n_splits=1, test_size=test_size, random_state=seed);merged_fm.groupby(PLATE_COL)[""warping_index""].shift(-1);GroupKFold(n_splits=n_splits);GroupShuffleSplit(n_splits=1, test_size=test_size, random_state=seed);merged_fm[TARGET_COL].sample(frac=1.0, random_state=42);sc.fit(X.values);scaler.fit(Xtr)"
285_test_no_op_summary.txt,0.2193,285_test_no_op.py,Y,FIT_ON_FULL;GLOBAL_SHUFFLE;KFOLD_TS;NEG_SHIFT,197;253;332;424;261;168;397,"GroupShuffleSplit(n_splits=1, test_size=test_size, random_state=seed);merged_fm.groupby(PLATE_COL)[""warping_index""].shift(-1);GroupKFold(n_splits=n_splits);GroupShuffleSplit(n_splits=1, test_size=test_size, random_state=seed);merged_fm[TARGET_COL].sample(frac=1.0, random_state=42);sc.fit(X.values);scaler.fit(Xtr)"
309_test_no_op_summary.txt,0.2193,309_test_no_op.py,Y,FIT_ON_FULL;GLOBAL_SHUFFLE;KFOLD_TS;NEG_SHIFT,197;253;332;424;261;168;397,"GroupShuffleSplit(n_splits=1, test_size=test_size, random_state=seed);merged_fm.groupby(PLATE_COL)[""warping_index""].shift(-1);GroupKFold(n_splits=n_splits);GroupShuffleSplit(n_splits=1, test_size=test_size, random_state=seed);merged_fm[TARGET_COL].sample(frac=1.0, random_state=42);sc.fit(X.values);scaler.fit(Xtr)"
266_test_no_op_summary.txt,0.2192,266_test_no_op.py,Y,FIT_ON_FULL;GLOBAL_SHUFFLE;KFOLD_TS;NEG_SHIFT,197;253;332;445;261;168;413,"GroupShuffleSplit(n_splits=1, test_size=test_size, random_state=seed);merged_fm.groupby(PLATE_COL)[""warping_index""].shift(-1);GroupKFold(n_splits=n_splits);GroupShuffleSplit(n_splits=1, test_size=test_size, random_state=seed);merged_fm[TARGET_COL].sample(frac=1.0, random_state=42);sc.fit(X.values);scaler.fit(Xtr)"
284_test_no_op_summary.txt,0.2192,284_test_no_op.py,Y,FIT_ON_FULL;GLOBAL_SHUFFLE;KFOLD_TS;NEG_SHIFT,197;253;332;424;261;168;397,"GroupShuffleSplit(n_splits=1, test_size=test_size, random_state=seed);merged_fm.groupby(PLATE_COL)[""warping_index""].shift(-1);GroupKFold(n_splits=n_splits);GroupShuffleSplit(n_splits=1, test_size=test_size, random_state=seed);merged_fm[TARGET_COL].sample(frac=1.0, random_state=42);sc.fit(X.values);scaler.fit(Xtr)"
308_test_no_op_summary.txt,0.2192,308_test_no_op.py,Y,FIT_ON_FULL;GLOBAL_SHUFFLE;KFOLD_TS;NEG_SHIFT,197;253;332;424;261;168;397,"GroupShuffleSplit(n_splits=1, test_size=test_size, random_state=seed);merged_fm.groupby(PLATE_COL)[""warping_index""].shift(-1);GroupKFold(n_splits=n_splits);GroupShuffleSplit(n_splits=1, test_size=test_size, random_state=seed);merged_fm[TARGET_COL].sample(frac=1.0, random_state=42);sc.fit(X.values);scaler.fit(Xtr)"
234_test_no_op_summary.txt,0.2157,234_test_no_op.py,Y,GLOBAL_SHUFFLE;KFOLD_TS;NEG_SHIFT,156;234;295;164,"merged_fm.groupby(PLATE_COL)[""warping_index""].shift(-1);GroupKFold(n_splits=n_splits);GroupShuffleSplit(n_splits=1, test_size=test_size, random_state=seed);merged_fm[TARGET_COL].sample(frac=1.0, random_state=42)"
224_test_no_op_summary.txt,0.2156,224_test_no_op.py,Y,GLOBAL_SHUFFLE;KFOLD_TS;NEG_SHIFT,156;234;295;164,"merged_fm.groupby(PLATE_COL)[""warping_index""].shift(-1);GroupKFold(n_splits=n_splits);GroupShuffleSplit(n_splits=1, test_size=test_size, random_state=seed);merged_fm[TARGET_COL].sample(frac=1.0, random_state=42)"
323_test_summary.txt,0.2149,323_test.py,Y,FIT_ON_FULL;KFOLD_TS;NEG_SHIFT,194;378;429;462;350;417;407;409;590;390;415,"df.groupby(PLATE_COL)[""warping_index""].shift(-1);GroupKFold(n_splits=min(3, len(np.unique(groups))));GroupKFold(n_splits=min(5, len(np.unique(groups))));GroupShuffleSplit(n_splits=1, test_size=test_size, random_state=SEED);SelectKBest(score_func=f_regression, k=k).fit(Xtr.values, ytr);model.fit(X, y);model.fit(X, y);model.fit(X, y, sample_weight=sample_weight);_y_scale_fit(ytr, Y_SCALE_MODE);mdl.fit(Xs[tr_i], ytr[tr_i]);model.fit(X, y, **{f""{last_name}__sample_weight"": sample_weight})"
295_test_no_op_summary.txt,0.2122,295_test_no_op.py,Y,FIT_ON_FULL;GLOBAL_SHUFFLE;KFOLD_TS;NEG_SHIFT,197;253;332;424;261;168;397,"GroupShuffleSplit(n_splits=1, test_size=test_size, random_state=seed);merged_fm.groupby(PLATE_COL)[""warping_index""].shift(-1);GroupKFold(n_splits=n_splits);GroupShuffleSplit(n_splits=1, test_size=test_size, random_state=seed);merged_fm[TARGET_COL].sample(frac=1.0, random_state=42);sc.fit(X.values);scaler.fit(Xtr)"
319_test_no_op_summary.txt,0.2122,319_test_no_op.py,Y,FIT_ON_FULL;GLOBAL_SHUFFLE;KFOLD_TS;NEG_SHIFT,197;253;332;424;261;168;397,"GroupShuffleSplit(n_splits=1, test_size=test_size, random_state=seed);merged_fm.groupby(PLATE_COL)[""warping_index""].shift(-1);GroupKFold(n_splits=n_splits);GroupShuffleSplit(n_splits=1, test_size=test_size, random_state=seed);merged_fm[TARGET_COL].sample(frac=1.0, random_state=42);sc.fit(X.values);scaler.fit(Xtr)"
294_test_no_op_summary.txt,0.2119,294_test_no_op.py,Y,FIT_ON_FULL;GLOBAL_SHUFFLE;KFOLD_TS;NEG_SHIFT,197;253;332;424;261;168;397,"GroupShuffleSplit(n_splits=1, test_size=test_size, random_state=seed);merged_fm.groupby(PLATE_COL)[""warping_index""].shift(-1);GroupKFold(n_splits=n_splits);GroupShuffleSplit(n_splits=1, test_size=test_size, random_state=seed);merged_fm[TARGET_COL].sample(frac=1.0, random_state=42);sc.fit(X.values);scaler.fit(Xtr)"
318_test_no_op_summary.txt,0.2119,318_test_no_op.py,Y,FIT_ON_FULL;GLOBAL_SHUFFLE;KFOLD_TS;NEG_SHIFT,197;253;332;424;261;168;397,"GroupShuffleSplit(n_splits=1, test_size=test_size, random_state=seed);merged_fm.groupby(PLATE_COL)[""warping_index""].shift(-1);GroupKFold(n_splits=n_splits);GroupShuffleSplit(n_splits=1, test_size=test_size, random_state=seed);merged_fm[TARGET_COL].sample(frac=1.0, random_state=42);sc.fit(X.values);scaler.fit(Xtr)"
089__V2_pass_t_plus_1_cross_summary.txt,0.2098,089_test.py,Y,FIT_ON_FULL;KFOLD_TS;NEG_SHIFT,114;118;201;228;302;496;500;412;414,"merged.groupby(PLATE_COL)[""warping_index""].shift(-1);merged.groupby(PLATE_COL)[PASS_COL].shift(-1);GroupKFold(n_splits=3);GroupKFold(n_splits=3);GroupShuffleSplit(n_splits=1, test_size=test_size, random_state=seed);SimpleKBest(k=min(60, Xtr.shape[1]), mandatory=[c for c in [CUR_WARP] if c in Xtr.columns]).fit(Xtr, ytr);mdl.fit(Xt, ytr);model.fit(Xtr, ytr, sample_weight=sample_weight);model.fit(Xtr, ytr)"
325_test_summary.txt,0.2077,325_test.py,Y,FIT_ON_FULL;KFOLD_TS;NEG_SHIFT,194;378;429;462;350;417;407;409;590;390;415,"df.groupby(PLATE_COL)[""warping_index""].shift(-1);GroupKFold(n_splits=min(3, len(np.unique(groups))));GroupKFold(n_splits=min(5, len(np.unique(groups))));GroupShuffleSplit(n_splits=1, test_size=test_size, random_state=SEED);SelectKBest(score_func=f_regression, k=k).fit(Xtr.values, ytr);model.fit(X, y);model.fit(X, y);model.fit(X, y, sample_weight=sample_weight);_y_scale_fit(ytr, Y_SCALE_MODE);mdl.fit(Xs[tr_i], ytr[tr_i]);model.fit(X, y, **{f""{last_name}__sample_weight"": sample_weight})"
332_test_summary.txt,0.2074,332_test.py,Y,FIT_ON_FULL;KFOLD_TS;NEG_SHIFT,186;388;471;360;431;421;423;610;429,"df.groupby(PLATE_COL)[""warping_index""].shift(-1);GroupKFold(n_splits=min(3, len(np.unique(groups))));GroupShuffleSplit(n_splits=1, test_size=test_size, random_state=SEED);SelectKBest(score_func=f_regression, k=k).fit(Xtr.values, ytr);model.fit(X, y);model.fit(X, y);model.fit(X, y, sample_weight=sample_weight);_y_scale_fit(ytr, ""mad"");model.fit(X, y, **{f""{last_name}__sample_weight"": sample_weight})"
270_test_summary.txt,0.207,270_test.py,Y,FIT_ON_FULL;KFOLD_TS;NEG_SHIFT,173;388;456;489;336;439;426;429;518;595;436,"df.groupby(PLATE_COL)[""warping_index""].shift(-1);GroupKFold(n_splits=min(3, len(np.unique(groups))));GroupKFold(n_splits=min(3, len(np.unique(groups))));GroupShuffleSplit(n_splits=1, test_size=test_size, random_state=SEED);SelectKBest(score_func=f_regression, k=k).fit(Xtr.values, ytr);model.fit(X, y);model.fit(X, y);model.fit(X, y, sample_weight=sample_weight);_y_scale_fit(ytr, Y_SCALE_MODE);_y_scale_fit(ytr, Y_SCALE_MODE);model.fit(X, y, **{f""{last_name}__sample_weight"": sample_weight})"
330_test_summary.txt,0.207,330_test.py,Y,FIT_ON_FULL;KFOLD_TS;NEG_SHIFT,186;388;471;360;431;421;423;610;429,"df.groupby(PLATE_COL)[""warping_index""].shift(-1);GroupKFold(n_splits=min(3, len(np.unique(groups))));GroupShuffleSplit(n_splits=1, test_size=test_size, random_state=SEED);SelectKBest(score_func=f_regression, k=k).fit(Xtr.values, ytr);model.fit(X, y);model.fit(X, y);model.fit(X, y, sample_weight=sample_weight);_y_scale_fit(ytr, ""mad"");model.fit(X, y, **{f""{last_name}__sample_weight"": sample_weight})"
331_test_summary.txt,0.207,331_test.py,Y,FIT_ON_FULL;KFOLD_TS;NEG_SHIFT,186;388;471;360;431;421;423;610;429,"df.groupby(PLATE_COL)[""warping_index""].shift(-1);GroupKFold(n_splits=min(3, len(np.unique(groups))));GroupShuffleSplit(n_splits=1, test_size=test_size, random_state=SEED);SelectKBest(score_func=f_regression, k=k).fit(Xtr.values, ytr);model.fit(X, y);model.fit(X, y);model.fit(X, y, sample_weight=sample_weight);_y_scale_fit(ytr, ""mad"");model.fit(X, y, **{f""{last_name}__sample_weight"": sample_weight})"
265_test_no_op_summary.txt,0.206,265_test_no_op.py,Y,FIT_ON_FULL;GLOBAL_SHUFFLE;KFOLD_TS;NEG_SHIFT,197;253;332;445;261;168;413,"GroupShuffleSplit(n_splits=1, test_size=test_size, random_state=seed);merged_fm.groupby(PLATE_COL)[""warping_index""].shift(-1);GroupKFold(n_splits=n_splits);GroupShuffleSplit(n_splits=1, test_size=test_size, random_state=seed);merged_fm[TARGET_COL].sample(frac=1.0, random_state=42);sc.fit(X.values);scaler.fit(Xtr)"
283_test_no_op_summary.txt,0.206,283_test_no_op.py,Y,FIT_ON_FULL;GLOBAL_SHUFFLE;KFOLD_TS;NEG_SHIFT,197;253;332;424;261;168;397,"GroupShuffleSplit(n_splits=1, test_size=test_size, random_state=seed);merged_fm.groupby(PLATE_COL)[""warping_index""].shift(-1);GroupKFold(n_splits=n_splits);GroupShuffleSplit(n_splits=1, test_size=test_size, random_state=seed);merged_fm[TARGET_COL].sample(frac=1.0, random_state=42);sc.fit(X.values);scaler.fit(Xtr)"
307_test_no_op_summary.txt,0.206,307_test_no_op.py,Y,FIT_ON_FULL;GLOBAL_SHUFFLE;KFOLD_TS;NEG_SHIFT,197;253;332;424;261;168;397,"GroupShuffleSplit(n_splits=1, test_size=test_size, random_state=seed);merged_fm.groupby(PLATE_COL)[""warping_index""].shift(-1);GroupKFold(n_splits=n_splits);GroupShuffleSplit(n_splits=1, test_size=test_size, random_state=seed);merged_fm[TARGET_COL].sample(frac=1.0, random_state=42);sc.fit(X.values);scaler.fit(Xtr)"
264_test_no_op_summary.txt,0.2055,264_test_no_op.py,Y,FIT_ON_FULL;GLOBAL_SHUFFLE;KFOLD_TS;NEG_SHIFT,197;253;332;445;261;168;413,"GroupShuffleSplit(n_splits=1, test_size=test_size, random_state=seed);merged_fm.groupby(PLATE_COL)[""warping_index""].shift(-1);GroupKFold(n_splits=n_splits);GroupShuffleSplit(n_splits=1, test_size=test_size, random_state=seed);merged_fm[TARGET_COL].sample(frac=1.0, random_state=42);sc.fit(X.values);scaler.fit(Xtr)"
282_test_no_op_summary.txt,0.2055,282_test_no_op.py,Y,FIT_ON_FULL;GLOBAL_SHUFFLE;KFOLD_TS;NEG_SHIFT,197;253;332;424;261;168;397,"GroupShuffleSplit(n_splits=1, test_size=test_size, random_state=seed);merged_fm.groupby(PLATE_COL)[""warping_index""].shift(-1);GroupKFold(n_splits=n_splits);GroupShuffleSplit(n_splits=1, test_size=test_size, random_state=seed);merged_fm[TARGET_COL].sample(frac=1.0, random_state=42);sc.fit(X.values);scaler.fit(Xtr)"
306_test_no_op_summary.txt,0.2055,306_test_no_op.py,Y,FIT_ON_FULL;GLOBAL_SHUFFLE;KFOLD_TS;NEG_SHIFT,197;253;332;424;261;168;397,"GroupShuffleSplit(n_splits=1, test_size=test_size, random_state=seed);merged_fm.groupby(PLATE_COL)[""warping_index""].shift(-1);GroupKFold(n_splits=n_splits);GroupShuffleSplit(n_splits=1, test_size=test_size, random_state=seed);merged_fm[TARGET_COL].sample(frac=1.0, random_state=42);sc.fit(X.values);scaler.fit(Xtr)"
042_pass_t_plus_1_cross_summary.txt,0.2043,042_experiment.py,Y,FIT_ON_FULL;KFOLD_TS;NEG_SHIFT,155;245;269;344;476;384;544;490;485;488,"merged_fm.groupby(PLATE_COL)[""warping_index""].shift(-1);GroupKFold(n_splits=CV_FOLDS);GroupKFold(n_splits=CV_FOLDS);GroupShuffleSplit(n_splits=5, test_size=0.2, random_state=SEED);GroupShuffleSplit(n_splits=1, test_size=0.2, random_state=seed);GroupShuffleSplit(n_splits=1, test_size=TEST_SIZE, random_state=seed);m.fit(Xtr, ytr_perm);model.fit(Xfit, yfit, sample_weight=sw_fit);model.fit(Xfit, yfit, sample_weight=sw_fit,                       eval_set=[(Xval, yval)], early_stopping_rounds=50, ver;model.fit(Xfit, yfit, sample_weight=sw_fit)",042_test.py,Y,FIT_ON_FULL;KFOLD_TS;NEG_SHIFT,216;220;351;375;395;655;441;455;604;607;561;638;386;626;664;843;846;539;633;660;665;708;550;621;661;709,"merged.groupby(PLATE_COL)[""warping_index""].shift(-1);merged.groupby(PLATE_COL)[PASS_COL].shift(-1);GroupKFold(n_splits=CV_FOLDS);GroupKFold(n_splits=CV_FOLDS);GroupKFold(n_splits=CV_FOLDS);GroupKFold(n_splits=CV_FOLDS);GroupShuffleSplit(n_splits=1, test_size=TEST_SIZE, random_state=SEED);GroupShuffleSplit(n_splits=1, test_size=TEST_SIZE, random_state=seed);GroupShuffleSplit(n_splits=1, test_size=0.2, random_state=SEED);GroupShuffleSplit(n_splits=1, test_size=0.2, random_state=SEED);model.fit(Xfit, yfit, **fit_kwargs);_safe_fit(m, Xfit, yfit, Xval, yval, sw_fit);clf.fit(Xcat.values, yclf);m.fit(X, y, sample_weight=sw);mf.fit(X, y, eval_set=[(X, y)], early_stopping_rounds=10, verbose=False);m.fit(Xtr, ytr);m.fit(Xtr, ytr);model.fit(Xfit, yfit, **fit_kwargs);_safe_fit(m, Xfit, yfit, Xval, yval, sw_fit);m.fit(X[tr_i], y[tr_i], eval_set=[(X[va_i], y[va_i])], early_stopping_rounds=50, verbose=False);mf.fit(X, y);mf_rep.fit(Xtr, y_tr, eval_set=[(Xtr, y_tr)], early_stopping_rounds=10, verbose=False);model.fit(Xfit, yfit, **fit_kwargs);m.fit(X, y, sample_weight=sw, eval_set=[(Xv, yv)], callbacks=cb, verbose=False);m.fit(X[tr_i], y[tr_i]);mf_rep.fit(Xtr, y_tr)"
044_pass_t_plus_1_cross_summary.txt,0.2043,044_experiment.py,Y,FIT_ON_FULL;KFOLD_TS;NEG_SHIFT,155;245;269;344;476;384;544;490;485;488,"merged_fm.groupby(PLATE_COL)[""warping_index""].shift(-1);GroupKFold(n_splits=CV_FOLDS);GroupKFold(n_splits=CV_FOLDS);GroupShuffleSplit(n_splits=5, test_size=0.2, random_state=SEED);GroupShuffleSplit(n_splits=1, test_size=0.2, random_state=seed);GroupShuffleSplit(n_splits=1, test_size=TEST_SIZE, random_state=seed);m.fit(Xtr, ytr_perm);model.fit(Xfit, yfit, sample_weight=sw_fit);model.fit(Xfit, yfit, sample_weight=sw_fit,                       eval_set=[(Xval, yval)], early_stopping_rounds=50, ver;model.fit(Xfit, yfit, sample_weight=sw_fit)",044_test.py,Y,FIT_ON_FULL;KFOLD_TS;NEG_SHIFT,216;220;351;375;395;655;441;455;604;607;561;638;386;626;664;843;846;539;633;660;665;708;550;621;661;709,"merged.groupby(PLATE_COL)[""warping_index""].shift(-1);merged.groupby(PLATE_COL)[PASS_COL].shift(-1);GroupKFold(n_splits=CV_FOLDS);GroupKFold(n_splits=CV_FOLDS);GroupKFold(n_splits=CV_FOLDS);GroupKFold(n_splits=CV_FOLDS);GroupShuffleSplit(n_splits=1, test_size=TEST_SIZE, random_state=SEED);GroupShuffleSplit(n_splits=1, test_size=TEST_SIZE, random_state=seed);GroupShuffleSplit(n_splits=1, test_size=0.2, random_state=SEED);GroupShuffleSplit(n_splits=1, test_size=0.2, random_state=SEED);model.fit(Xfit, yfit, **fit_kwargs);_safe_fit(m, Xfit, yfit, Xval, yval, sw_fit);clf.fit(Xcat.values, yclf);m.fit(X, y, sample_weight=sw);mf.fit(X, y, eval_set=[(X, y)], early_stopping_rounds=10, verbose=False);m.fit(Xtr, ytr);m.fit(Xtr, ytr);model.fit(Xfit, yfit, **fit_kwargs);_safe_fit(m, Xfit, yfit, Xval, yval, sw_fit);m.fit(X[tr_i], y[tr_i], eval_set=[(X[va_i], y[va_i])], early_stopping_rounds=50, verbose=False);mf.fit(X, y);mf_rep.fit(Xtr, y_tr, eval_set=[(Xtr, y_tr)], early_stopping_rounds=10, verbose=False);model.fit(Xfit, yfit, **fit_kwargs);m.fit(X, y, sample_weight=sw, eval_set=[(Xv, yv)], callbacks=cb, verbose=False);m.fit(X[tr_i], y[tr_i]);mf_rep.fit(Xtr, y_tr)"
046_pass_t_plus_1_cross_summary.txt,0.2043,046_experiment.py,Y,FIT_ON_FULL;KFOLD_TS;NEG_SHIFT,155;245;269;344;476;384;544;490;485;488,"merged_fm.groupby(PLATE_COL)[""warping_index""].shift(-1);GroupKFold(n_splits=CV_FOLDS);GroupKFold(n_splits=CV_FOLDS);GroupShuffleSplit(n_splits=5, test_size=0.2, random_state=SEED);GroupShuffleSplit(n_splits=1, test_size=0.2, random_state=seed);GroupShuffleSplit(n_splits=1, test_size=TEST_SIZE, random_state=seed);m.fit(Xtr, ytr_perm);model.fit(Xfit, yfit, sample_weight=sw_fit);model.fit(Xfit, yfit, sample_weight=sw_fit,                       eval_set=[(Xval, yval)], early_stopping_rounds=50, ver;model.fit(Xfit, yfit, sample_weight=sw_fit)",046_test.py,Y,FIT_ON_FULL;KFOLD_TS;NEG_SHIFT,216;220;351;375;395;655;441;455;604;607;561;638;386;626;664;843;846;539;633;660;665;708;550;621;661;709,"merged.groupby(PLATE_COL)[""warping_index""].shift(-1);merged.groupby(PLATE_COL)[PASS_COL].shift(-1);GroupKFold(n_splits=CV_FOLDS);GroupKFold(n_splits=CV_FOLDS);GroupKFold(n_splits=CV_FOLDS);GroupKFold(n_splits=CV_FOLDS);GroupShuffleSplit(n_splits=1, test_size=TEST_SIZE, random_state=SEED);GroupShuffleSplit(n_splits=1, test_size=TEST_SIZE, random_state=seed);GroupShuffleSplit(n_splits=1, test_size=0.2, random_state=SEED);GroupShuffleSplit(n_splits=1, test_size=0.2, random_state=SEED);model.fit(Xfit, yfit, **fit_kwargs);_safe_fit(m, Xfit, yfit, Xval, yval, sw_fit);clf.fit(Xcat.values, yclf);m.fit(X, y, sample_weight=sw);mf.fit(X, y, eval_set=[(X, y)], early_stopping_rounds=10, verbose=False);m.fit(Xtr, ytr);m.fit(Xtr, ytr);model.fit(Xfit, yfit, **fit_kwargs);_safe_fit(m, Xfit, yfit, Xval, yval, sw_fit);m.fit(X[tr_i], y[tr_i], eval_set=[(X[va_i], y[va_i])], early_stopping_rounds=50, verbose=False);mf.fit(X, y);mf_rep.fit(Xtr, y_tr, eval_set=[(Xtr, y_tr)], early_stopping_rounds=10, verbose=False);model.fit(Xfit, yfit, **fit_kwargs);m.fit(X, y, sample_weight=sw, eval_set=[(Xv, yv)], callbacks=cb, verbose=False);m.fit(X[tr_i], y[tr_i]);mf_rep.fit(Xtr, y_tr)"
049_pass_t_plus_1_cross_summary.txt,0.2043,049_experiment.py,Y,FIT_ON_FULL;KFOLD_TS;NEG_SHIFT,155;245;269;344;476;384;544;490;485;488,"merged_fm.groupby(PLATE_COL)[""warping_index""].shift(-1);GroupKFold(n_splits=CV_FOLDS);GroupKFold(n_splits=CV_FOLDS);GroupShuffleSplit(n_splits=5, test_size=0.2, random_state=SEED);GroupShuffleSplit(n_splits=1, test_size=0.2, random_state=seed);GroupShuffleSplit(n_splits=1, test_size=TEST_SIZE, random_state=seed);m.fit(Xtr, ytr_perm);model.fit(Xfit, yfit, sample_weight=sw_fit);model.fit(Xfit, yfit, sample_weight=sw_fit,                       eval_set=[(Xval, yval)], early_stopping_rounds=50, ver;model.fit(Xfit, yfit, sample_weight=sw_fit)"
335_test_summary.txt,0.1968,335_test.py,Y,FIT_ON_FULL;KFOLD_TS;NEG_SHIFT,186;388;471;360;431;421;423;610;429,"df.groupby(PLATE_COL)[""warping_index""].shift(-1);GroupKFold(n_splits=min(3, len(np.unique(groups))));GroupShuffleSplit(n_splits=1, test_size=test_size, random_state=SEED);SelectKBest(score_func=f_regression, k=k).fit(Xtr.values, ytr);model.fit(X, y);model.fit(X, y);model.fit(X, y, sample_weight=sample_weight);_y_scale_fit(ytr, ""mad"");model.fit(X, y, **{f""{last_name}__sample_weight"": sample_weight})"
090_pass_t_plus_1_cross_summary.txt,0.1966,090_experiment.py,Y,FIT_ON_FULL;KFOLD_TS;NEG_SHIFT,372;599;641;662;707;730;777;838;939;466;450;459;946;948;514;517;519,"merged_fm.groupby(PLATE_COL)[""warping_index""].shift(-1);GroupKFold(n_splits=5);GroupKFold(n_splits=n_splits);GroupKFold(n_splits=n_splits);GroupKFold(n_splits=3);GroupKFold(n_splits=3);GroupKFold(n_splits=3);GroupShuffleSplit(n_splits=1, test_size=0.2, random_state=seed);GroupShuffleSplit(n_splits=1, test_size=0.2, random_state=seed);model.fit(X, y, sample_weight=sample_weight);model.fit(X, y,                   sample_weight=sample_weight,                   eval_set=eval_set,                   ea;model.fit(X, y,                   sample_weight=sample_weight,                   eval_set=eval_set,                   ve;model.fit(Xfit, yfit, sample_weight=sw_fit);model.fit(Xfit, yfit);model.fit(Xfit, yfit, sample_weight=sample_weight,                       eval_set=[(Xval, yval)], early_stopping_rounds=;model.fit(Xfit, yfit, sample_weight=sample_weight);model.fit(Xfit, yfit, sample_weight=sample_weight)"
092_test_no_op_summary.txt,0.1966,092_experiment.py,Y,FIT_ON_FULL;KFOLD_TS;NEG_SHIFT,372;599;641;662;707;730;777;838;939;466;450;459;946;948;514;517;519,"merged_fm.groupby(PLATE_COL)[""warping_index""].shift(-1);GroupKFold(n_splits=5);GroupKFold(n_splits=n_splits);GroupKFold(n_splits=n_splits);GroupKFold(n_splits=3);GroupKFold(n_splits=3);GroupKFold(n_splits=3);GroupShuffleSplit(n_splits=1, test_size=0.2, random_state=seed);GroupShuffleSplit(n_splits=1, test_size=0.2, random_state=seed);model.fit(X, y, sample_weight=sample_weight);model.fit(X, y,                   sample_weight=sample_weight,                   eval_set=eval_set,                   ea;model.fit(X, y,                   sample_weight=sample_weight,                   eval_set=eval_set,                   ve;model.fit(Xfit, yfit, sample_weight=sw_fit);model.fit(Xfit, yfit);model.fit(Xfit, yfit, sample_weight=sample_weight,                       eval_set=[(Xval, yval)], early_stopping_rounds=;model.fit(Xfit, yfit, sample_weight=sample_weight);model.fit(Xfit, yfit, sample_weight=sample_weight)"
099_test_no_op_summary.txt,0.1962,099_test_no_op.py,Y,GLOBAL_SHUFFLE;KFOLD_TS;NEG_SHIFT,190;265;303;320;375;198,"merged_fm.groupby(PLATE_COL)[""warping_index""].shift(-1);GroupKFold(n_splits=n_splits);GroupKFold(n_splits=5);GroupKFold(n_splits=n_splits);GroupShuffleSplit(n_splits=1, test_size=test_size, random_state=seed);merged_fm[TARGET_COL].sample(frac=1.0, random_state=42)"
290_test_no_op_summary.txt,0.194,290_test_no_op.py,Y,FIT_ON_FULL;GLOBAL_SHUFFLE;KFOLD_TS;NEG_SHIFT,197;253;332;424;261;168;397,"GroupShuffleSplit(n_splits=1, test_size=test_size, random_state=seed);merged_fm.groupby(PLATE_COL)[""warping_index""].shift(-1);GroupKFold(n_splits=n_splits);GroupShuffleSplit(n_splits=1, test_size=test_size, random_state=seed);merged_fm[TARGET_COL].sample(frac=1.0, random_state=42);sc.fit(X.values);scaler.fit(Xtr)"
314_test_no_op_summary.txt,0.194,314_test_no_op.py,Y,FIT_ON_FULL;GLOBAL_SHUFFLE;KFOLD_TS;NEG_SHIFT,197;253;332;424;261;168;397,"GroupShuffleSplit(n_splits=1, test_size=test_size, random_state=seed);merged_fm.groupby(PLATE_COL)[""warping_index""].shift(-1);GroupKFold(n_splits=n_splits);GroupShuffleSplit(n_splits=1, test_size=test_size, random_state=seed);merged_fm[TARGET_COL].sample(frac=1.0, random_state=42);sc.fit(X.values);scaler.fit(Xtr)"
291_test_no_op_summary.txt,0.1939,291_test_no_op.py,Y,FIT_ON_FULL;GLOBAL_SHUFFLE;KFOLD_TS;NEG_SHIFT,197;253;332;424;261;168;397,"GroupShuffleSplit(n_splits=1, test_size=test_size, random_state=seed);merged_fm.groupby(PLATE_COL)[""warping_index""].shift(-1);GroupKFold(n_splits=n_splits);GroupShuffleSplit(n_splits=1, test_size=test_size, random_state=seed);merged_fm[TARGET_COL].sample(frac=1.0, random_state=42);sc.fit(X.values);scaler.fit(Xtr)"
315_test_no_op_summary.txt,0.1939,315_test_no_op.py,Y,FIT_ON_FULL;GLOBAL_SHUFFLE;KFOLD_TS;NEG_SHIFT,197;253;332;424;261;168;397,"GroupShuffleSplit(n_splits=1, test_size=test_size, random_state=seed);merged_fm.groupby(PLATE_COL)[""warping_index""].shift(-1);GroupKFold(n_splits=n_splits);GroupShuffleSplit(n_splits=1, test_size=test_size, random_state=seed);merged_fm[TARGET_COL].sample(frac=1.0, random_state=42);sc.fit(X.values);scaler.fit(Xtr)"
249_test_summary.txt,0.1931,249_test.py,Y,FIT_ON_FULL;KFOLD_TS;NEG_SHIFT,235;447;473;508;385;199;186;189;196,"df.groupby(PLATE_COL)[""warping_index""].shift(-1);GroupKFold(n_splits=min(n_splits, np.unique(groups).size));GroupKFold(n_splits=min(CV_SPLITS, np.unique(groups).size));GroupShuffleSplit(n_splits=1, test_size=test_size, random_state=SEED);GroupKFold(n_splits=min(5, n_groups));model.fit(X, y);model.fit(X, y);model.fit(X, y, sample_weight=sample_weight);model.fit(X, y, **{f""{last_name}__sample_weight"": sample_weight})"
260_test_no_op_summary.txt,0.1931,260_test_no_op.py,Y,FIT_ON_FULL;GLOBAL_SHUFFLE;KFOLD_TS;NEG_SHIFT,197;253;332;445;261;168;413,"GroupShuffleSplit(n_splits=1, test_size=test_size, random_state=seed);merged_fm.groupby(PLATE_COL)[""warping_index""].shift(-1);GroupKFold(n_splits=n_splits);GroupShuffleSplit(n_splits=1, test_size=test_size, random_state=seed);merged_fm[TARGET_COL].sample(frac=1.0, random_state=42);sc.fit(X.values);scaler.fit(Xtr)"
278_test_no_op_summary.txt,0.1931,278_test_no_op.py,Y,FIT_ON_FULL;GLOBAL_SHUFFLE;KFOLD_TS;NEG_SHIFT,197;253;332;424;261;168;397,"GroupShuffleSplit(n_splits=1, test_size=test_size, random_state=seed);merged_fm.groupby(PLATE_COL)[""warping_index""].shift(-1);GroupKFold(n_splits=n_splits);GroupShuffleSplit(n_splits=1, test_size=test_size, random_state=seed);merged_fm[TARGET_COL].sample(frac=1.0, random_state=42);sc.fit(X.values);scaler.fit(Xtr)"
302_test_no_op_summary.txt,0.1931,302_test_no_op.py,Y,FIT_ON_FULL;GLOBAL_SHUFFLE;KFOLD_TS;NEG_SHIFT,197;253;332;424;261;168;397,"GroupShuffleSplit(n_splits=1, test_size=test_size, random_state=seed);merged_fm.groupby(PLATE_COL)[""warping_index""].shift(-1);GroupKFold(n_splits=n_splits);GroupShuffleSplit(n_splits=1, test_size=test_size, random_state=seed);merged_fm[TARGET_COL].sample(frac=1.0, random_state=42);sc.fit(X.values);scaler.fit(Xtr)"
261_test_no_op_summary.txt,0.1926,261_test_no_op.py,Y,FIT_ON_FULL;GLOBAL_SHUFFLE;KFOLD_TS;NEG_SHIFT,197;253;332;445;261;168;413,"GroupShuffleSplit(n_splits=1, test_size=test_size, random_state=seed);merged_fm.groupby(PLATE_COL)[""warping_index""].shift(-1);GroupKFold(n_splits=n_splits);GroupShuffleSplit(n_splits=1, test_size=test_size, random_state=seed);merged_fm[TARGET_COL].sample(frac=1.0, random_state=42);sc.fit(X.values);scaler.fit(Xtr)"
279_test_no_op_summary.txt,0.1926,279_test_no_op.py,Y,FIT_ON_FULL;GLOBAL_SHUFFLE;KFOLD_TS;NEG_SHIFT,197;253;332;424;261;168;397,"GroupShuffleSplit(n_splits=1, test_size=test_size, random_state=seed);merged_fm.groupby(PLATE_COL)[""warping_index""].shift(-1);GroupKFold(n_splits=n_splits);GroupShuffleSplit(n_splits=1, test_size=test_size, random_state=seed);merged_fm[TARGET_COL].sample(frac=1.0, random_state=42);sc.fit(X.values);scaler.fit(Xtr)"
303_test_no_op_summary.txt,0.1926,303_test_no_op.py,Y,FIT_ON_FULL;GLOBAL_SHUFFLE;KFOLD_TS;NEG_SHIFT,197;253;332;424;261;168;397,"GroupShuffleSplit(n_splits=1, test_size=test_size, random_state=seed);merged_fm.groupby(PLATE_COL)[""warping_index""].shift(-1);GroupKFold(n_splits=n_splits);GroupShuffleSplit(n_splits=1, test_size=test_size, random_state=seed);merged_fm[TARGET_COL].sample(frac=1.0, random_state=42);sc.fit(X.values);scaler.fit(Xtr)"
206_test_no_op_summary.txt,0.1921,206_test_no_op.py,Y,GLOBAL_SHUFFLE;KFOLD_TS;NEG_SHIFT,156;234;295;164,"merged_fm.groupby(PLATE_COL)[""warping_index""].shift(-1);GroupKFold(n_splits=n_splits);GroupShuffleSplit(n_splits=1, test_size=test_size, random_state=seed);merged_fm[TARGET_COL].sample(frac=1.0, random_state=42)"
216_test_no_op_summary.txt,0.1919,216_test_no_op.py,Y,GLOBAL_SHUFFLE;KFOLD_TS;NEG_SHIFT,156;234;295;164,"merged_fm.groupby(PLATE_COL)[""warping_index""].shift(-1);GroupKFold(n_splits=n_splits);GroupShuffleSplit(n_splits=1, test_size=test_size, random_state=seed);merged_fm[TARGET_COL].sample(frac=1.0, random_state=42)"
100_test_no_op_summary.txt,0.1913,100_test_no_op.py,Y,GLOBAL_SHUFFLE;KFOLD_TS;NEG_SHIFT,190;265;292;310;387;466;198,"merged_fm.groupby(PLATE_COL)[""warping_index""].shift(-1);GroupKFold(n_splits=n_splits);GroupKFold(n_splits=5);GroupKFold(n_splits=n_splits);GroupShuffleSplit(n_splits=1, test_size=test_size, random_state=seed);GroupKFold(n_splits=5);merged_fm[TARGET_COL].sample(frac=1.0, random_state=42)"
337_test_summary.txt,0.1911,337_test.py,Y,FIT_ON_FULL;KFOLD_TS;NEG_SHIFT,186;388;471;360;431;421;423;610;429,"df.groupby(PLATE_COL)[""warping_index""].shift(-1);GroupKFold(n_splits=min(3, len(np.unique(groups))));GroupShuffleSplit(n_splits=1, test_size=test_size, random_state=SEED);SelectKBest(score_func=f_regression, k=k).fit(Xtr.values, ytr);model.fit(X, y);model.fit(X, y);model.fit(X, y, sample_weight=sample_weight);_y_scale_fit(ytr, ""mad"");model.fit(X, y, **{f""{last_name}__sample_weight"": sample_weight})"
336_test_summary.txt,0.19,336_test.py,Y,FIT_ON_FULL;KFOLD_TS;NEG_SHIFT,186;388;471;360;431;421;423;610;429,"df.groupby(PLATE_COL)[""warping_index""].shift(-1);GroupKFold(n_splits=min(3, len(np.unique(groups))));GroupShuffleSplit(n_splits=1, test_size=test_size, random_state=SEED);SelectKBest(score_func=f_regression, k=k).fit(Xtr.values, ytr);model.fit(X, y);model.fit(X, y);model.fit(X, y, sample_weight=sample_weight);_y_scale_fit(ytr, ""mad"");model.fit(X, y, **{f""{last_name}__sample_weight"": sample_weight})"
047_pass_t_plus_1_cross_summary.txt,0.1892,047_experiment.py,Y,FIT_ON_FULL;KFOLD_TS;NEG_SHIFT,155;245;269;344;476;384;544;490;485;488,"merged_fm.groupby(PLATE_COL)[""warping_index""].shift(-1);GroupKFold(n_splits=CV_FOLDS);GroupKFold(n_splits=CV_FOLDS);GroupShuffleSplit(n_splits=5, test_size=0.2, random_state=SEED);GroupShuffleSplit(n_splits=1, test_size=0.2, random_state=seed);GroupShuffleSplit(n_splits=1, test_size=TEST_SIZE, random_state=seed);m.fit(Xtr, ytr_perm);model.fit(Xfit, yfit, sample_weight=sw_fit);model.fit(Xfit, yfit, sample_weight=sw_fit,                       eval_set=[(Xval, yval)], early_stopping_rounds=50, ver;model.fit(Xfit, yfit, sample_weight=sw_fit)"
136_test_summary.txt,0.1882,136_test.py,Y,FIT_ON_FULL;KFOLD_TS;NEG_SHIFT,180;316;374;144;411;471;131;134;141,"df.groupby(PLATE_COL)[""warping_index""].shift(-1);GroupKFold(n_splits=n_splits);GroupShuffleSplit(n_splits=1, test_size=test_size, random_state=SEED);model.fit(X, y);selector.fit(Xtr.values, ytr);selector.fit(Xtr.values, ytr_perm);model.fit(X, y);model.fit(X, y, sample_weight=sample_weight);model.fit(X, y, **{f""{last_name}__sample_weight"": sample_weight})"
139_test_summary.txt,0.1882,139_test.py,Y,FIT_ON_FULL;KFOLD_TS;NEG_SHIFT,180;387;320;144;424;484;131;134;141,"df.groupby(PLATE_COL)[""warping_index""].shift(-1);GroupShuffleSplit(n_splits=1, test_size=test_size, random_state=SEED);GroupKFold(n_splits=min(5, n_groups));model.fit(X, y);selector.fit(Xtr.values, ytr);selector.fit(Xtr.values, ytr_perm);model.fit(X, y);model.fit(X, y, sample_weight=sample_weight);model.fit(X, y, **{f""{last_name}__sample_weight"": sample_weight})"
142_test_summary.txt,0.1882,142_test.py,Y,FIT_ON_FULL;KFOLD_TS;NEG_SHIFT,180;373;317;144;410;467;132;134;141,"df.groupby(PLATE_COL)[""warping_index""].shift(-1);GroupShuffleSplit(n_splits=1, test_size=test_size, random_state=SEED);GroupKFold(n_splits=min(5, n_groups));model.fit(X, y);selector.fit(Xtr.values, ytr);selector.fit(Xtr.values, ytr_perm);model.fit(X, y);model.fit(X, y, sample_weight=sample_weight);model.fit(X, y, **{f""{last_name}__sample_weight"": sample_weight})"
244_test_summary.txt,0.1882,244_test.py,Y,FIT_ON_FULL;KFOLD_TS;NEG_SHIFT,235;447;473;508;385;199;186;189;196,"df.groupby(PLATE_COL)[""warping_index""].shift(-1);GroupKFold(n_splits=min(n_splits, np.unique(groups).size));GroupKFold(n_splits=min(CV_SPLITS, np.unique(groups).size));GroupShuffleSplit(n_splits=1, test_size=test_size, random_state=SEED);GroupKFold(n_splits=min(5, n_groups));model.fit(X, y);model.fit(X, y);model.fit(X, y, sample_weight=sample_weight);model.fit(X, y, **{f""{last_name}__sample_weight"": sample_weight})"
245_test_summary.txt,0.1882,245_test.py,Y,FIT_ON_FULL;KFOLD_TS;NEG_SHIFT,235;447;473;508;385;199;186;189;196,"df.groupby(PLATE_COL)[""warping_index""].shift(-1);GroupKFold(n_splits=min(n_splits, np.unique(groups).size));GroupKFold(n_splits=min(CV_SPLITS, np.unique(groups).size));GroupShuffleSplit(n_splits=1, test_size=test_size, random_state=SEED);GroupKFold(n_splits=min(5, n_groups));model.fit(X, y);model.fit(X, y);model.fit(X, y, sample_weight=sample_weight);model.fit(X, y, **{f""{last_name}__sample_weight"": sample_weight})"
186_test_no_op_summary.txt,0.188,186_test_no_op.py,Y,GLOBAL_SHUFFLE;KFOLD_TS;NEG_SHIFT,156;234;295;164,"merged_fm.groupby(PLATE_COL)[""warping_index""].shift(-1);GroupKFold(n_splits=n_splits);GroupShuffleSplit(n_splits=1, test_size=test_size, random_state=seed);merged_fm[TARGET_COL].sample(frac=1.0, random_state=42)"
141_test_summary.txt,0.1878,141_test.py,Y,FIT_ON_FULL;KFOLD_TS;NEG_SHIFT,180;387;320;144;424;484;131;134;141,"df.groupby(PLATE_COL)[""warping_index""].shift(-1);GroupShuffleSplit(n_splits=1, test_size=test_size, random_state=SEED);GroupKFold(n_splits=min(5, n_groups));model.fit(X, y);selector.fit(Xtr.values, ytr);selector.fit(Xtr.values, ytr_perm);model.fit(X, y);model.fit(X, y, sample_weight=sample_weight);model.fit(X, y, **{f""{last_name}__sample_weight"": sample_weight})"
144_test_summary.txt,0.1878,144_test.py,Y,FIT_ON_FULL;KFOLD_TS;NEG_SHIFT,180;373;317;144;410;467;132;134;141,"df.groupby(PLATE_COL)[""warping_index""].shift(-1);GroupShuffleSplit(n_splits=1, test_size=test_size, random_state=SEED);GroupKFold(n_splits=min(5, n_groups));model.fit(X, y);selector.fit(Xtr.values, ytr);selector.fit(Xtr.values, ytr_perm);model.fit(X, y);model.fit(X, y, sample_weight=sample_weight);model.fit(X, y, **{f""{last_name}__sample_weight"": sample_weight})"
196_test_no_op_summary.txt,0.1878,196_test_no_op.py,Y,GLOBAL_SHUFFLE;KFOLD_TS;NEG_SHIFT,156;234;295;164,"merged_fm.groupby(PLATE_COL)[""warping_index""].shift(-1);GroupKFold(n_splits=n_splits);GroupShuffleSplit(n_splits=1, test_size=test_size, random_state=seed);merged_fm[TARGET_COL].sample(frac=1.0, random_state=42)"
338_test_summary.txt,0.1877,338_test.py,Y,FIT_ON_FULL;KFOLD_TS;NEG_SHIFT,186;388;471;360;431;421;423;610;429,"df.groupby(PLATE_COL)[""warping_index""].shift(-1);GroupKFold(n_splits=min(3, len(np.unique(groups))));GroupShuffleSplit(n_splits=1, test_size=test_size, random_state=SEED);SelectKBest(score_func=f_regression, k=k).fit(Xtr.values, ytr);model.fit(X, y);model.fit(X, y);model.fit(X, y, sample_weight=sample_weight);_y_scale_fit(ytr, ""mad"");model.fit(X, y, **{f""{last_name}__sample_weight"": sample_weight})"
292_test_no_op_summary.txt,0.1874,292_test_no_op.py,Y,FIT_ON_FULL;GLOBAL_SHUFFLE;KFOLD_TS;NEG_SHIFT,197;253;332;424;261;168;397,"GroupShuffleSplit(n_splits=1, test_size=test_size, random_state=seed);merged_fm.groupby(PLATE_COL)[""warping_index""].shift(-1);GroupKFold(n_splits=n_splits);GroupShuffleSplit(n_splits=1, test_size=test_size, random_state=seed);merged_fm[TARGET_COL].sample(frac=1.0, random_state=42);sc.fit(X.values);scaler.fit(Xtr)"
316_test_no_op_summary.txt,0.1874,316_test_no_op.py,Y,FIT_ON_FULL;GLOBAL_SHUFFLE;KFOLD_TS;NEG_SHIFT,197;253;332;424;261;168;397,"GroupShuffleSplit(n_splits=1, test_size=test_size, random_state=seed);merged_fm.groupby(PLATE_COL)[""warping_index""].shift(-1);GroupKFold(n_splits=n_splits);GroupShuffleSplit(n_splits=1, test_size=test_size, random_state=seed);merged_fm[TARGET_COL].sample(frac=1.0, random_state=42);sc.fit(X.values);scaler.fit(Xtr)"
293_test_no_op_summary.txt,0.1871,293_test_no_op.py,Y,FIT_ON_FULL;GLOBAL_SHUFFLE;KFOLD_TS;NEG_SHIFT,197;253;332;424;261;168;397,"GroupShuffleSplit(n_splits=1, test_size=test_size, random_state=seed);merged_fm.groupby(PLATE_COL)[""warping_index""].shift(-1);GroupKFold(n_splits=n_splits);GroupShuffleSplit(n_splits=1, test_size=test_size, random_state=seed);merged_fm[TARGET_COL].sample(frac=1.0, random_state=42);sc.fit(X.values);scaler.fit(Xtr)"
317_test_no_op_summary.txt,0.1871,317_test_no_op.py,Y,FIT_ON_FULL;GLOBAL_SHUFFLE;KFOLD_TS;NEG_SHIFT,197;253;332;424;261;168;397,"GroupShuffleSplit(n_splits=1, test_size=test_size, random_state=seed);merged_fm.groupby(PLATE_COL)[""warping_index""].shift(-1);GroupKFold(n_splits=n_splits);GroupShuffleSplit(n_splits=1, test_size=test_size, random_state=seed);merged_fm[TARGET_COL].sample(frac=1.0, random_state=42);sc.fit(X.values);scaler.fit(Xtr)"
184_test_no_op_summary.txt,0.1858,184_test_no_op.py,Y,GLOBAL_SHUFFLE;KFOLD_TS;NEG_SHIFT,156;234;295;164,"merged_fm.groupby(PLATE_COL)[""warping_index""].shift(-1);GroupKFold(n_splits=n_splits);GroupShuffleSplit(n_splits=1, test_size=test_size, random_state=seed);merged_fm[TARGET_COL].sample(frac=1.0, random_state=42)"
258_test_no_op_summary.txt,0.1856,258_test_no_op.py,Y,FIT_ON_FULL;GLOBAL_SHUFFLE;KFOLD_TS;NEG_SHIFT,197;253;332;445;261;168;413,"GroupShuffleSplit(n_splits=1, test_size=test_size, random_state=seed);merged_fm.groupby(PLATE_COL)[""warping_index""].shift(-1);GroupKFold(n_splits=n_splits);GroupShuffleSplit(n_splits=1, test_size=test_size, random_state=seed);merged_fm[TARGET_COL].sample(frac=1.0, random_state=42);sc.fit(X.values);scaler.fit(Xtr)"
276_test_no_op_summary.txt,0.1856,276_test_no_op.py,Y,FIT_ON_FULL;GLOBAL_SHUFFLE;KFOLD_TS;NEG_SHIFT,197;253;332;424;261;168;397,"GroupShuffleSplit(n_splits=1, test_size=test_size, random_state=seed);merged_fm.groupby(PLATE_COL)[""warping_index""].shift(-1);GroupKFold(n_splits=n_splits);GroupShuffleSplit(n_splits=1, test_size=test_size, random_state=seed);merged_fm[TARGET_COL].sample(frac=1.0, random_state=42);sc.fit(X.values);scaler.fit(Xtr)"
300_test_no_op_summary.txt,0.1856,300_test_no_op.py,Y,FIT_ON_FULL;GLOBAL_SHUFFLE;KFOLD_TS;NEG_SHIFT,197;253;332;424;261;168;397,"GroupShuffleSplit(n_splits=1, test_size=test_size, random_state=seed);merged_fm.groupby(PLATE_COL)[""warping_index""].shift(-1);GroupKFold(n_splits=n_splits);GroupShuffleSplit(n_splits=1, test_size=test_size, random_state=seed);merged_fm[TARGET_COL].sample(frac=1.0, random_state=42);sc.fit(X.values);scaler.fit(Xtr)"
288_test_no_op_summary.txt,0.1854,288_test_no_op.py,Y,FIT_ON_FULL;GLOBAL_SHUFFLE;KFOLD_TS;NEG_SHIFT,197;253;332;424;261;168;397,"GroupShuffleSplit(n_splits=1, test_size=test_size, random_state=seed);merged_fm.groupby(PLATE_COL)[""warping_index""].shift(-1);GroupKFold(n_splits=n_splits);GroupShuffleSplit(n_splits=1, test_size=test_size, random_state=seed);merged_fm[TARGET_COL].sample(frac=1.0, random_state=42);sc.fit(X.values);scaler.fit(Xtr)"
312_test_no_op_summary.txt,0.1854,312_test_no_op.py,Y,FIT_ON_FULL;GLOBAL_SHUFFLE;KFOLD_TS;NEG_SHIFT,197;253;332;424;261;168;397,"GroupShuffleSplit(n_splits=1, test_size=test_size, random_state=seed);merged_fm.groupby(PLATE_COL)[""warping_index""].shift(-1);GroupKFold(n_splits=n_splits);GroupShuffleSplit(n_splits=1, test_size=test_size, random_state=seed);merged_fm[TARGET_COL].sample(frac=1.0, random_state=42);sc.fit(X.values);scaler.fit(Xtr)"
094_test_summary.txt,0.1852,094_experiment.py,Y,GLOBAL_SHUFFLE;KFOLD_TS;NEG_SHIFT,156;231;252;270;332;164,"merged_fm.groupby(PLATE_COL)[""warping_index""].shift(-1);GroupKFold(n_splits=n_splits);GroupKFold(n_splits=5);GroupKFold(n_splits=n_splits);GroupShuffleSplit(n_splits=1, test_size=test_size, random_state=seed);merged_fm[TARGET_COL].sample(frac=1.0, random_state=42)"
194_test_no_op_summary.txt,0.1852,194_test_no_op.py,Y,GLOBAL_SHUFFLE;KFOLD_TS;NEG_SHIFT,156;234;295;164,"merged_fm.groupby(PLATE_COL)[""warping_index""].shift(-1);GroupKFold(n_splits=n_splits);GroupShuffleSplit(n_splits=1, test_size=test_size, random_state=seed);merged_fm[TARGET_COL].sample(frac=1.0, random_state=42)"
289_test_no_op_summary.txt,0.185,289_test_no_op.py,Y,FIT_ON_FULL;GLOBAL_SHUFFLE;KFOLD_TS;NEG_SHIFT,197;253;332;424;261;168;397,"GroupShuffleSplit(n_splits=1, test_size=test_size, random_state=seed);merged_fm.groupby(PLATE_COL)[""warping_index""].shift(-1);GroupKFold(n_splits=n_splits);GroupShuffleSplit(n_splits=1, test_size=test_size, random_state=seed);merged_fm[TARGET_COL].sample(frac=1.0, random_state=42);sc.fit(X.values);scaler.fit(Xtr)"
313_test_no_op_summary.txt,0.185,313_test_no_op.py,Y,FIT_ON_FULL;GLOBAL_SHUFFLE;KFOLD_TS;NEG_SHIFT,197;253;332;424;261;168;397,"GroupShuffleSplit(n_splits=1, test_size=test_size, random_state=seed);merged_fm.groupby(PLATE_COL)[""warping_index""].shift(-1);GroupKFold(n_splits=n_splits);GroupShuffleSplit(n_splits=1, test_size=test_size, random_state=seed);merged_fm[TARGET_COL].sample(frac=1.0, random_state=42);sc.fit(X.values);scaler.fit(Xtr)"
259_test_no_op_summary.txt,0.1849,259_test_no_op.py,Y,FIT_ON_FULL;GLOBAL_SHUFFLE;KFOLD_TS;NEG_SHIFT,197;253;332;445;261;168;413,"GroupShuffleSplit(n_splits=1, test_size=test_size, random_state=seed);merged_fm.groupby(PLATE_COL)[""warping_index""].shift(-1);GroupKFold(n_splits=n_splits);GroupShuffleSplit(n_splits=1, test_size=test_size, random_state=seed);merged_fm[TARGET_COL].sample(frac=1.0, random_state=42);sc.fit(X.values);scaler.fit(Xtr)"
277_test_no_op_summary.txt,0.1849,277_test_no_op.py,Y,FIT_ON_FULL;GLOBAL_SHUFFLE;KFOLD_TS;NEG_SHIFT,197;253;332;424;261;168;397,"GroupShuffleSplit(n_splits=1, test_size=test_size, random_state=seed);merged_fm.groupby(PLATE_COL)[""warping_index""].shift(-1);GroupKFold(n_splits=n_splits);GroupShuffleSplit(n_splits=1, test_size=test_size, random_state=seed);merged_fm[TARGET_COL].sample(frac=1.0, random_state=42);sc.fit(X.values);scaler.fit(Xtr)"
301_test_no_op_summary.txt,0.1849,301_test_no_op.py,Y,FIT_ON_FULL;GLOBAL_SHUFFLE;KFOLD_TS;NEG_SHIFT,197;253;332;424;261;168;397,"GroupShuffleSplit(n_splits=1, test_size=test_size, random_state=seed);merged_fm.groupby(PLATE_COL)[""warping_index""].shift(-1);GroupKFold(n_splits=n_splits);GroupShuffleSplit(n_splits=1, test_size=test_size, random_state=seed);merged_fm[TARGET_COL].sample(frac=1.0, random_state=42);sc.fit(X.values);scaler.fit(Xtr)"
048_pass_t_plus_1_cross_summary.txt,0.1841,048_experiment.py,Y,FIT_ON_FULL;KFOLD_TS;NEG_SHIFT,155;245;269;344;476;384;544;490;485;488,"merged_fm.groupby(PLATE_COL)[""warping_index""].shift(-1);GroupKFold(n_splits=CV_FOLDS);GroupKFold(n_splits=CV_FOLDS);GroupShuffleSplit(n_splits=5, test_size=0.2, random_state=SEED);GroupShuffleSplit(n_splits=1, test_size=0.2, random_state=seed);GroupShuffleSplit(n_splits=1, test_size=TEST_SIZE, random_state=seed);m.fit(Xtr, ytr_perm);model.fit(Xfit, yfit, sample_weight=sw_fit);model.fit(Xfit, yfit, sample_weight=sw_fit,                       eval_set=[(Xval, yval)], early_stopping_rounds=50, ver;model.fit(Xfit, yfit, sample_weight=sw_fit)"
247_test_summary.txt,0.1841,247_test.py,Y,FIT_ON_FULL;KFOLD_TS;NEG_SHIFT,235;447;473;508;385;199;186;189;196,"df.groupby(PLATE_COL)[""warping_index""].shift(-1);GroupKFold(n_splits=min(n_splits, np.unique(groups).size));GroupKFold(n_splits=min(CV_SPLITS, np.unique(groups).size));GroupShuffleSplit(n_splits=1, test_size=test_size, random_state=SEED);GroupKFold(n_splits=min(5, n_groups));model.fit(X, y);model.fit(X, y);model.fit(X, y, sample_weight=sample_weight);model.fit(X, y, **{f""{last_name}__sample_weight"": sample_weight})"
135_test_summary.txt,0.1832,135_test.py,Y,FIT_ON_FULL;KFOLD_TS;NEG_SHIFT,180;316;374;144;411;471;131;134;141,"df.groupby(PLATE_COL)[""warping_index""].shift(-1);GroupKFold(n_splits=n_splits);GroupShuffleSplit(n_splits=1, test_size=test_size, random_state=SEED);model.fit(X, y);selector.fit(Xtr.values, ytr);selector.fit(Xtr.values, ytr_perm);model.fit(X, y);model.fit(X, y, sample_weight=sample_weight);model.fit(X, y, **{f""{last_name}__sample_weight"": sample_weight})"
138_test_summary.txt,0.1832,138_test.py,Y,FIT_ON_FULL;KFOLD_TS;NEG_SHIFT,180;387;320;144;424;484;131;134;141,"df.groupby(PLATE_COL)[""warping_index""].shift(-1);GroupShuffleSplit(n_splits=1, test_size=test_size, random_state=SEED);GroupKFold(n_splits=min(5, n_groups));model.fit(X, y);selector.fit(Xtr.values, ytr);selector.fit(Xtr.values, ytr_perm);model.fit(X, y);model.fit(X, y, sample_weight=sample_weight);model.fit(X, y, **{f""{last_name}__sample_weight"": sample_weight})"
153_test_summary.txt,0.1832,153_test.py,Y,FIT_ON_FULL;KFOLD_TS;NEG_SHIFT,180;373;317;144;410;467;132;134;141,"df.groupby(PLATE_COL)[""warping_index""].shift(-1);GroupShuffleSplit(n_splits=1, test_size=test_size, random_state=SEED);GroupKFold(n_splits=min(5, n_groups));model.fit(X, y);selector.fit(Xtr.values, ytr);selector.fit(Xtr.values, ytr_perm);model.fit(X, y);model.fit(X, y, sample_weight=sample_weight);model.fit(X, y, **{f""{last_name}__sample_weight"": sample_weight})"
155_test_summary.txt,0.1823,155_test.py,Y,FIT_ON_FULL;KFOLD_TS;NEG_SHIFT,180;373;317;144;410;467;132;134;141,"df.groupby(PLATE_COL)[""warping_index""].shift(-1);GroupShuffleSplit(n_splits=1, test_size=test_size, random_state=SEED);GroupKFold(n_splits=min(5, n_groups));model.fit(X, y);selector.fit(Xtr.values, ytr);selector.fit(Xtr.values, ytr_perm);model.fit(X, y);model.fit(X, y, sample_weight=sample_weight);model.fit(X, y, **{f""{last_name}__sample_weight"": sample_weight})"
204_test_no_op_summary.txt,0.1812,204_test_no_op.py,Y,GLOBAL_SHUFFLE;KFOLD_TS;NEG_SHIFT,156;234;295;164,"merged_fm.groupby(PLATE_COL)[""warping_index""].shift(-1);GroupKFold(n_splits=n_splits);GroupShuffleSplit(n_splits=1, test_size=test_size, random_state=seed);merged_fm[TARGET_COL].sample(frac=1.0, random_state=42)"
214_test_no_op_summary.txt,0.1811,214_test_no_op.py,Y,GLOBAL_SHUFFLE;KFOLD_TS;NEG_SHIFT,156;234;295;164,"merged_fm.groupby(PLATE_COL)[""warping_index""].shift(-1);GroupKFold(n_splits=n_splits);GroupShuffleSplit(n_splits=1, test_size=test_size, random_state=seed);merged_fm[TARGET_COL].sample(frac=1.0, random_state=42)"
160_test_summary.txt,0.175,160_test.py,Y,FIT_ON_FULL;KFOLD_TS;NEG_SHIFT,180;373;317;144;410;467;132;134;141,"df.groupby(PLATE_COL)[""warping_index""].shift(-1);GroupShuffleSplit(n_splits=1, test_size=test_size, random_state=SEED);GroupKFold(n_splits=min(5, n_groups));model.fit(X, y);selector.fit(Xtr.values, ytr);selector.fit(Xtr.values, ytr_perm);model.fit(X, y);model.fit(X, y, sample_weight=sample_weight);model.fit(X, y, **{f""{last_name}__sample_weight"": sample_weight})"
272_test_summary.txt,0.175,272_test.py,Y,FIT_ON_FULL;KFOLD_TS;NEG_SHIFT,173;388;456;489;336;439;426;429;518;595;436,"df.groupby(PLATE_COL)[""warping_index""].shift(-1);GroupKFold(n_splits=min(3, len(np.unique(groups))));GroupKFold(n_splits=min(3, len(np.unique(groups))));GroupShuffleSplit(n_splits=1, test_size=test_size, random_state=SEED);SelectKBest(score_func=f_regression, k=k).fit(Xtr.values, ytr);model.fit(X, y);model.fit(X, y);model.fit(X, y, sample_weight=sample_weight);_y_scale_fit(ytr, Y_SCALE_MODE);_y_scale_fit(ytr, Y_SCALE_MODE);model.fit(X, y, **{f""{last_name}__sample_weight"": sample_weight})"
157_test_summary.txt,0.1745,157_test.py,Y,FIT_ON_FULL;KFOLD_TS;NEG_SHIFT,180;373;317;144;410;467;132;134;141,"df.groupby(PLATE_COL)[""warping_index""].shift(-1);GroupShuffleSplit(n_splits=1, test_size=test_size, random_state=SEED);GroupKFold(n_splits=min(5, n_groups));model.fit(X, y);selector.fit(Xtr.values, ytr);selector.fit(Xtr.values, ytr_perm);model.fit(X, y);model.fit(X, y, sample_weight=sample_weight);model.fit(X, y, **{f""{last_name}__sample_weight"": sample_weight})"
262_test_no_op_summary.txt,0.1745,262_test_no_op.py,Y,FIT_ON_FULL;GLOBAL_SHUFFLE;KFOLD_TS;NEG_SHIFT,197;253;332;445;261;168;413,"GroupShuffleSplit(n_splits=1, test_size=test_size, random_state=seed);merged_fm.groupby(PLATE_COL)[""warping_index""].shift(-1);GroupKFold(n_splits=n_splits);GroupShuffleSplit(n_splits=1, test_size=test_size, random_state=seed);merged_fm[TARGET_COL].sample(frac=1.0, random_state=42);sc.fit(X.values);scaler.fit(Xtr)"
280_test_no_op_summary.txt,0.1745,280_test_no_op.py,Y,FIT_ON_FULL;GLOBAL_SHUFFLE;KFOLD_TS;NEG_SHIFT,197;253;332;424;261;168;397,"GroupShuffleSplit(n_splits=1, test_size=test_size, random_state=seed);merged_fm.groupby(PLATE_COL)[""warping_index""].shift(-1);GroupKFold(n_splits=n_splits);GroupShuffleSplit(n_splits=1, test_size=test_size, random_state=seed);merged_fm[TARGET_COL].sample(frac=1.0, random_state=42);sc.fit(X.values);scaler.fit(Xtr)"
304_test_no_op_summary.txt,0.1745,304_test_no_op.py,Y,FIT_ON_FULL;GLOBAL_SHUFFLE;KFOLD_TS;NEG_SHIFT,197;253;332;424;261;168;397,"GroupShuffleSplit(n_splits=1, test_size=test_size, random_state=seed);merged_fm.groupby(PLATE_COL)[""warping_index""].shift(-1);GroupKFold(n_splits=n_splits);GroupShuffleSplit(n_splits=1, test_size=test_size, random_state=seed);merged_fm[TARGET_COL].sample(frac=1.0, random_state=42);sc.fit(X.values);scaler.fit(Xtr)"
263_test_no_op_summary.txt,0.1744,263_test_no_op.py,Y,FIT_ON_FULL;GLOBAL_SHUFFLE;KFOLD_TS;NEG_SHIFT,197;253;332;445;261;168;413,"GroupShuffleSplit(n_splits=1, test_size=test_size, random_state=seed);merged_fm.groupby(PLATE_COL)[""warping_index""].shift(-1);GroupKFold(n_splits=n_splits);GroupShuffleSplit(n_splits=1, test_size=test_size, random_state=seed);merged_fm[TARGET_COL].sample(frac=1.0, random_state=42);sc.fit(X.values);scaler.fit(Xtr)"
281_test_no_op_summary.txt,0.1744,281_test_no_op.py,Y,FIT_ON_FULL;GLOBAL_SHUFFLE;KFOLD_TS;NEG_SHIFT,197;253;332;424;261;168;397,"GroupShuffleSplit(n_splits=1, test_size=test_size, random_state=seed);merged_fm.groupby(PLATE_COL)[""warping_index""].shift(-1);GroupKFold(n_splits=n_splits);GroupShuffleSplit(n_splits=1, test_size=test_size, random_state=seed);merged_fm[TARGET_COL].sample(frac=1.0, random_state=42);sc.fit(X.values);scaler.fit(Xtr)"
305_test_no_op_summary.txt,0.1744,305_test_no_op.py,Y,FIT_ON_FULL;GLOBAL_SHUFFLE;KFOLD_TS;NEG_SHIFT,197;253;332;424;261;168;397,"GroupShuffleSplit(n_splits=1, test_size=test_size, random_state=seed);merged_fm.groupby(PLATE_COL)[""warping_index""].shift(-1);GroupKFold(n_splits=n_splits);GroupShuffleSplit(n_splits=1, test_size=test_size, random_state=seed);merged_fm[TARGET_COL].sample(frac=1.0, random_state=42);sc.fit(X.values);scaler.fit(Xtr)"
134_test_summary.txt,0.1738,134_test.py,Y,FIT_ON_FULL;KFOLD_TS;NEG_SHIFT,185;312;354;151;392;527;135;138;146,"df.groupby(PLATE_COL)[""warping_index""].shift(-1);GroupKFold(n_splits=min(5, tr[PLATE_COL].nunique()));GroupShuffleSplit(n_splits=1, test_size=test_size, random_state=SEED);model.fit(X, y);selector.fit(Xtr.values, ytr);selector.fit(Xtr.values, ytr_perm);model.fit(X, y);model.fit(X, y, sample_weight=sample_weight);model.fit(X, y, **{f""{last_name}__sample_weight"": sample_weight})"
103_test_summary.txt,0.1725,103_test.py,Y,FIT_ON_FULL;KFOLD_TS;NEG_SHIFT,169;305;349;384;543,"df.groupby(PLATE_COL)[""warping_index""].shift(-1);GroupKFold(n_splits=min(5, tr[PLATE_COL].nunique()));GroupShuffleSplit(n_splits=1, test_size=0.2, random_state=SEED);selector.fit(Xtr.values, ytr);selector.fit(Xtr.values, ytr_perm)",103_test_no_op.py,Y,GLOBAL_SHUFFLE;KFOLD_TS;NEG_SHIFT,156;231;252;270;332;164,"merged_fm.groupby(PLATE_COL)[""warping_index""].shift(-1);GroupKFold(n_splits=n_splits);GroupKFold(n_splits=5);GroupKFold(n_splits=n_splits);GroupShuffleSplit(n_splits=1, test_size=test_size, random_state=seed);merged_fm[TARGET_COL].sample(frac=1.0, random_state=42)"
104_test_summary.txt,0.1725,104_test.py,Y,FIT_ON_FULL;KFOLD_TS;NEG_SHIFT,169;305;349;384;543,"df.groupby(PLATE_COL)[""warping_index""].shift(-1);GroupKFold(n_splits=min(5, tr[PLATE_COL].nunique()));GroupShuffleSplit(n_splits=1, test_size=0.2, random_state=SEED);selector.fit(Xtr.values, ytr);selector.fit(Xtr.values, ytr_perm)",104_test_no_op.py,Y,GLOBAL_SHUFFLE;KFOLD_TS;NEG_SHIFT,156;231;252;270;332;164,"merged_fm.groupby(PLATE_COL)[""warping_index""].shift(-1);GroupKFold(n_splits=n_splits);GroupKFold(n_splits=5);GroupKFold(n_splits=n_splits);GroupShuffleSplit(n_splits=1, test_size=test_size, random_state=seed);merged_fm[TARGET_COL].sample(frac=1.0, random_state=42)"
166_test_no_op_summary.txt,0.1689,166_test_no_op.py,Y,GLOBAL_SHUFFLE;KFOLD_TS;NEG_SHIFT,156;234;295;164,"merged_fm.groupby(PLATE_COL)[""warping_index""].shift(-1);GroupKFold(n_splits=n_splits);GroupShuffleSplit(n_splits=1, test_size=test_size, random_state=seed);merged_fm[TARGET_COL].sample(frac=1.0, random_state=42)"
176_test_no_op_summary.txt,0.1687,176_test_no_op.py,Y,GLOBAL_SHUFFLE;KFOLD_TS;NEG_SHIFT,156;234;295;164,"merged_fm.groupby(PLATE_COL)[""warping_index""].shift(-1);GroupKFold(n_splits=n_splits);GroupShuffleSplit(n_splits=1, test_size=test_size, random_state=seed);merged_fm[TARGET_COL].sample(frac=1.0, random_state=42)"
257_test_no_op_summary.txt,0.1671,257_test_no_op.py,Y,FIT_ON_FULL;GLOBAL_SHUFFLE;KFOLD_TS;NEG_SHIFT,197;253;332;445;261;168;413,"GroupShuffleSplit(n_splits=1, test_size=test_size, random_state=seed);merged_fm.groupby(PLATE_COL)[""warping_index""].shift(-1);GroupKFold(n_splits=n_splits);GroupShuffleSplit(n_splits=1, test_size=test_size, random_state=seed);merged_fm[TARGET_COL].sample(frac=1.0, random_state=42);sc.fit(X.values);scaler.fit(Xtr)"
275_test_no_op_summary.txt,0.1671,275_test_no_op.py,Y,FIT_ON_FULL;GLOBAL_SHUFFLE;KFOLD_TS;NEG_SHIFT,197;253;332;424;261;168;397,"GroupShuffleSplit(n_splits=1, test_size=test_size, random_state=seed);merged_fm.groupby(PLATE_COL)[""warping_index""].shift(-1);GroupKFold(n_splits=n_splits);GroupShuffleSplit(n_splits=1, test_size=test_size, random_state=seed);merged_fm[TARGET_COL].sample(frac=1.0, random_state=42);sc.fit(X.values);scaler.fit(Xtr)"
299_test_no_op_summary.txt,0.1671,299_test_no_op.py,Y,FIT_ON_FULL;GLOBAL_SHUFFLE;KFOLD_TS;NEG_SHIFT,197;253;332;424;261;168;397,"GroupShuffleSplit(n_splits=1, test_size=test_size, random_state=seed);merged_fm.groupby(PLATE_COL)[""warping_index""].shift(-1);GroupKFold(n_splits=n_splits);GroupShuffleSplit(n_splits=1, test_size=test_size, random_state=seed);merged_fm[TARGET_COL].sample(frac=1.0, random_state=42);sc.fit(X.values);scaler.fit(Xtr)"
256_test_no_op_summary.txt,0.1669,256_test_no_op.py,Y,FIT_ON_FULL;GLOBAL_SHUFFLE;KFOLD_TS;NEG_SHIFT,197;253;332;445;261;168;413,"GroupShuffleSplit(n_splits=1, test_size=test_size, random_state=seed);merged_fm.groupby(PLATE_COL)[""warping_index""].shift(-1);GroupKFold(n_splits=n_splits);GroupShuffleSplit(n_splits=1, test_size=test_size, random_state=seed);merged_fm[TARGET_COL].sample(frac=1.0, random_state=42);sc.fit(X.values);scaler.fit(Xtr)"
274_test_no_op_summary.txt,0.1669,274_test_no_op.py,Y,FIT_ON_FULL;GLOBAL_SHUFFLE;KFOLD_TS;NEG_SHIFT,197;253;332;424;261;168;397,"GroupShuffleSplit(n_splits=1, test_size=test_size, random_state=seed);merged_fm.groupby(PLATE_COL)[""warping_index""].shift(-1);GroupKFold(n_splits=n_splits);GroupShuffleSplit(n_splits=1, test_size=test_size, random_state=seed);merged_fm[TARGET_COL].sample(frac=1.0, random_state=42);sc.fit(X.values);scaler.fit(Xtr)"
298_test_no_op_summary.txt,0.1669,298_test_no_op.py,Y,FIT_ON_FULL;GLOBAL_SHUFFLE;KFOLD_TS;NEG_SHIFT,197;253;332;424;261;168;397,"GroupShuffleSplit(n_splits=1, test_size=test_size, random_state=seed);merged_fm.groupby(PLATE_COL)[""warping_index""].shift(-1);GroupKFold(n_splits=n_splits);GroupShuffleSplit(n_splits=1, test_size=test_size, random_state=seed);merged_fm[TARGET_COL].sample(frac=1.0, random_state=42);sc.fit(X.values);scaler.fit(Xtr)"
164_test_no_op_summary.txt,0.1663,164_test_no_op.py,Y,GLOBAL_SHUFFLE;KFOLD_TS;NEG_SHIFT,156;234;295;164,"merged_fm.groupby(PLATE_COL)[""warping_index""].shift(-1);GroupKFold(n_splits=n_splits);GroupShuffleSplit(n_splits=1, test_size=test_size, random_state=seed);merged_fm[TARGET_COL].sample(frac=1.0, random_state=42)"
287_test_no_op_summary.txt,0.1661,287_test_no_op.py,Y,FIT_ON_FULL;GLOBAL_SHUFFLE;KFOLD_TS;NEG_SHIFT,197;253;332;424;261;168;397,"GroupShuffleSplit(n_splits=1, test_size=test_size, random_state=seed);merged_fm.groupby(PLATE_COL)[""warping_index""].shift(-1);GroupKFold(n_splits=n_splits);GroupShuffleSplit(n_splits=1, test_size=test_size, random_state=seed);merged_fm[TARGET_COL].sample(frac=1.0, random_state=42);sc.fit(X.values);scaler.fit(Xtr)"
311_test_no_op_summary.txt,0.1661,311_test_no_op.py,Y,FIT_ON_FULL;GLOBAL_SHUFFLE;KFOLD_TS;NEG_SHIFT,197;253;332;424;261;168;397,"GroupShuffleSplit(n_splits=1, test_size=test_size, random_state=seed);merged_fm.groupby(PLATE_COL)[""warping_index""].shift(-1);GroupKFold(n_splits=n_splits);GroupShuffleSplit(n_splits=1, test_size=test_size, random_state=seed);merged_fm[TARGET_COL].sample(frac=1.0, random_state=42);sc.fit(X.values);scaler.fit(Xtr)"
174_test_no_op_summary.txt,0.1659,174_test_no_op.py,Y,GLOBAL_SHUFFLE;KFOLD_TS;NEG_SHIFT,156;234;295;164,"merged_fm.groupby(PLATE_COL)[""warping_index""].shift(-1);GroupKFold(n_splits=n_splits);GroupShuffleSplit(n_splits=1, test_size=test_size, random_state=seed);merged_fm[TARGET_COL].sample(frac=1.0, random_state=42)"
286_test_no_op_summary.txt,0.1657,286_test_no_op.py,Y,FIT_ON_FULL;GLOBAL_SHUFFLE;KFOLD_TS;NEG_SHIFT,197;253;332;424;261;168;397,"GroupShuffleSplit(n_splits=1, test_size=test_size, random_state=seed);merged_fm.groupby(PLATE_COL)[""warping_index""].shift(-1);GroupKFold(n_splits=n_splits);GroupShuffleSplit(n_splits=1, test_size=test_size, random_state=seed);merged_fm[TARGET_COL].sample(frac=1.0, random_state=42);sc.fit(X.values);scaler.fit(Xtr)"
310_test_no_op_summary.txt,0.1657,310_test_no_op.py,Y,FIT_ON_FULL;GLOBAL_SHUFFLE;KFOLD_TS;NEG_SHIFT,197;253;332;424;261;168;397,"GroupShuffleSplit(n_splits=1, test_size=test_size, random_state=seed);merged_fm.groupby(PLATE_COL)[""warping_index""].shift(-1);GroupKFold(n_splits=n_splits);GroupShuffleSplit(n_splits=1, test_size=test_size, random_state=seed);merged_fm[TARGET_COL].sample(frac=1.0, random_state=42);sc.fit(X.values);scaler.fit(Xtr)"
327_test_summary.txt,0.1642,327_test.py,Y,FIT_ON_FULL;KFOLD_TS;NEG_SHIFT,194;378;429;462;350;417;407;409;590;390;415,"df.groupby(PLATE_COL)[""warping_index""].shift(-1);GroupKFold(n_splits=min(3, len(np.unique(groups))));GroupKFold(n_splits=min(5, len(np.unique(groups))));GroupShuffleSplit(n_splits=1, test_size=test_size, random_state=SEED);SelectKBest(score_func=f_regression, k=k).fit(Xtr.values, ytr);model.fit(X, y);model.fit(X, y);model.fit(X, y, sample_weight=sample_weight);_y_scale_fit(ytr, Y_SCALE_MODE);mdl.fit(Xs[tr_i], ytr[tr_i]);model.fit(X, y, **{f""{last_name}__sample_weight"": sample_weight})"
329_test_summary.txt,0.1559,329_test.py,Y,FIT_ON_FULL;KFOLD_TS;NEG_SHIFT,194;378;429;462;350;417;407;409;590;390;415,"df.groupby(PLATE_COL)[""warping_index""].shift(-1);GroupKFold(n_splits=min(3, len(np.unique(groups))));GroupKFold(n_splits=min(5, len(np.unique(groups))));GroupShuffleSplit(n_splits=1, test_size=test_size, random_state=SEED);SelectKBest(score_func=f_regression, k=k).fit(Xtr.values, ytr);model.fit(X, y);model.fit(X, y);model.fit(X, y, sample_weight=sample_weight);_y_scale_fit(ytr, Y_SCALE_MODE);mdl.fit(Xs[tr_i], ytr[tr_i]);model.fit(X, y, **{f""{last_name}__sample_weight"": sample_weight})"
326_test_summary.txt,0.1534,326_test.py,Y,FIT_ON_FULL;KFOLD_TS;NEG_SHIFT,194;378;429;462;350;417;407;409;590;390;415,"df.groupby(PLATE_COL)[""warping_index""].shift(-1);GroupKFold(n_splits=min(3, len(np.unique(groups))));GroupKFold(n_splits=min(5, len(np.unique(groups))));GroupShuffleSplit(n_splits=1, test_size=test_size, random_state=SEED);SelectKBest(score_func=f_regression, k=k).fit(Xtr.values, ytr);model.fit(X, y);model.fit(X, y);model.fit(X, y, sample_weight=sample_weight);_y_scale_fit(ytr, Y_SCALE_MODE);mdl.fit(Xs[tr_i], ytr[tr_i]);model.fit(X, y, **{f""{last_name}__sample_weight"": sample_weight})"
102_test_no_op_summary.txt,0.153,102_test_no_op.py,Y,FIT_ON_FULL;GLOBAL_SHUFFLE;KFOLD_TS;NEG_SHIFT,182;257;284;301;357;190;478,"merged_fm.groupby(PLATE_COL)[""warping_index""].shift(-1);GroupKFold(n_splits=n_splits);GroupKFold(n_splits=5);GroupKFold(n_splits=n_splits);GroupShuffleSplit(n_splits=1, test_size=test_size, random_state=seed);merged_fm[TARGET_COL].sample(frac=1.0, random_state=42);model.fit(Xtr, y_tr, **fit_kwargs)"
273_test_summary.txt,0.1504,273_test.py,Y,FIT_ON_FULL;KFOLD_TS;NEG_SHIFT,173;388;456;489;336;439;426;429;518;595;436,"df.groupby(PLATE_COL)[""warping_index""].shift(-1);GroupKFold(n_splits=min(3, len(np.unique(groups))));GroupKFold(n_splits=min(3, len(np.unique(groups))));GroupShuffleSplit(n_splits=1, test_size=test_size, random_state=SEED);SelectKBest(score_func=f_regression, k=k).fit(Xtr.values, ytr);model.fit(X, y);model.fit(X, y);model.fit(X, y, sample_weight=sample_weight);_y_scale_fit(ytr, Y_SCALE_MODE);_y_scale_fit(ytr, Y_SCALE_MODE);model.fit(X, y, **{f""{last_name}__sample_weight"": sample_weight})"
149_test_summary.txt,0.1493,149_test.py,Y,FIT_ON_FULL;KFOLD_TS;NEG_SHIFT,180;373;317;144;410;467;132;134;141,"df.groupby(PLATE_COL)[""warping_index""].shift(-1);GroupShuffleSplit(n_splits=1, test_size=test_size, random_state=SEED);GroupKFold(n_splits=min(5, n_groups));model.fit(X, y);selector.fit(Xtr.values, ytr);selector.fit(Xtr.values, ytr_perm);model.fit(X, y);model.fit(X, y, sample_weight=sample_weight);model.fit(X, y, **{f""{last_name}__sample_weight"": sample_weight})"
328_test_summary.txt,0.1479,328_test.py,Y,FIT_ON_FULL;KFOLD_TS;NEG_SHIFT,194;378;429;462;350;417;407;409;590;390;415,"df.groupby(PLATE_COL)[""warping_index""].shift(-1);GroupKFold(n_splits=min(3, len(np.unique(groups))));GroupKFold(n_splits=min(5, len(np.unique(groups))));GroupShuffleSplit(n_splits=1, test_size=test_size, random_state=SEED);SelectKBest(score_func=f_regression, k=k).fit(Xtr.values, ytr);model.fit(X, y);model.fit(X, y);model.fit(X, y, sample_weight=sample_weight);_y_scale_fit(ytr, Y_SCALE_MODE);mdl.fit(Xs[tr_i], ytr[tr_i]);model.fit(X, y, **{f""{last_name}__sample_weight"": sample_weight})"
146_test_summary.txt,0.1469,146_test.py,Y,FIT_ON_FULL;KFOLD_TS;NEG_SHIFT,180;373;317;144;410;467;132;134;141,"df.groupby(PLATE_COL)[""warping_index""].shift(-1);GroupShuffleSplit(n_splits=1, test_size=test_size, random_state=SEED);GroupKFold(n_splits=min(5, n_groups));model.fit(X, y);selector.fit(Xtr.values, ytr);selector.fit(Xtr.values, ytr_perm);model.fit(X, y);model.fit(X, y, sample_weight=sample_weight);model.fit(X, y, **{f""{last_name}__sample_weight"": sample_weight})"
147_test_summary.txt,0.1442,147_test.py,Y,FIT_ON_FULL;KFOLD_TS;NEG_SHIFT,180;373;317;144;410;467;132;134;141,"df.groupby(PLATE_COL)[""warping_index""].shift(-1);GroupShuffleSplit(n_splits=1, test_size=test_size, random_state=SEED);GroupKFold(n_splits=min(5, n_groups));model.fit(X, y);selector.fit(Xtr.values, ytr);selector.fit(Xtr.values, ytr_perm);model.fit(X, y);model.fit(X, y, sample_weight=sample_weight);model.fit(X, y, **{f""{last_name}__sample_weight"": sample_weight})"
268_test_summary.txt,0.1431,268_test.py,Y,FIT_ON_FULL;KFOLD_TS;NEG_SHIFT,173;388;456;489;336;439;426;429;518;595;436,"df.groupby(PLATE_COL)[""warping_index""].shift(-1);GroupKFold(n_splits=min(3, len(np.unique(groups))));GroupKFold(n_splits=min(3, len(np.unique(groups))));GroupShuffleSplit(n_splits=1, test_size=test_size, random_state=SEED);SelectKBest(score_func=f_regression, k=k).fit(Xtr.values, ytr);model.fit(X, y);model.fit(X, y);model.fit(X, y, sample_weight=sample_weight);_y_scale_fit(ytr, Y_SCALE_MODE);_y_scale_fit(ytr, Y_SCALE_MODE);model.fit(X, y, **{f""{last_name}__sample_weight"": sample_weight})"
248_test_summary.txt,0.1409,248_test.py,Y,FIT_ON_FULL;KFOLD_TS;NEG_SHIFT,235;447;473;508;385;199;186;189;196,"df.groupby(PLATE_COL)[""warping_index""].shift(-1);GroupKFold(n_splits=min(n_splits, np.unique(groups).size));GroupKFold(n_splits=min(CV_SPLITS, np.unique(groups).size));GroupShuffleSplit(n_splits=1, test_size=test_size, random_state=SEED);GroupKFold(n_splits=min(5, n_groups));model.fit(X, y);model.fit(X, y);model.fit(X, y, sample_weight=sample_weight);model.fit(X, y, **{f""{last_name}__sample_weight"": sample_weight})"
105_test_summary.txt,0.1376,105_test.py,Y,FIT_ON_FULL;KFOLD_TS;NEG_SHIFT,169;305;349;384;543,"df.groupby(PLATE_COL)[""warping_index""].shift(-1);GroupKFold(n_splits=min(5, tr[PLATE_COL].nunique()));GroupShuffleSplit(n_splits=1, test_size=0.2, random_state=SEED);selector.fit(Xtr.values, ytr);selector.fit(Xtr.values, ytr_perm)",105_test_no_op.py,Y,GLOBAL_SHUFFLE;KFOLD_TS;NEG_SHIFT,156;231;252;270;332;164,"merged_fm.groupby(PLATE_COL)[""warping_index""].shift(-1);GroupKFold(n_splits=n_splits);GroupKFold(n_splits=5);GroupKFold(n_splits=n_splits);GroupShuffleSplit(n_splits=1, test_size=test_size, random_state=seed);merged_fm[TARGET_COL].sample(frac=1.0, random_state=42)"
132_test_summary.txt,0.1376,132_test.py,Y,FIT_ON_FULL;KFOLD_TS;NEG_SHIFT,185;312;354;151;392;527;135;138;146,"df.groupby(PLATE_COL)[""warping_index""].shift(-1);GroupKFold(n_splits=min(5, tr[PLATE_COL].nunique()));GroupShuffleSplit(n_splits=1, test_size=test_size, random_state=SEED);model.fit(X, y);selector.fit(Xtr.values, ytr);selector.fit(Xtr.values, ytr_perm);model.fit(X, y);model.fit(X, y, sample_weight=sample_weight);model.fit(X, y, **{f""{last_name}__sample_weight"": sample_weight})"
185_test_no_op_summary.txt,0.133,185_test_no_op.py,Y,GLOBAL_SHUFFLE;KFOLD_TS;NEG_SHIFT,156;234;295;164,"merged_fm.groupby(PLATE_COL)[""warping_index""].shift(-1);GroupKFold(n_splits=n_splits);GroupShuffleSplit(n_splits=1, test_size=test_size, random_state=seed);merged_fm[TARGET_COL].sample(frac=1.0, random_state=42)"
195_test_no_op_summary.txt,0.133,195_test_no_op.py,Y,GLOBAL_SHUFFLE;KFOLD_TS;NEG_SHIFT,156;234;295;164,"merged_fm.groupby(PLATE_COL)[""warping_index""].shift(-1);GroupKFold(n_splits=n_splits);GroupShuffleSplit(n_splits=1, test_size=test_size, random_state=seed);merged_fm[TARGET_COL].sample(frac=1.0, random_state=42)"
189_test_no_op_summary.txt,0.1311,189_test_no_op.py,Y,GLOBAL_SHUFFLE;KFOLD_TS;NEG_SHIFT,156;234;295;164,"merged_fm.groupby(PLATE_COL)[""warping_index""].shift(-1);GroupKFold(n_splits=n_splits);GroupShuffleSplit(n_splits=1, test_size=test_size, random_state=seed);merged_fm[TARGET_COL].sample(frac=1.0, random_state=42)"
199_test_no_op_summary.txt,0.1307,199_test_no_op.py,Y,GLOBAL_SHUFFLE;KFOLD_TS;NEG_SHIFT,156;234;295;164,"merged_fm.groupby(PLATE_COL)[""warping_index""].shift(-1);GroupKFold(n_splits=n_splits);GroupShuffleSplit(n_splits=1, test_size=test_size, random_state=seed);merged_fm[TARGET_COL].sample(frac=1.0, random_state=42)"
126_test_summary.txt,0.129,126_test.py,Y,FIT_ON_FULL;KFOLD_TS;NEG_SHIFT,185;312;354;151;392;527;135;138;146,"df.groupby(PLATE_COL)[""warping_index""].shift(-1);GroupKFold(n_splits=min(5, tr[PLATE_COL].nunique()));GroupShuffleSplit(n_splits=1, test_size=test_size, random_state=SEED);model.fit(X, y);selector.fit(Xtr.values, ytr);selector.fit(Xtr.values, ytr_perm);model.fit(X, y);model.fit(X, y, sample_weight=sample_weight);model.fit(X, y, **{f""{last_name}__sample_weight"": sample_weight})"
269_test_summary.txt,0.1284,269_test.py,Y,FIT_ON_FULL;KFOLD_TS;NEG_SHIFT,173;388;456;489;336;439;426;429;518;595;436,"df.groupby(PLATE_COL)[""warping_index""].shift(-1);GroupKFold(n_splits=min(3, len(np.unique(groups))));GroupKFold(n_splits=min(3, len(np.unique(groups))));GroupShuffleSplit(n_splits=1, test_size=test_size, random_state=SEED);SelectKBest(score_func=f_regression, k=k).fit(Xtr.values, ytr);model.fit(X, y);model.fit(X, y);model.fit(X, y, sample_weight=sample_weight);_y_scale_fit(ytr, Y_SCALE_MODE);_y_scale_fit(ytr, Y_SCALE_MODE);model.fit(X, y, **{f""{last_name}__sample_weight"": sample_weight})"
131_test_summary.txt,0.1266,131_test.py,Y,FIT_ON_FULL;KFOLD_TS;NEG_SHIFT,185;312;354;151;392;527;135;138;146,"df.groupby(PLATE_COL)[""warping_index""].shift(-1);GroupKFold(n_splits=min(5, tr[PLATE_COL].nunique()));GroupShuffleSplit(n_splits=1, test_size=test_size, random_state=SEED);model.fit(X, y);selector.fit(Xtr.values, ytr);selector.fit(Xtr.values, ytr_perm);model.fit(X, y);model.fit(X, y, sample_weight=sample_weight);model.fit(X, y, **{f""{last_name}__sample_weight"": sample_weight})"
097_test_no_op_summary.txt,0.1248,097_test_no_op.py,Y,GLOBAL_SHUFFLE;KFOLD_TS;NEG_SHIFT,190;265;289;322;394;198,"merged_fm.groupby(PLATE_COL)[""warping_index""].shift(-1);GroupKFold(n_splits=n_splits);GroupKFold(n_splits=5);GroupKFold(n_splits=n_splits);GroupShuffleSplit(n_splits=1, test_size=test_size, random_state=seed);merged_fm[TARGET_COL].sample(frac=1.0, random_state=42)"
098_test_no_op_summary.txt,0.1248,098_test_no_op.py,Y,GLOBAL_SHUFFLE;KFOLD_TS;NEG_SHIFT,190;265;289;322;394;198,"merged_fm.groupby(PLATE_COL)[""warping_index""].shift(-1);GroupKFold(n_splits=n_splits);GroupKFold(n_splits=5);GroupKFold(n_splits=n_splits);GroupShuffleSplit(n_splits=1, test_size=test_size, random_state=seed);merged_fm[TARGET_COL].sample(frac=1.0, random_state=42)"
255_test_summary.txt,0.124,255_test.py,Y,FIT_ON_FULL;KFOLD_TS;NEG_SHIFT,235;447;473;508;385;199;186;189;196,"df.groupby(PLATE_COL)[""warping_index""].shift(-1);GroupKFold(n_splits=min(n_splits, np.unique(groups).size));GroupKFold(n_splits=min(CV_SPLITS, np.unique(groups).size));GroupShuffleSplit(n_splits=1, test_size=test_size, random_state=SEED);GroupKFold(n_splits=min(5, n_groups));model.fit(X, y);model.fit(X, y);model.fit(X, y, sample_weight=sample_weight);model.fit(X, y, **{f""{last_name}__sample_weight"": sample_weight})"
133_test_summary.txt,0.1239,133_test.py,Y,FIT_ON_FULL;KFOLD_TS;NEG_SHIFT,185;312;354;151;392;527;135;138;146,"df.groupby(PLATE_COL)[""warping_index""].shift(-1);GroupKFold(n_splits=min(5, tr[PLATE_COL].nunique()));GroupShuffleSplit(n_splits=1, test_size=test_size, random_state=SEED);model.fit(X, y);selector.fit(Xtr.values, ytr);selector.fit(Xtr.values, ytr_perm);model.fit(X, y);model.fit(X, y, sample_weight=sample_weight);model.fit(X, y, **{f""{last_name}__sample_weight"": sample_weight})"
096_test_no_op_summary.txt,0.1207,096_test_no_op.py,Y,GLOBAL_SHUFFLE;KFOLD_TS;NEG_SHIFT,190;265;293;309;379;198,"merged_fm.groupby(PLATE_COL)[""warping_index""].shift(-1);GroupKFold(n_splits=n_splits);GroupKFold(n_splits=5);GroupKFold(n_splits=n_splits);GroupShuffleSplit(n_splits=1, test_size=test_size, random_state=seed);merged_fm[TARGET_COL].sample(frac=1.0, random_state=42)"
028_r2_uplift_final_v4_S0_summary.txt,0.1174,028_test.py,Y,FIT_ON_FULL;KFOLD_TS;NEG_SHIFT,216;220;351;375;395;584;435;449;534;537;386;567;593;772;775;562;589;594;637;555;565;590;638;550;553,"merged.groupby(PLATE_COL)[""warping_index""].shift(-1);merged.groupby(PLATE_COL)[PASS_COL].shift(-1);GroupKFold(n_splits=CV_FOLDS);GroupKFold(n_splits=CV_FOLDS);GroupKFold(n_splits=CV_FOLDS);GroupKFold(n_splits=CV_FOLDS);GroupShuffleSplit(n_splits=1, test_size=TEST_SIZE, random_state=SEED);GroupShuffleSplit(n_splits=1, test_size=TEST_SIZE, random_state=seed);GroupShuffleSplit(n_splits=1, test_size=0.2, random_state=SEED);GroupShuffleSplit(n_splits=1, test_size=0.2, random_state=SEED);clf.fit(Xcat.values, yclf);m.fit(Xfit, yfit, sample_weight=sw_fit);mf.fit(X, y, eval_set=[(X, y)], early_stopping_rounds=10, verbose=False);m.fit(Xtr, ytr);m.fit(Xtr, ytr);m.fit(Xfit, yfit, sample_weight=sw_fit,                   eval_set=[(Xval, yval)], early_stopping_rounds=50, verbose=Fal;m.fit(X[tr_i], y[tr_i], eval_set=[(X[va_i], y[va_i])], early_stopping_rounds=50, verbose=False);mf.fit(X, y);mf_rep.fit(Xtr, y_tr, eval_set=[(Xtr, y_tr)], early_stopping_rounds=10, verbose=False);m.fit(Xfit, yfit, sample_weight=sw_fit);m.fit(Xfit, yfit, sample_weight=sw_fit);m.fit(X[tr_i], y[tr_i]);mf_rep.fit(Xtr, y_tr);m.fit(Xfit, yfit, sample_weight=sw_fit,                           eval_set=[(Xval, yval)], early_stopping_rounds=50, ver;m.fit(Xfit, yfit, sample_weight=sw_fit)"
023_r2_grid_11_on_S0+X2E_YJ_summary.txt,0.1097,023_test_no_op.py,Y,FIT_ON_FULL;KFOLD_TS;NEG_SHIFT,213;215;353;378;398;596;439;453;543;546;389;578;606;825;830;572;601;607;661;565;576;602;662;559;563,"merged.groupby(PLATE_COL)[""warping_index""].shift(-1);merged.groupby(PLATE_COL)[PASS_COL].shift(-1);GroupKFold(n_splits=CV_FOLDS);GroupKFold(n_splits=CV_FOLDS);GroupKFold(n_splits=CV_FOLDS);GroupKFold(n_splits=CV_FOLDS);GroupShuffleSplit(n_splits=1, test_size=TEST_SIZE, random_state=SEED);GroupShuffleSplit(n_splits=1, test_size=TEST_SIZE, random_state=seed);GroupShuffleSplit(n_splits=1, test_size=0.2, random_state=SEED);GroupShuffleSplit(n_splits=1, test_size=0.2, random_state=SEED);clf.fit(Xcat.values, yclf);m.fit(Xfit, yfit, sample_weight=sw_fit);mf.fit(X, y, eval_set=[(X, y)], early_stopping_rounds=10, verbose=False);m.fit(Xtr, ytr);m.fit(Xtr, ytr);m.fit(Xfit, yfit, sample_weight=sw_fit,                   eval_set=[(Xval, yval)],                   early_stopping_roun;m.fit(X[tr_i], y[tr_i], eval_set=[(X[va_i], y[va_i])], early_stopping_rounds=50, verbose=False);mf.fit(X, y);mf_rep.fit(Xtr, y_tr, eval_set=[(Xtr, y_tr)], early_stopping_rounds=10, verbose=False);m.fit(Xfit, yfit, sample_weight=sw_fit);m.fit(Xfit, yfit, sample_weight=sw_fit);m.fit(X[tr_i], y[tr_i]);mf_rep.fit(Xtr, y_tr);m.fit(Xfit, yfit, sample_weight=sw_fit,                           eval_set=[(Xval, yval)],                           ear;m.fit(Xfit, yfit, sample_weight=sw_fit)"
030_r2_uplift_final_v4_S0_summary.txt,0.1096,030_test.py,Y,FIT_ON_FULL;KFOLD_TS;NEG_SHIFT,216;220;351;375;395;655;441;455;604;607;561;638;386;626;664;843;846;539;633;660;665;708;550;621;661;709,"merged.groupby(PLATE_COL)[""warping_index""].shift(-1);merged.groupby(PLATE_COL)[PASS_COL].shift(-1);GroupKFold(n_splits=CV_FOLDS);GroupKFold(n_splits=CV_FOLDS);GroupKFold(n_splits=CV_FOLDS);GroupKFold(n_splits=CV_FOLDS);GroupShuffleSplit(n_splits=1, test_size=TEST_SIZE, random_state=SEED);GroupShuffleSplit(n_splits=1, test_size=TEST_SIZE, random_state=seed);GroupShuffleSplit(n_splits=1, test_size=0.2, random_state=SEED);GroupShuffleSplit(n_splits=1, test_size=0.2, random_state=SEED);model.fit(Xfit, yfit, **fit_kwargs);_safe_fit(m, Xfit, yfit, Xval, yval, sw_fit);clf.fit(Xcat.values, yclf);m.fit(X, y, sample_weight=sw);mf.fit(X, y, eval_set=[(X, y)], early_stopping_rounds=10, verbose=False);m.fit(Xtr, ytr);m.fit(Xtr, ytr);model.fit(Xfit, yfit, **fit_kwargs);_safe_fit(m, Xfit, yfit, Xval, yval, sw_fit);m.fit(X[tr_i], y[tr_i], eval_set=[(X[va_i], y[va_i])], early_stopping_rounds=50, verbose=False);mf.fit(X, y);mf_rep.fit(Xtr, y_tr, eval_set=[(Xtr, y_tr)], early_stopping_rounds=10, verbose=False);model.fit(Xfit, yfit, **fit_kwargs);m.fit(X, y, sample_weight=sw, eval_set=[(Xv, yv)], callbacks=cb, verbose=False);m.fit(X[tr_i], y[tr_i]);mf_rep.fit(Xtr, y_tr)"
033_r2_uplift_final_v4_XGB_S0_summary.txt,0.1096,033_test.py,Y,FIT_ON_FULL;KFOLD_TS;NEG_SHIFT,216;220;351;375;395;655;441;455;604;607;561;638;386;626;664;843;846;539;633;660;665;708;550;621;661;709,"merged.groupby(PLATE_COL)[""warping_index""].shift(-1);merged.groupby(PLATE_COL)[PASS_COL].shift(-1);GroupKFold(n_splits=CV_FOLDS);GroupKFold(n_splits=CV_FOLDS);GroupKFold(n_splits=CV_FOLDS);GroupKFold(n_splits=CV_FOLDS);GroupShuffleSplit(n_splits=1, test_size=TEST_SIZE, random_state=SEED);GroupShuffleSplit(n_splits=1, test_size=TEST_SIZE, random_state=seed);GroupShuffleSplit(n_splits=1, test_size=0.2, random_state=SEED);GroupShuffleSplit(n_splits=1, test_size=0.2, random_state=SEED);model.fit(Xfit, yfit, **fit_kwargs);_safe_fit(m, Xfit, yfit, Xval, yval, sw_fit);clf.fit(Xcat.values, yclf);m.fit(X, y, sample_weight=sw);mf.fit(X, y, eval_set=[(X, y)], early_stopping_rounds=10, verbose=False);m.fit(Xtr, ytr);m.fit(Xtr, ytr);model.fit(Xfit, yfit, **fit_kwargs);_safe_fit(m, Xfit, yfit, Xval, yval, sw_fit);m.fit(X[tr_i], y[tr_i], eval_set=[(X[va_i], y[va_i])], early_stopping_rounds=50, verbose=False);mf.fit(X, y);mf_rep.fit(Xtr, y_tr, eval_set=[(Xtr, y_tr)], early_stopping_rounds=10, verbose=False);model.fit(Xfit, yfit, **fit_kwargs);m.fit(X, y, sample_weight=sw, eval_set=[(Xv, yv)], callbacks=cb, verbose=False);m.fit(X[tr_i], y[tr_i]);mf_rep.fit(Xtr, y_tr)"
033_r2_uplift_final_v4_s0strict_S0_summary.txt,0.1096,033_test.py,Y,FIT_ON_FULL;KFOLD_TS;NEG_SHIFT,216;220;351;375;395;655;441;455;604;607;561;638;386;626;664;843;846;539;633;660;665;708;550;621;661;709,"merged.groupby(PLATE_COL)[""warping_index""].shift(-1);merged.groupby(PLATE_COL)[PASS_COL].shift(-1);GroupKFold(n_splits=CV_FOLDS);GroupKFold(n_splits=CV_FOLDS);GroupKFold(n_splits=CV_FOLDS);GroupKFold(n_splits=CV_FOLDS);GroupShuffleSplit(n_splits=1, test_size=TEST_SIZE, random_state=SEED);GroupShuffleSplit(n_splits=1, test_size=TEST_SIZE, random_state=seed);GroupShuffleSplit(n_splits=1, test_size=0.2, random_state=SEED);GroupShuffleSplit(n_splits=1, test_size=0.2, random_state=SEED);model.fit(Xfit, yfit, **fit_kwargs);_safe_fit(m, Xfit, yfit, Xval, yval, sw_fit);clf.fit(Xcat.values, yclf);m.fit(X, y, sample_weight=sw);mf.fit(X, y, eval_set=[(X, y)], early_stopping_rounds=10, verbose=False);m.fit(Xtr, ytr);m.fit(Xtr, ytr);model.fit(Xfit, yfit, **fit_kwargs);_safe_fit(m, Xfit, yfit, Xval, yval, sw_fit);m.fit(X[tr_i], y[tr_i], eval_set=[(X[va_i], y[va_i])], early_stopping_rounds=50, verbose=False);mf.fit(X, y);mf_rep.fit(Xtr, y_tr, eval_set=[(Xtr, y_tr)], early_stopping_rounds=10, verbose=False);model.fit(Xfit, yfit, **fit_kwargs);m.fit(X, y, sample_weight=sw, eval_set=[(Xv, yv)], callbacks=cb, verbose=False);m.fit(X[tr_i], y[tr_i]);mf_rep.fit(Xtr, y_tr)"
035_r2_uplift_final_v4_RF_S0_summary.txt,0.1096,035_test.py,Y,FIT_ON_FULL;KFOLD_TS;NEG_SHIFT,216;220;351;375;395;655;441;455;604;607;561;638;386;626;664;843;846;539;633;660;665;708;550;621;661;709,"merged.groupby(PLATE_COL)[""warping_index""].shift(-1);merged.groupby(PLATE_COL)[PASS_COL].shift(-1);GroupKFold(n_splits=CV_FOLDS);GroupKFold(n_splits=CV_FOLDS);GroupKFold(n_splits=CV_FOLDS);GroupKFold(n_splits=CV_FOLDS);GroupShuffleSplit(n_splits=1, test_size=TEST_SIZE, random_state=SEED);GroupShuffleSplit(n_splits=1, test_size=TEST_SIZE, random_state=seed);GroupShuffleSplit(n_splits=1, test_size=0.2, random_state=SEED);GroupShuffleSplit(n_splits=1, test_size=0.2, random_state=SEED);model.fit(Xfit, yfit, **fit_kwargs);_safe_fit(m, Xfit, yfit, Xval, yval, sw_fit);clf.fit(Xcat.values, yclf);m.fit(X, y, sample_weight=sw);mf.fit(X, y, eval_set=[(X, y)], early_stopping_rounds=10, verbose=False);m.fit(Xtr, ytr);m.fit(Xtr, ytr);model.fit(Xfit, yfit, **fit_kwargs);_safe_fit(m, Xfit, yfit, Xval, yval, sw_fit);m.fit(X[tr_i], y[tr_i], eval_set=[(X[va_i], y[va_i])], early_stopping_rounds=50, verbose=False);mf.fit(X, y);mf_rep.fit(Xtr, y_tr, eval_set=[(Xtr, y_tr)], early_stopping_rounds=10, verbose=False);model.fit(Xfit, yfit, **fit_kwargs);m.fit(X, y, sample_weight=sw, eval_set=[(Xv, yv)], callbacks=cb, verbose=False);m.fit(X[tr_i], y[tr_i]);mf_rep.fit(Xtr, y_tr)"
037_r2_uplift_final_v4_ET_S0_summary.txt,0.1096,037_test.py,Y,FIT_ON_FULL;KFOLD_TS;NEG_SHIFT,216;220;351;375;395;655;441;455;604;607;561;638;386;626;664;843;846;539;633;660;665;708;550;621;661;709,"merged.groupby(PLATE_COL)[""warping_index""].shift(-1);merged.groupby(PLATE_COL)[PASS_COL].shift(-1);GroupKFold(n_splits=CV_FOLDS);GroupKFold(n_splits=CV_FOLDS);GroupKFold(n_splits=CV_FOLDS);GroupKFold(n_splits=CV_FOLDS);GroupShuffleSplit(n_splits=1, test_size=TEST_SIZE, random_state=SEED);GroupShuffleSplit(n_splits=1, test_size=TEST_SIZE, random_state=seed);GroupShuffleSplit(n_splits=1, test_size=0.2, random_state=SEED);GroupShuffleSplit(n_splits=1, test_size=0.2, random_state=SEED);model.fit(Xfit, yfit, **fit_kwargs);_safe_fit(m, Xfit, yfit, Xval, yval, sw_fit);clf.fit(Xcat.values, yclf);m.fit(X, y, sample_weight=sw);mf.fit(X, y, eval_set=[(X, y)], early_stopping_rounds=10, verbose=False);m.fit(Xtr, ytr);m.fit(Xtr, ytr);model.fit(Xfit, yfit, **fit_kwargs);_safe_fit(m, Xfit, yfit, Xval, yval, sw_fit);m.fit(X[tr_i], y[tr_i], eval_set=[(X[va_i], y[va_i])], early_stopping_rounds=50, verbose=False);mf.fit(X, y);mf_rep.fit(Xtr, y_tr, eval_set=[(Xtr, y_tr)], early_stopping_rounds=10, verbose=False);model.fit(Xfit, yfit, **fit_kwargs);m.fit(X, y, sample_weight=sw, eval_set=[(Xv, yv)], callbacks=cb, verbose=False);m.fit(X[tr_i], y[tr_i]);mf_rep.fit(Xtr, y_tr)"
039_r2_uplift_final_v4_HGB_S0_summary.txt,0.1096,039_test.py,Y,FIT_ON_FULL;KFOLD_TS;NEG_SHIFT,216;220;351;375;395;655;441;455;604;607;561;638;386;626;664;843;846;539;633;660;665;708;550;621;661;709,"merged.groupby(PLATE_COL)[""warping_index""].shift(-1);merged.groupby(PLATE_COL)[PASS_COL].shift(-1);GroupKFold(n_splits=CV_FOLDS);GroupKFold(n_splits=CV_FOLDS);GroupKFold(n_splits=CV_FOLDS);GroupKFold(n_splits=CV_FOLDS);GroupShuffleSplit(n_splits=1, test_size=TEST_SIZE, random_state=SEED);GroupShuffleSplit(n_splits=1, test_size=TEST_SIZE, random_state=seed);GroupShuffleSplit(n_splits=1, test_size=0.2, random_state=SEED);GroupShuffleSplit(n_splits=1, test_size=0.2, random_state=SEED);model.fit(Xfit, yfit, **fit_kwargs);_safe_fit(m, Xfit, yfit, Xval, yval, sw_fit);clf.fit(Xcat.values, yclf);m.fit(X, y, sample_weight=sw);mf.fit(X, y, eval_set=[(X, y)], early_stopping_rounds=10, verbose=False);m.fit(Xtr, ytr);m.fit(Xtr, ytr);model.fit(Xfit, yfit, **fit_kwargs);_safe_fit(m, Xfit, yfit, Xval, yval, sw_fit);m.fit(X[tr_i], y[tr_i], eval_set=[(X[va_i], y[va_i])], early_stopping_rounds=50, verbose=False);mf.fit(X, y);mf_rep.fit(Xtr, y_tr, eval_set=[(Xtr, y_tr)], early_stopping_rounds=10, verbose=False);model.fit(Xfit, yfit, **fit_kwargs);m.fit(X, y, sample_weight=sw, eval_set=[(Xv, yv)], callbacks=cb, verbose=False);m.fit(X[tr_i], y[tr_i]);mf_rep.fit(Xtr, y_tr)"
041_r2_uplift_final_v4_GBR_S0_summary.txt,0.1096,041_test.py,Y,FIT_ON_FULL;KFOLD_TS;NEG_SHIFT,216;220;351;375;395;655;441;455;604;607;561;638;386;626;664;843;846;539;633;660;665;708;550;621;661;709,"merged.groupby(PLATE_COL)[""warping_index""].shift(-1);merged.groupby(PLATE_COL)[PASS_COL].shift(-1);GroupKFold(n_splits=CV_FOLDS);GroupKFold(n_splits=CV_FOLDS);GroupKFold(n_splits=CV_FOLDS);GroupKFold(n_splits=CV_FOLDS);GroupShuffleSplit(n_splits=1, test_size=TEST_SIZE, random_state=SEED);GroupShuffleSplit(n_splits=1, test_size=TEST_SIZE, random_state=seed);GroupShuffleSplit(n_splits=1, test_size=0.2, random_state=SEED);GroupShuffleSplit(n_splits=1, test_size=0.2, random_state=SEED);model.fit(Xfit, yfit, **fit_kwargs);_safe_fit(m, Xfit, yfit, Xval, yval, sw_fit);clf.fit(Xcat.values, yclf);m.fit(X, y, sample_weight=sw);mf.fit(X, y, eval_set=[(X, y)], early_stopping_rounds=10, verbose=False);m.fit(Xtr, ytr);m.fit(Xtr, ytr);model.fit(Xfit, yfit, **fit_kwargs);_safe_fit(m, Xfit, yfit, Xval, yval, sw_fit);m.fit(X[tr_i], y[tr_i], eval_set=[(X[va_i], y[va_i])], early_stopping_rounds=50, verbose=False);mf.fit(X, y);mf_rep.fit(Xtr, y_tr, eval_set=[(Xtr, y_tr)], early_stopping_rounds=10, verbose=False);model.fit(Xfit, yfit, **fit_kwargs);m.fit(X, y, sample_weight=sw, eval_set=[(Xv, yv)], callbacks=cb, verbose=False);m.fit(X[tr_i], y[tr_i]);mf_rep.fit(Xtr, y_tr)"
043_r2_uplift_final_v4_ENET_S0_summary.txt,0.1096,043_test.py,Y,FIT_ON_FULL;KFOLD_TS;NEG_SHIFT,216;220;351;375;395;655;441;455;604;607;561;638;386;626;664;843;846;539;633;660;665;708;550;621;661;709,"merged.groupby(PLATE_COL)[""warping_index""].shift(-1);merged.groupby(PLATE_COL)[PASS_COL].shift(-1);GroupKFold(n_splits=CV_FOLDS);GroupKFold(n_splits=CV_FOLDS);GroupKFold(n_splits=CV_FOLDS);GroupKFold(n_splits=CV_FOLDS);GroupShuffleSplit(n_splits=1, test_size=TEST_SIZE, random_state=SEED);GroupShuffleSplit(n_splits=1, test_size=TEST_SIZE, random_state=seed);GroupShuffleSplit(n_splits=1, test_size=0.2, random_state=SEED);GroupShuffleSplit(n_splits=1, test_size=0.2, random_state=SEED);model.fit(Xfit, yfit, **fit_kwargs);_safe_fit(m, Xfit, yfit, Xval, yval, sw_fit);clf.fit(Xcat.values, yclf);m.fit(X, y, sample_weight=sw);mf.fit(X, y, eval_set=[(X, y)], early_stopping_rounds=10, verbose=False);m.fit(Xtr, ytr);m.fit(Xtr, ytr);model.fit(Xfit, yfit, **fit_kwargs);_safe_fit(m, Xfit, yfit, Xval, yval, sw_fit);m.fit(X[tr_i], y[tr_i], eval_set=[(X[va_i], y[va_i])], early_stopping_rounds=50, verbose=False);mf.fit(X, y);mf_rep.fit(Xtr, y_tr, eval_set=[(Xtr, y_tr)], early_stopping_rounds=10, verbose=False);model.fit(Xfit, yfit, **fit_kwargs);m.fit(X, y, sample_weight=sw, eval_set=[(Xv, yv)], callbacks=cb, verbose=False);m.fit(X[tr_i], y[tr_i]);mf_rep.fit(Xtr, y_tr)"
045_r2_uplift_final_v4_XGB_ADV_S0_summary.txt,0.1096,045_experiment.py,Y,FIT_ON_FULL;KFOLD_TS;NEG_SHIFT,155;245;269;344;476;384;544;490;485;488,"merged_fm.groupby(PLATE_COL)[""warping_index""].shift(-1);GroupKFold(n_splits=CV_FOLDS);GroupKFold(n_splits=CV_FOLDS);GroupShuffleSplit(n_splits=5, test_size=0.2, random_state=SEED);GroupShuffleSplit(n_splits=1, test_size=0.2, random_state=seed);GroupShuffleSplit(n_splits=1, test_size=TEST_SIZE, random_state=seed);m.fit(Xtr, ytr_perm);model.fit(Xfit, yfit, sample_weight=sw_fit);model.fit(Xfit, yfit, sample_weight=sw_fit,                       eval_set=[(Xval, yval)], early_stopping_rounds=50, ver;model.fit(Xfit, yfit, sample_weight=sw_fit)",045_test.py,Y,FIT_ON_FULL;KFOLD_TS;NEG_SHIFT,216;220;351;375;395;655;441;455;604;607;561;638;386;626;664;843;846;539;633;660;665;708;550;621;661;709,"merged.groupby(PLATE_COL)[""warping_index""].shift(-1);merged.groupby(PLATE_COL)[PASS_COL].shift(-1);GroupKFold(n_splits=CV_FOLDS);GroupKFold(n_splits=CV_FOLDS);GroupKFold(n_splits=CV_FOLDS);GroupKFold(n_splits=CV_FOLDS);GroupShuffleSplit(n_splits=1, test_size=TEST_SIZE, random_state=SEED);GroupShuffleSplit(n_splits=1, test_size=TEST_SIZE, random_state=seed);GroupShuffleSplit(n_splits=1, test_size=0.2, random_state=SEED);GroupShuffleSplit(n_splits=1, test_size=0.2, random_state=SEED);model.fit(Xfit, yfit, **fit_kwargs);_safe_fit(m, Xfit, yfit, Xval, yval, sw_fit);clf.fit(Xcat.values, yclf);m.fit(X, y, sample_weight=sw);mf.fit(X, y, eval_set=[(X, y)], early_stopping_rounds=10, verbose=False);m.fit(Xtr, ytr);m.fit(Xtr, ytr);model.fit(Xfit, yfit, **fit_kwargs);_safe_fit(m, Xfit, yfit, Xval, yval, sw_fit);m.fit(X[tr_i], y[tr_i], eval_set=[(X[va_i], y[va_i])], early_stopping_rounds=50, verbose=False);mf.fit(X, y);mf_rep.fit(Xtr, y_tr, eval_set=[(Xtr, y_tr)], early_stopping_rounds=10, verbose=False);model.fit(Xfit, yfit, **fit_kwargs);m.fit(X, y, sample_weight=sw, eval_set=[(Xv, yv)], callbacks=cb, verbose=False);m.fit(X[tr_i], y[tr_i]);mf_rep.fit(Xtr, y_tr)"
029_r2_uplift_final_v4_S0_summary.txt,0.1081,029_test.py,Y,FIT_ON_FULL;KFOLD_TS;NEG_SHIFT,216;220;351;375;395;662;435;449;615;618;554;386;644;671;850;853;532;667;672;715;543;634;668;716,"merged.groupby(PLATE_COL)[""warping_index""].shift(-1);merged.groupby(PLATE_COL)[PASS_COL].shift(-1);GroupKFold(n_splits=CV_FOLDS);GroupKFold(n_splits=CV_FOLDS);GroupKFold(n_splits=CV_FOLDS);GroupKFold(n_splits=CV_FOLDS);GroupShuffleSplit(n_splits=1, test_size=TEST_SIZE, random_state=SEED);GroupShuffleSplit(n_splits=1, test_size=TEST_SIZE, random_state=seed);GroupShuffleSplit(n_splits=1, test_size=0.2, random_state=SEED);GroupShuffleSplit(n_splits=1, test_size=0.2, random_state=SEED);model.fit(Xfit, yfit, **fit_kwargs);clf.fit(Xcat.values, yclf);m.fit(Xfit, yfit, sample_weight=sw_fit);mf.fit(X, y, eval_set=[(X, y)], early_stopping_rounds=10, verbose=False);m.fit(Xtr, ytr);m.fit(Xtr, ytr);model.fit(Xfit, yfit, **fit_kwargs);m.fit(X[tr_i], y[tr_i], eval_set=[(X[va_i], y[va_i])], early_stopping_rounds=50, verbose=False);mf.fit(X, y);mf_rep.fit(Xtr, y_tr, eval_set=[(Xtr, y_tr)], early_stopping_rounds=10, verbose=False);model.fit(Xfit, yfit, **fit_kwargs);m.fit(Xfit, yfit, sample_weight=sw_fit);m.fit(X[tr_i], y[tr_i]);mf_rep.fit(Xtr, y_tr)"
101_test_no_op_summary.txt,0.1054,101_test.py,Y,FIT_ON_FULL;KFOLD_TS;NEG_SHIFT,107;311;395;592;432;422;407;402;405,"merged_fm.groupby(PLATE_COL)[""warping_index""].shift(-1);GroupKFold(n_splits=5);GroupShuffleSplit(n_splits=1, test_size=0.2, random_state=seed);GroupShuffleSplit(n_splits=1, test_size=0.2, random_state=SEED+7);GroupShuffleSplit(n_splits=1, test_size=TEST_SIZE, random_state=SEED);GroupShuffleSplit(n_splits=1, test_size=TEST_SIZE, random_state=SEED);model.fit(Xfit, yfit, sample_weight=sw_fit);model.fit(Xfit, yfit, sample_weight=sw_fit,                       eval_set=[(Xval, yval)], early_stopping_rounds=50, ver;model.fit(Xfit, yfit, sample_weight=sw_fit)",101_test_no_op.py,Y,GLOBAL_SHUFFLE;KFOLD_TS;NEG_SHIFT,192;267;295;315;384;200,"merged_fm.groupby(PLATE_COL)[""warping_index""].shift(-1);GroupKFold(n_splits=n_splits);GroupKFold(n_splits=5);GroupKFold(n_splits=n_splits);GroupShuffleSplit(n_splits=1, test_size=test_size, random_state=seed);merged_fm[TARGET_COL].sample(frac=1.0, random_state=42)"
130_test_summary.txt,0.1038,130_test.py,Y,FIT_ON_FULL;KFOLD_TS;NEG_SHIFT,185;312;354;151;392;527;135;138;146,"df.groupby(PLATE_COL)[""warping_index""].shift(-1);GroupKFold(n_splits=min(5, tr[PLATE_COL].nunique()));GroupShuffleSplit(n_splits=1, test_size=test_size, random_state=SEED);model.fit(X, y);selector.fit(Xtr.values, ytr);selector.fit(Xtr.values, ytr_perm);model.fit(X, y);model.fit(X, y, sample_weight=sample_weight);model.fit(X, y, **{f""{last_name}__sample_weight"": sample_weight})"
033_r2_uplift_final_v4_s0strict_S0+TE2_summary.txt,0.1014,033_test.py,Y,FIT_ON_FULL;KFOLD_TS;NEG_SHIFT,216;220;351;375;395;655;441;455;604;607;561;638;386;626;664;843;846;539;633;660;665;708;550;621;661;709,"merged.groupby(PLATE_COL)[""warping_index""].shift(-1);merged.groupby(PLATE_COL)[PASS_COL].shift(-1);GroupKFold(n_splits=CV_FOLDS);GroupKFold(n_splits=CV_FOLDS);GroupKFold(n_splits=CV_FOLDS);GroupKFold(n_splits=CV_FOLDS);GroupShuffleSplit(n_splits=1, test_size=TEST_SIZE, random_state=SEED);GroupShuffleSplit(n_splits=1, test_size=TEST_SIZE, random_state=seed);GroupShuffleSplit(n_splits=1, test_size=0.2, random_state=SEED);GroupShuffleSplit(n_splits=1, test_size=0.2, random_state=SEED);model.fit(Xfit, yfit, **fit_kwargs);_safe_fit(m, Xfit, yfit, Xval, yval, sw_fit);clf.fit(Xcat.values, yclf);m.fit(X, y, sample_weight=sw);mf.fit(X, y, eval_set=[(X, y)], early_stopping_rounds=10, verbose=False);m.fit(Xtr, ytr);m.fit(Xtr, ytr);model.fit(Xfit, yfit, **fit_kwargs);_safe_fit(m, Xfit, yfit, Xval, yval, sw_fit);m.fit(X[tr_i], y[tr_i], eval_set=[(X[va_i], y[va_i])], early_stopping_rounds=50, verbose=False);mf.fit(X, y);mf_rep.fit(Xtr, y_tr, eval_set=[(Xtr, y_tr)], early_stopping_rounds=10, verbose=False);model.fit(Xfit, yfit, **fit_kwargs);m.fit(X, y, sample_weight=sw, eval_set=[(Xv, yv)], callbacks=cb, verbose=False);m.fit(X[tr_i], y[tr_i]);mf_rep.fit(Xtr, y_tr)"
045_r2_uplift_final_v4_XGB_ADV_S0+TE2_summary.txt,0.1014,045_experiment.py,Y,FIT_ON_FULL;KFOLD_TS;NEG_SHIFT,155;245;269;344;476;384;544;490;485;488,"merged_fm.groupby(PLATE_COL)[""warping_index""].shift(-1);GroupKFold(n_splits=CV_FOLDS);GroupKFold(n_splits=CV_FOLDS);GroupShuffleSplit(n_splits=5, test_size=0.2, random_state=SEED);GroupShuffleSplit(n_splits=1, test_size=0.2, random_state=seed);GroupShuffleSplit(n_splits=1, test_size=TEST_SIZE, random_state=seed);m.fit(Xtr, ytr_perm);model.fit(Xfit, yfit, sample_weight=sw_fit);model.fit(Xfit, yfit, sample_weight=sw_fit,                       eval_set=[(Xval, yval)], early_stopping_rounds=50, ver;model.fit(Xfit, yfit, sample_weight=sw_fit)",045_test.py,Y,FIT_ON_FULL;KFOLD_TS;NEG_SHIFT,216;220;351;375;395;655;441;455;604;607;561;638;386;626;664;843;846;539;633;660;665;708;550;621;661;709,"merged.groupby(PLATE_COL)[""warping_index""].shift(-1);merged.groupby(PLATE_COL)[PASS_COL].shift(-1);GroupKFold(n_splits=CV_FOLDS);GroupKFold(n_splits=CV_FOLDS);GroupKFold(n_splits=CV_FOLDS);GroupKFold(n_splits=CV_FOLDS);GroupShuffleSplit(n_splits=1, test_size=TEST_SIZE, random_state=SEED);GroupShuffleSplit(n_splits=1, test_size=TEST_SIZE, random_state=seed);GroupShuffleSplit(n_splits=1, test_size=0.2, random_state=SEED);GroupShuffleSplit(n_splits=1, test_size=0.2, random_state=SEED);model.fit(Xfit, yfit, **fit_kwargs);_safe_fit(m, Xfit, yfit, Xval, yval, sw_fit);clf.fit(Xcat.values, yclf);m.fit(X, y, sample_weight=sw);mf.fit(X, y, eval_set=[(X, y)], early_stopping_rounds=10, verbose=False);m.fit(Xtr, ytr);m.fit(Xtr, ytr);model.fit(Xfit, yfit, **fit_kwargs);_safe_fit(m, Xfit, yfit, Xval, yval, sw_fit);m.fit(X[tr_i], y[tr_i], eval_set=[(X[va_i], y[va_i])], early_stopping_rounds=50, verbose=False);mf.fit(X, y);mf_rep.fit(Xtr, y_tr, eval_set=[(Xtr, y_tr)], early_stopping_rounds=10, verbose=False);model.fit(Xfit, yfit, **fit_kwargs);m.fit(X, y, sample_weight=sw, eval_set=[(Xv, yv)], callbacks=cb, verbose=False);m.fit(X[tr_i], y[tr_i]);mf_rep.fit(Xtr, y_tr)"
122_test_summary.txt,0.1006,122_test.py,Y,FIT_ON_FULL;KFOLD_TS;NEG_SHIFT,185;312;354;151;392;527;135;138;146,"df.groupby(PLATE_COL)[""warping_index""].shift(-1);GroupKFold(n_splits=min(5, tr[PLATE_COL].nunique()));GroupShuffleSplit(n_splits=1, test_size=test_size, random_state=SEED);model.fit(X, y);selector.fit(Xtr.values, ytr);selector.fit(Xtr.values, ytr_perm);model.fit(X, y);model.fit(X, y, sample_weight=sample_weight);model.fit(X, y, **{f""{last_name}__sample_weight"": sample_weight})"
095_test_no_op_summary.txt,0.0991,095_experiment.py,Y,GLOBAL_SHUFFLE;KFOLD_TS;NEG_SHIFT,190;265;293;309;379;198,"merged_fm.groupby(PLATE_COL)[""warping_index""].shift(-1);GroupKFold(n_splits=n_splits);GroupKFold(n_splits=5);GroupKFold(n_splits=n_splits);GroupShuffleSplit(n_splits=1, test_size=test_size, random_state=seed);merged_fm[TARGET_COL].sample(frac=1.0, random_state=42)",095_test.py,Y,FIT_ON_FULL;KFOLD_TS;NEG_SHIFT,158;279;358;438;440,"merged_fm.groupby(PLATE_COL)[""warping_index""].shift(-1);GroupKFold(n_splits=min(5, len(np.unique(groups))) if len(np.unique(groups)) >= 3 else 3);GroupShuffleSplit(n_splits=1, test_size=0.2, random_state=SEED);model.fit(Xtr2, ytr, sample_weight=sample_weight);model.fit(Xtr2, ytr)"
271_test_summary.txt,0.0982,271_test.py,Y,FIT_ON_FULL;KFOLD_TS;NEG_SHIFT,173;388;456;489;336;439;426;429;518;595;436,"df.groupby(PLATE_COL)[""warping_index""].shift(-1);GroupKFold(n_splits=min(3, len(np.unique(groups))));GroupKFold(n_splits=min(3, len(np.unique(groups))));GroupShuffleSplit(n_splits=1, test_size=test_size, random_state=SEED);SelectKBest(score_func=f_regression, k=k).fit(Xtr.values, ytr);model.fit(X, y);model.fit(X, y);model.fit(X, y, sample_weight=sample_weight);_y_scale_fit(ytr, Y_SCALE_MODE);_y_scale_fit(ytr, Y_SCALE_MODE);model.fit(X, y, **{f""{last_name}__sample_weight"": sample_weight})"
101_test_summary.txt,0.0978,101_test.py,Y,FIT_ON_FULL;KFOLD_TS;NEG_SHIFT,107;311;395;592;432;422;407;402;405,"merged_fm.groupby(PLATE_COL)[""warping_index""].shift(-1);GroupKFold(n_splits=5);GroupShuffleSplit(n_splits=1, test_size=0.2, random_state=seed);GroupShuffleSplit(n_splits=1, test_size=0.2, random_state=SEED+7);GroupShuffleSplit(n_splits=1, test_size=TEST_SIZE, random_state=SEED);GroupShuffleSplit(n_splits=1, test_size=TEST_SIZE, random_state=SEED);model.fit(Xfit, yfit, sample_weight=sw_fit);model.fit(Xfit, yfit, sample_weight=sw_fit,                       eval_set=[(Xval, yval)], early_stopping_rounds=50, ver;model.fit(Xfit, yfit, sample_weight=sw_fit)",101_test_no_op.py,Y,GLOBAL_SHUFFLE;KFOLD_TS;NEG_SHIFT,192;267;295;315;384;200,"merged_fm.groupby(PLATE_COL)[""warping_index""].shift(-1);GroupKFold(n_splits=n_splits);GroupKFold(n_splits=5);GroupKFold(n_splits=n_splits);GroupShuffleSplit(n_splits=1, test_size=test_size, random_state=seed);merged_fm[TARGET_COL].sample(frac=1.0, random_state=42)"
026_r2_grid_11_off_S0+S1_summary.txt,0.096,026_test.py,Y,FIT_ON_FULL;KFOLD_TS;NEG_SHIFT,268;270;405;429;449;491;622;571;574;440;604;631;807;812;599;627;632;678;592;602;628;679;587;590,"merged.groupby(PLATE_COL)[""warping_index""].shift(-1);merged.groupby(PLATE_COL)[PASS_COL].shift(-1);GroupKFold(n_splits=CV_FOLDS);GroupKFold(n_splits=CV_FOLDS);GroupKFold(n_splits=CV_FOLDS);GroupShuffleSplit(n_splits=1, test_size=TEST_SIZE, random_state=SEED);GroupKFold(n_splits=CV_FOLDS);GroupShuffleSplit(n_splits=1, test_size=0.2, random_state=SEED);GroupShuffleSplit(n_splits=1, test_size=0.2, random_state=SEED);clf.fit(Xcat.values, yclf);m.fit(Xfit, yfit, sample_weight=sw_fit);mf.fit(X, y, eval_set=[(X, y)], early_stopping_rounds=10, verbose=False);m.fit(Xtr, ytr);m.fit(Xtr, ytr);m.fit(Xfit, yfit, sample_weight=sw_fit,                   eval_set=[(Xval, yval)], early_stopping_rounds=50, verbose=Fal;m.fit(X[tr_i], y[tr_i], eval_set=[(X[va_i], y[va_i])], early_stopping_rounds=50, verbose=False);mf.fit(X, y);mf_rep.fit(Xtr, y_tr, eval_set=[(Xtr, y_tr)], early_stopping_rounds=10, verbose=False);m.fit(Xfit, yfit, sample_weight=sw_fit);m.fit(Xfit, yfit, sample_weight=sw_fit);m.fit(X[tr_i], y[tr_i]);mf_rep.fit(Xtr, y_tr);m.fit(Xfit, yfit, sample_weight=sw_fit,                           eval_set=[(Xval, yval)], early_stopping_rounds=50, ver;m.fit(Xfit, yfit, sample_weight=sw_fit)"
026_r2_grid_11_off_S0_summary.txt,0.096,026_test.py,Y,FIT_ON_FULL;KFOLD_TS;NEG_SHIFT,268;270;405;429;449;491;622;571;574;440;604;631;807;812;599;627;632;678;592;602;628;679;587;590,"merged.groupby(PLATE_COL)[""warping_index""].shift(-1);merged.groupby(PLATE_COL)[PASS_COL].shift(-1);GroupKFold(n_splits=CV_FOLDS);GroupKFold(n_splits=CV_FOLDS);GroupKFold(n_splits=CV_FOLDS);GroupShuffleSplit(n_splits=1, test_size=TEST_SIZE, random_state=SEED);GroupKFold(n_splits=CV_FOLDS);GroupShuffleSplit(n_splits=1, test_size=0.2, random_state=SEED);GroupShuffleSplit(n_splits=1, test_size=0.2, random_state=SEED);clf.fit(Xcat.values, yclf);m.fit(Xfit, yfit, sample_weight=sw_fit);mf.fit(X, y, eval_set=[(X, y)], early_stopping_rounds=10, verbose=False);m.fit(Xtr, ytr);m.fit(Xtr, ytr);m.fit(Xfit, yfit, sample_weight=sw_fit,                   eval_set=[(Xval, yval)], early_stopping_rounds=50, verbose=Fal;m.fit(X[tr_i], y[tr_i], eval_set=[(X[va_i], y[va_i])], early_stopping_rounds=50, verbose=False);mf.fit(X, y);mf_rep.fit(Xtr, y_tr, eval_set=[(Xtr, y_tr)], early_stopping_rounds=10, verbose=False);m.fit(Xfit, yfit, sample_weight=sw_fit);m.fit(Xfit, yfit, sample_weight=sw_fit);m.fit(X[tr_i], y[tr_i]);mf_rep.fit(Xtr, y_tr);m.fit(Xfit, yfit, sample_weight=sw_fit,                           eval_set=[(Xval, yval)], early_stopping_rounds=50, ver;m.fit(Xfit, yfit, sample_weight=sw_fit)"
027_r2_uplift_final_v3_S0_summary.txt,0.096,027_test.py,Y,FIT_ON_FULL;KFOLD_TS;NEG_SHIFT,262;264;399;423;443;485;616;565;568;434;598;625;801;806;593;621;626;672;586;596;622;673;581;584,"merged.groupby(PLATE_COL)[""warping_index""].shift(-1);merged.groupby(PLATE_COL)[PASS_COL].shift(-1);GroupKFold(n_splits=CV_FOLDS);GroupKFold(n_splits=CV_FOLDS);GroupKFold(n_splits=CV_FOLDS);GroupShuffleSplit(n_splits=1, test_size=TEST_SIZE, random_state=SEED);GroupKFold(n_splits=CV_FOLDS);GroupShuffleSplit(n_splits=1, test_size=0.2, random_state=SEED);GroupShuffleSplit(n_splits=1, test_size=0.2, random_state=SEED);clf.fit(Xcat.values, yclf);m.fit(Xfit, yfit, sample_weight=sw_fit);mf.fit(X, y, eval_set=[(X, y)], early_stopping_rounds=10, verbose=False);m.fit(Xtr, ytr);m.fit(Xtr, ytr);m.fit(Xfit, yfit, sample_weight=sw_fit,                   eval_set=[(Xval, yval)], early_stopping_rounds=50, verbose=Fal;m.fit(X[tr_i], y[tr_i], eval_set=[(X[va_i], y[va_i])], early_stopping_rounds=50, verbose=False);mf.fit(X, y);mf_rep.fit(Xtr, y_tr, eval_set=[(Xtr, y_tr)], early_stopping_rounds=10, verbose=False);m.fit(Xfit, yfit, sample_weight=sw_fit);m.fit(Xfit, yfit, sample_weight=sw_fit);m.fit(X[tr_i], y[tr_i]);mf_rep.fit(Xtr, y_tr);m.fit(Xfit, yfit, sample_weight=sw_fit,                           eval_set=[(Xval, yval)], early_stopping_rounds=50, ver;m.fit(Xfit, yfit, sample_weight=sw_fit)"
239_test_no_op_summary.txt,0.096,239_test_no_op.py,Y,GLOBAL_SHUFFLE;KFOLD_TS;NEG_SHIFT,156;234;295;164,"merged_fm.groupby(PLATE_COL)[""warping_index""].shift(-1);GroupKFold(n_splits=n_splits);GroupShuffleSplit(n_splits=1, test_size=test_size, random_state=seed);merged_fm[TARGET_COL].sample(frac=1.0, random_state=42)"
229_test_no_op_summary.txt,0.0953,229_test_no_op.py,Y,GLOBAL_SHUFFLE;KFOLD_TS;NEG_SHIFT,156;234;295;164,"merged_fm.groupby(PLATE_COL)[""warping_index""].shift(-1);GroupKFold(n_splits=n_splits);GroupShuffleSplit(n_splits=1, test_size=test_size, random_state=seed);merged_fm[TARGET_COL].sample(frac=1.0, random_state=42)"
235_test_no_op_summary.txt,0.0949,235_test_no_op.py,Y,GLOBAL_SHUFFLE;KFOLD_TS;NEG_SHIFT,156;234;295;164,"merged_fm.groupby(PLATE_COL)[""warping_index""].shift(-1);GroupKFold(n_splits=n_splits);GroupShuffleSplit(n_splits=1, test_size=test_size, random_state=seed);merged_fm[TARGET_COL].sample(frac=1.0, random_state=42)"
225_test_no_op_summary.txt,0.0943,225_test_no_op.py,Y,GLOBAL_SHUFFLE;KFOLD_TS;NEG_SHIFT,156;234;295;164,"merged_fm.groupby(PLATE_COL)[""warping_index""].shift(-1);GroupKFold(n_splits=n_splits);GroupShuffleSplit(n_splits=1, test_size=test_size, random_state=seed);merged_fm[TARGET_COL].sample(frac=1.0, random_state=42)"
124_test_summary.txt,0.0928,124_test.py,Y,FIT_ON_FULL;KFOLD_TS;NEG_SHIFT,185;312;354;151;392;527;135;138;146,"df.groupby(PLATE_COL)[""warping_index""].shift(-1);GroupKFold(n_splits=min(5, tr[PLATE_COL].nunique()));GroupShuffleSplit(n_splits=1, test_size=test_size, random_state=SEED);model.fit(X, y);selector.fit(Xtr.values, ytr);selector.fit(Xtr.values, ytr_perm);model.fit(X, y);model.fit(X, y, sample_weight=sample_weight);model.fit(X, y, **{f""{last_name}__sample_weight"": sample_weight})"
026_r2_grid_11_off_S0+R1_summary.txt,0.0926,026_test.py,Y,FIT_ON_FULL;KFOLD_TS;NEG_SHIFT,268;270;405;429;449;491;622;571;574;440;604;631;807;812;599;627;632;678;592;602;628;679;587;590,"merged.groupby(PLATE_COL)[""warping_index""].shift(-1);merged.groupby(PLATE_COL)[PASS_COL].shift(-1);GroupKFold(n_splits=CV_FOLDS);GroupKFold(n_splits=CV_FOLDS);GroupKFold(n_splits=CV_FOLDS);GroupShuffleSplit(n_splits=1, test_size=TEST_SIZE, random_state=SEED);GroupKFold(n_splits=CV_FOLDS);GroupShuffleSplit(n_splits=1, test_size=0.2, random_state=SEED);GroupShuffleSplit(n_splits=1, test_size=0.2, random_state=SEED);clf.fit(Xcat.values, yclf);m.fit(Xfit, yfit, sample_weight=sw_fit);mf.fit(X, y, eval_set=[(X, y)], early_stopping_rounds=10, verbose=False);m.fit(Xtr, ytr);m.fit(Xtr, ytr);m.fit(Xfit, yfit, sample_weight=sw_fit,                   eval_set=[(Xval, yval)], early_stopping_rounds=50, verbose=Fal;m.fit(X[tr_i], y[tr_i], eval_set=[(X[va_i], y[va_i])], early_stopping_rounds=50, verbose=False);mf.fit(X, y);mf_rep.fit(Xtr, y_tr, eval_set=[(Xtr, y_tr)], early_stopping_rounds=10, verbose=False);m.fit(Xfit, yfit, sample_weight=sw_fit);m.fit(Xfit, yfit, sample_weight=sw_fit);m.fit(X[tr_i], y[tr_i]);mf_rep.fit(Xtr, y_tr);m.fit(Xfit, yfit, sample_weight=sw_fit,                           eval_set=[(Xval, yval)], early_stopping_rounds=50, ver;m.fit(Xfit, yfit, sample_weight=sw_fit)"
158_test_summary.txt,0.0896,158_test.py,Y,FIT_ON_FULL;KFOLD_TS;NEG_SHIFT,180;373;317;144;410;467;132;134;141,"df.groupby(PLATE_COL)[""warping_index""].shift(-1);GroupShuffleSplit(n_splits=1, test_size=test_size, random_state=SEED);GroupKFold(n_splits=min(5, n_groups));model.fit(X, y);selector.fit(Xtr.values, ytr);selector.fit(Xtr.values, ytr_perm);model.fit(X, y);model.fit(X, y, sample_weight=sample_weight);model.fit(X, y, **{f""{last_name}__sample_weight"": sample_weight})"
123_test_summary.txt,0.0818,123_test.py,Y,FIT_ON_FULL;KFOLD_TS;NEG_SHIFT,185;312;354;151;392;527;135;138;146,"df.groupby(PLATE_COL)[""warping_index""].shift(-1);GroupKFold(n_splits=min(5, tr[PLATE_COL].nunique()));GroupShuffleSplit(n_splits=1, test_size=test_size, random_state=SEED);model.fit(X, y);selector.fit(Xtr.values, ytr);selector.fit(Xtr.values, ytr_perm);model.fit(X, y);model.fit(X, y, sample_weight=sample_weight);model.fit(X, y, **{f""{last_name}__sample_weight"": sample_weight})"
125_test_summary.txt,0.0792,125_test.py,Y,FIT_ON_FULL;KFOLD_TS;NEG_SHIFT,185;312;354;151;392;527;135;138;146,"df.groupby(PLATE_COL)[""warping_index""].shift(-1);GroupKFold(n_splits=min(5, tr[PLATE_COL].nunique()));GroupShuffleSplit(n_splits=1, test_size=test_size, random_state=SEED);model.fit(X, y);selector.fit(Xtr.values, ytr);selector.fit(Xtr.values, ytr_perm);model.fit(X, y);model.fit(X, y, sample_weight=sample_weight);model.fit(X, y, **{f""{last_name}__sample_weight"": sample_weight})"
023_r2_grid_11_on_S0+X2E_MOE_summary.txt,0.078,023_test_no_op.py,Y,FIT_ON_FULL;KFOLD_TS;NEG_SHIFT,213;215;353;378;398;596;439;453;543;546;389;578;606;825;830;572;601;607;661;565;576;602;662;559;563,"merged.groupby(PLATE_COL)[""warping_index""].shift(-1);merged.groupby(PLATE_COL)[PASS_COL].shift(-1);GroupKFold(n_splits=CV_FOLDS);GroupKFold(n_splits=CV_FOLDS);GroupKFold(n_splits=CV_FOLDS);GroupKFold(n_splits=CV_FOLDS);GroupShuffleSplit(n_splits=1, test_size=TEST_SIZE, random_state=SEED);GroupShuffleSplit(n_splits=1, test_size=TEST_SIZE, random_state=seed);GroupShuffleSplit(n_splits=1, test_size=0.2, random_state=SEED);GroupShuffleSplit(n_splits=1, test_size=0.2, random_state=SEED);clf.fit(Xcat.values, yclf);m.fit(Xfit, yfit, sample_weight=sw_fit);mf.fit(X, y, eval_set=[(X, y)], early_stopping_rounds=10, verbose=False);m.fit(Xtr, ytr);m.fit(Xtr, ytr);m.fit(Xfit, yfit, sample_weight=sw_fit,                   eval_set=[(Xval, yval)],                   early_stopping_roun;m.fit(X[tr_i], y[tr_i], eval_set=[(X[va_i], y[va_i])], early_stopping_rounds=50, verbose=False);mf.fit(X, y);mf_rep.fit(Xtr, y_tr, eval_set=[(Xtr, y_tr)], early_stopping_rounds=10, verbose=False);m.fit(Xfit, yfit, sample_weight=sw_fit);m.fit(Xfit, yfit, sample_weight=sw_fit);m.fit(X[tr_i], y[tr_i]);mf_rep.fit(Xtr, y_tr);m.fit(Xfit, yfit, sample_weight=sw_fit,                           eval_set=[(Xval, yval)],                           ear;m.fit(Xfit, yfit, sample_weight=sw_fit)"
228_test_no_op_summary.txt,0.0758,228_test_no_op.py,Y,GLOBAL_SHUFFLE;KFOLD_TS;NEG_SHIFT,156;234;295;164,"merged_fm.groupby(PLATE_COL)[""warping_index""].shift(-1);GroupKFold(n_splits=n_splits);GroupShuffleSplit(n_splits=1, test_size=test_size, random_state=seed);merged_fm[TARGET_COL].sample(frac=1.0, random_state=42)"
238_test_no_op_summary.txt,0.0755,238_test_no_op.py,Y,GLOBAL_SHUFFLE;KFOLD_TS;NEG_SHIFT,156;234;295;164,"merged_fm.groupby(PLATE_COL)[""warping_index""].shift(-1);GroupKFold(n_splits=n_splits);GroupShuffleSplit(n_splits=1, test_size=test_size, random_state=seed);merged_fm[TARGET_COL].sample(frac=1.0, random_state=42)"
165_test_no_op_summary.txt,0.0735,165_test_no_op.py,Y,GLOBAL_SHUFFLE;KFOLD_TS;NEG_SHIFT,156;234;295;164,"merged_fm.groupby(PLATE_COL)[""warping_index""].shift(-1);GroupKFold(n_splits=n_splits);GroupShuffleSplit(n_splits=1, test_size=test_size, random_state=seed);merged_fm[TARGET_COL].sample(frac=1.0, random_state=42)"
175_test_no_op_summary.txt,0.0732,175_test_no_op.py,Y,GLOBAL_SHUFFLE;KFOLD_TS;NEG_SHIFT,156;234;295;164,"merged_fm.groupby(PLATE_COL)[""warping_index""].shift(-1);GroupKFold(n_splits=n_splits);GroupShuffleSplit(n_splits=1, test_size=test_size, random_state=seed);merged_fm[TARGET_COL].sample(frac=1.0, random_state=42)"
169_test_no_op_summary.txt,0.0722,169_test_no_op.py,Y,GLOBAL_SHUFFLE;KFOLD_TS;NEG_SHIFT,156;234;295;164,"merged_fm.groupby(PLATE_COL)[""warping_index""].shift(-1);GroupKFold(n_splits=n_splits);GroupShuffleSplit(n_splits=1, test_size=test_size, random_state=seed);merged_fm[TARGET_COL].sample(frac=1.0, random_state=42)"
179_test_no_op_summary.txt,0.0719,179_test_no_op.py,Y,GLOBAL_SHUFFLE;KFOLD_TS;NEG_SHIFT,156;234;295;164,"merged_fm.groupby(PLATE_COL)[""warping_index""].shift(-1);GroupKFold(n_splits=n_splits);GroupShuffleSplit(n_splits=1, test_size=test_size, random_state=seed);merged_fm[TARGET_COL].sample(frac=1.0, random_state=42)"
128_test_summary.txt,0.0677,128_test.py,Y,FIT_ON_FULL;KFOLD_TS;NEG_SHIFT,185;312;354;151;392;527;135;138;146,"df.groupby(PLATE_COL)[""warping_index""].shift(-1);GroupKFold(n_splits=min(5, tr[PLATE_COL].nunique()));GroupShuffleSplit(n_splits=1, test_size=test_size, random_state=SEED);model.fit(X, y);selector.fit(Xtr.values, ytr);selector.fit(Xtr.values, ytr_perm);model.fit(X, y);model.fit(X, y, sample_weight=sample_weight);model.fit(X, y, **{f""{last_name}__sample_weight"": sample_weight})"
120_test_summary.txt,0.0644,120_test.py,Y,FIT_ON_FULL;KFOLD_TS;NEG_SHIFT,185;312;354;151;392;527;135;138;146,"df.groupby(PLATE_COL)[""warping_index""].shift(-1);GroupKFold(n_splits=min(5, tr[PLATE_COL].nunique()));GroupShuffleSplit(n_splits=1, test_size=test_size, random_state=SEED);model.fit(X, y);selector.fit(Xtr.values, ytr);selector.fit(Xtr.values, ytr_perm);model.fit(X, y);model.fit(X, y, sample_weight=sample_weight);model.fit(X, y, **{f""{last_name}__sample_weight"": sample_weight})"
127_test_summary.txt,0.0566,127_test.py,Y,FIT_ON_FULL;KFOLD_TS;NEG_SHIFT,185;312;354;151;392;527;135;138;146,"df.groupby(PLATE_COL)[""warping_index""].shift(-1);GroupKFold(n_splits=min(5, tr[PLATE_COL].nunique()));GroupShuffleSplit(n_splits=1, test_size=test_size, random_state=SEED);model.fit(X, y);selector.fit(Xtr.values, ytr);selector.fit(Xtr.values, ytr_perm);model.fit(X, y);model.fit(X, y, sample_weight=sample_weight);model.fit(X, y, **{f""{last_name}__sample_weight"": sample_weight})"
129_test_summary.txt,0.054,129_test.py,Y,FIT_ON_FULL;KFOLD_TS;NEG_SHIFT,185;312;354;151;392;527;135;138;146,"df.groupby(PLATE_COL)[""warping_index""].shift(-1);GroupKFold(n_splits=min(5, tr[PLATE_COL].nunique()));GroupShuffleSplit(n_splits=1, test_size=test_size, random_state=SEED);model.fit(X, y);selector.fit(Xtr.values, ytr);selector.fit(Xtr.values, ytr_perm);model.fit(X, y);model.fit(X, y, sample_weight=sample_weight);model.fit(X, y, **{f""{last_name}__sample_weight"": sample_weight})"
188_test_no_op_summary.txt,0.0538,188_test_no_op.py,Y,GLOBAL_SHUFFLE;KFOLD_TS;NEG_SHIFT,156;234;295;164,"merged_fm.groupby(PLATE_COL)[""warping_index""].shift(-1);GroupKFold(n_splits=n_splits);GroupShuffleSplit(n_splits=1, test_size=test_size, random_state=seed);merged_fm[TARGET_COL].sample(frac=1.0, random_state=42)"
198_test_no_op_summary.txt,0.0537,198_test_no_op.py,Y,GLOBAL_SHUFFLE;KFOLD_TS;NEG_SHIFT,156;234;295;164,"merged_fm.groupby(PLATE_COL)[""warping_index""].shift(-1);GroupKFold(n_splits=n_splits);GroupShuffleSplit(n_splits=1, test_size=test_size, random_state=seed);merged_fm[TARGET_COL].sample(frac=1.0, random_state=42)"
119_test_summary.txt,0.0534,119_test.py,Y,FIT_ON_FULL;KFOLD_TS;NEG_SHIFT,185;312;354;151;392;527;135;138;146,"df.groupby(PLATE_COL)[""warping_index""].shift(-1);GroupKFold(n_splits=min(5, tr[PLATE_COL].nunique()));GroupShuffleSplit(n_splits=1, test_size=test_size, random_state=SEED);model.fit(X, y);selector.fit(Xtr.values, ytr);selector.fit(Xtr.values, ytr_perm);model.fit(X, y);model.fit(X, y, sample_weight=sample_weight);model.fit(X, y, **{f""{last_name}__sample_weight"": sample_weight})"
121_test_summary.txt,0.0508,121_test.py,Y,FIT_ON_FULL;KFOLD_TS;NEG_SHIFT,185;312;354;151;392;527;135;138;146,"df.groupby(PLATE_COL)[""warping_index""].shift(-1);GroupKFold(n_splits=min(5, tr[PLATE_COL].nunique()));GroupShuffleSplit(n_splits=1, test_size=test_size, random_state=SEED);model.fit(X, y);selector.fit(Xtr.values, ytr);selector.fit(Xtr.values, ytr_perm);model.fit(X, y);model.fit(X, y, sample_weight=sample_weight);model.fit(X, y, **{f""{last_name}__sample_weight"": sample_weight})"
208_test_no_op_summary.txt,0.0466,208_test_no_op.py,Y,GLOBAL_SHUFFLE;KFOLD_TS;NEG_SHIFT,156;234;295;164,"merged_fm.groupby(PLATE_COL)[""warping_index""].shift(-1);GroupKFold(n_splits=n_splits);GroupShuffleSplit(n_splits=1, test_size=test_size, random_state=seed);merged_fm[TARGET_COL].sample(frac=1.0, random_state=42)"
218_test_no_op_summary.txt,0.0455,218_test_no_op.py,Y,GLOBAL_SHUFFLE;KFOLD_TS;NEG_SHIFT,156;234;295;164,"merged_fm.groupby(PLATE_COL)[""warping_index""].shift(-1);GroupKFold(n_splits=n_splits);GroupShuffleSplit(n_splits=1, test_size=test_size, random_state=seed);merged_fm[TARGET_COL].sample(frac=1.0, random_state=42)"
168_test_no_op_summary.txt,0.0358,168_test_no_op.py,Y,GLOBAL_SHUFFLE;KFOLD_TS;NEG_SHIFT,156;234;295;164,"merged_fm.groupby(PLATE_COL)[""warping_index""].shift(-1);GroupKFold(n_splits=n_splits);GroupShuffleSplit(n_splits=1, test_size=test_size, random_state=seed);merged_fm[TARGET_COL].sample(frac=1.0, random_state=42)"
178_test_no_op_summary.txt,0.0353,178_test_no_op.py,Y,GLOBAL_SHUFFLE;KFOLD_TS;NEG_SHIFT,156;234;295;164,"merged_fm.groupby(PLATE_COL)[""warping_index""].shift(-1);GroupKFold(n_splits=n_splits);GroupShuffleSplit(n_splits=1, test_size=test_size, random_state=seed);merged_fm[TARGET_COL].sample(frac=1.0, random_state=42)"
254_test_summary.txt,0.0352,254_test.py,Y,FIT_ON_FULL;KFOLD_TS;NEG_SHIFT,235;447;473;508;385;199;186;189;196,"df.groupby(PLATE_COL)[""warping_index""].shift(-1);GroupKFold(n_splits=min(n_splits, np.unique(groups).size));GroupKFold(n_splits=min(CV_SPLITS, np.unique(groups).size));GroupShuffleSplit(n_splits=1, test_size=test_size, random_state=SEED);GroupKFold(n_splits=min(5, n_groups));model.fit(X, y);model.fit(X, y);model.fit(X, y, sample_weight=sample_weight);model.fit(X, y, **{f""{last_name}__sample_weight"": sample_weight})"
219_test_no_op_summary.txt,0.0189,219_test_no_op.py,Y,GLOBAL_SHUFFLE;KFOLD_TS;NEG_SHIFT,156;234;295;164,"merged_fm.groupby(PLATE_COL)[""warping_index""].shift(-1);GroupKFold(n_splits=n_splits);GroupShuffleSplit(n_splits=1, test_size=test_size, random_state=seed);merged_fm[TARGET_COL].sample(frac=1.0, random_state=42)"
209_test_no_op_summary.txt,0.0185,209_test_no_op.py,Y,GLOBAL_SHUFFLE;KFOLD_TS;NEG_SHIFT,156;234;295;164,"merged_fm.groupby(PLATE_COL)[""warping_index""].shift(-1);GroupKFold(n_splits=n_splits);GroupShuffleSplit(n_splits=1, test_size=test_size, random_state=seed);merged_fm[TARGET_COL].sample(frac=1.0, random_state=42)"
215_test_no_op_summary.txt,0.0163,215_test_no_op.py,Y,GLOBAL_SHUFFLE;KFOLD_TS;NEG_SHIFT,156;234;295;164,"merged_fm.groupby(PLATE_COL)[""warping_index""].shift(-1);GroupKFold(n_splits=n_splits);GroupShuffleSplit(n_splits=1, test_size=test_size, random_state=seed);merged_fm[TARGET_COL].sample(frac=1.0, random_state=42)"
205_test_no_op_summary.txt,0.016,205_test_no_op.py,Y,GLOBAL_SHUFFLE;KFOLD_TS;NEG_SHIFT,156;234;295;164,"merged_fm.groupby(PLATE_COL)[""warping_index""].shift(-1);GroupKFold(n_splits=n_splits);GroupShuffleSplit(n_splits=1, test_size=test_size, random_state=seed);merged_fm[TARGET_COL].sample(frac=1.0, random_state=42)"
032_r2_uplift_final_v4_s0strict_S0_summary.txt,0.0145,032_experiment.py,Y,FIT_ON_FULL;KFOLD_TS;NEG_SHIFT,126;234;348;420;199;197;202;430;426;428,"merged_fm.groupby(PLATE_COL)[""warping_index""].shift(-1);cross_val_score(model, X, y, cv=5, scoring=""r2"", n_jobs=-1);GroupShuffleSplit(n_splits=1, test_size=test_size, random_state=seed);GroupShuffleSplit(n_splits=1, test_size=0.2, random_state=seed);StandardScaler().fit_transform(X);iso.fit_predict(X);nn.fit(Xs);model.fit(Xfit, yfit);model.fit(Xfit, yfit, eval_set=[(Xval, yval)], early_stopping_rounds=50, verbose=False);model.fit(Xfit, yfit)",032_test.py,Y,FIT_ON_FULL;KFOLD_TS;NEG_SHIFT,216;220;351;375;395;690;441;455;625;628;561;386;668;669;671;672;699;878;881;539;659;661;695;700;743;550;646;648;696;744,"merged.groupby(PLATE_COL)[""warping_index""].shift(-1);merged.groupby(PLATE_COL)[PASS_COL].shift(-1);GroupKFold(n_splits=CV_FOLDS);GroupKFold(n_splits=CV_FOLDS);GroupKFold(n_splits=CV_FOLDS);GroupKFold(n_splits=CV_FOLDS);GroupShuffleSplit(n_splits=1, test_size=TEST_SIZE, random_state=SEED);GroupShuffleSplit(n_splits=1, test_size=TEST_SIZE, random_state=seed);GroupShuffleSplit(n_splits=1, test_size=0.2, random_state=SEED);GroupShuffleSplit(n_splits=1, test_size=0.2, random_state=SEED);model.fit(Xfit, yfit, **fit_kwargs);clf.fit(Xcat.values, yclf);m.fit(Xfit, yfit);m.fit(Xtr, ytr);m.fit(Xfit, yfit, sample_weight=sw_fit);m.fit(Xtr, ytr, sample_weight=sample_weight);mf.fit(X, y, eval_set=[(X, y)], early_stopping_rounds=10, verbose=False);m.fit(Xtr, ytr);m.fit(Xtr, ytr);model.fit(Xfit, yfit, **fit_kwargs);m_final.fit(Xtr, ytr);m_final.fit(Xtr, ytr, sample_weight=sample_weight);m.fit(X[tr_i], y[tr_i], eval_set=[(X[va_i], y[va_i])], early_stopping_rounds=50, verbose=False);mf.fit(X, y);mf_rep.fit(Xtr, y_tr, eval_set=[(Xtr, y_tr)], early_stopping_rounds=10, verbose=False);model.fit(Xfit, yfit, **fit_kwargs);m.fit(Xfit, yfit);m.fit(Xfit, yfit, sample_weight=sw_fit);m.fit(X[tr_i], y[tr_i]);mf_rep.fit(Xtr, y_tr)"
154_test_summary.txt,0.0102,154_test.py,Y,FIT_ON_FULL;KFOLD_TS;NEG_SHIFT,180;373;317;144;410;467;132;134;141,"df.groupby(PLATE_COL)[""warping_index""].shift(-1);GroupShuffleSplit(n_splits=1, test_size=test_size, random_state=SEED);GroupKFold(n_splits=min(5, n_groups));model.fit(X, y);selector.fit(Xtr.values, ytr);selector.fit(Xtr.values, ytr_perm);model.fit(X, y);model.fit(X, y, sample_weight=sample_weight);model.fit(X, y, **{f""{last_name}__sample_weight"": sample_weight})"
137_test_summary.txt,0.0094,137_test.py,Y,FIT_ON_FULL;KFOLD_TS;NEG_SHIFT,180;316;374;144;411;471;131;134;141,"df.groupby(PLATE_COL)[""warping_index""].shift(-1);GroupKFold(n_splits=n_splits);GroupShuffleSplit(n_splits=1, test_size=test_size, random_state=SEED);model.fit(X, y);selector.fit(Xtr.values, ytr);selector.fit(Xtr.values, ytr_perm);model.fit(X, y);model.fit(X, y, sample_weight=sample_weight);model.fit(X, y, **{f""{last_name}__sample_weight"": sample_weight})"
140_test_summary.txt,0.0094,140_test.py,Y,FIT_ON_FULL;KFOLD_TS;NEG_SHIFT,180;387;320;144;424;484;131;134;141,"df.groupby(PLATE_COL)[""warping_index""].shift(-1);GroupShuffleSplit(n_splits=1, test_size=test_size, random_state=SEED);GroupKFold(n_splits=min(5, n_groups));model.fit(X, y);selector.fit(Xtr.values, ytr);selector.fit(Xtr.values, ytr_perm);model.fit(X, y);model.fit(X, y, sample_weight=sample_weight);model.fit(X, y, **{f""{last_name}__sample_weight"": sample_weight})"
143_test_summary.txt,0.0094,143_test.py,Y,FIT_ON_FULL;KFOLD_TS;NEG_SHIFT,180;373;317;144;410;467;132;134;141,"df.groupby(PLATE_COL)[""warping_index""].shift(-1);GroupShuffleSplit(n_splits=1, test_size=test_size, random_state=SEED);GroupKFold(n_splits=min(5, n_groups));model.fit(X, y);selector.fit(Xtr.values, ytr);selector.fit(Xtr.values, ytr_perm);model.fit(X, y);model.fit(X, y, sample_weight=sample_weight);model.fit(X, y, **{f""{last_name}__sample_weight"": sample_weight})"
333_test_summary.txt,-0.0002,333_test.py,Y,FIT_ON_FULL;KFOLD_TS;NEG_SHIFT,186;388;471;360;431;421;423;610;429,"df.groupby(PLATE_COL)[""warping_index""].shift(-1);GroupKFold(n_splits=min(3, len(np.unique(groups))));GroupShuffleSplit(n_splits=1, test_size=test_size, random_state=SEED);SelectKBest(score_func=f_regression, k=k).fit(Xtr.values, ytr);model.fit(X, y);model.fit(X, y);model.fit(X, y, sample_weight=sample_weight);_y_scale_fit(ytr, ""mad"");model.fit(X, y, **{f""{last_name}__sample_weight"": sample_weight})"
231_test_no_op_summary.txt,-0.0011,231_test_no_op.py,Y,GLOBAL_SHUFFLE;KFOLD_TS;NEG_SHIFT,156;234;295;164,"merged_fm.groupby(PLATE_COL)[""warping_index""].shift(-1);GroupKFold(n_splits=n_splits);GroupShuffleSplit(n_splits=1, test_size=test_size, random_state=seed);merged_fm[TARGET_COL].sample(frac=1.0, random_state=42)"
241_test_no_op_summary.txt,-0.0013,241_test_no_op.py,Y,GLOBAL_SHUFFLE;KFOLD_TS;NEG_SHIFT,156;234;295;164,"merged_fm.groupby(PLATE_COL)[""warping_index""].shift(-1);GroupKFold(n_splits=n_splits);GroupShuffleSplit(n_splits=1, test_size=test_size, random_state=seed);merged_fm[TARGET_COL].sample(frac=1.0, random_state=42)"
201_test_no_op_summary.txt,-0.0014,201_test_no_op.py,Y,GLOBAL_SHUFFLE;KFOLD_TS;NEG_SHIFT,156;234;295;164,"merged_fm.groupby(PLATE_COL)[""warping_index""].shift(-1);GroupKFold(n_splits=n_splits);GroupShuffleSplit(n_splits=1, test_size=test_size, random_state=seed);merged_fm[TARGET_COL].sample(frac=1.0, random_state=42)"
227_test_no_op_summary.txt,-0.0016,227_test_no_op.py,Y,GLOBAL_SHUFFLE;KFOLD_TS;NEG_SHIFT,156;234;295;164,"merged_fm.groupby(PLATE_COL)[""warping_index""].shift(-1);GroupKFold(n_splits=n_splits);GroupShuffleSplit(n_splits=1, test_size=test_size, random_state=seed);merged_fm[TARGET_COL].sample(frac=1.0, random_state=42)"
237_test_no_op_summary.txt,-0.0016,237_test_no_op.py,Y,GLOBAL_SHUFFLE;KFOLD_TS;NEG_SHIFT,156;234;295;164,"merged_fm.groupby(PLATE_COL)[""warping_index""].shift(-1);GroupKFold(n_splits=n_splits);GroupShuffleSplit(n_splits=1, test_size=test_size, random_state=seed);merged_fm[TARGET_COL].sample(frac=1.0, random_state=42)"
197_test_no_op_summary.txt,-0.0019,197_test_no_op.py,Y,GLOBAL_SHUFFLE;KFOLD_TS;NEG_SHIFT,156;234;295;164,"merged_fm.groupby(PLATE_COL)[""warping_index""].shift(-1);GroupKFold(n_splits=n_splits);GroupShuffleSplit(n_splits=1, test_size=test_size, random_state=seed);merged_fm[TARGET_COL].sample(frac=1.0, random_state=42)"
191_test_no_op_summary.txt,-0.0022,191_test_no_op.py,Y,GLOBAL_SHUFFLE;KFOLD_TS;NEG_SHIFT,156;234;295;164,"merged_fm.groupby(PLATE_COL)[""warping_index""].shift(-1);GroupKFold(n_splits=n_splits);GroupShuffleSplit(n_splits=1, test_size=test_size, random_state=seed);merged_fm[TARGET_COL].sample(frac=1.0, random_state=42)"
246_test_summary.txt,-0.0024,246_test.py,Y,FIT_ON_FULL;KFOLD_TS;NEG_SHIFT,235;447;473;508;385;199;186;189;196,"df.groupby(PLATE_COL)[""warping_index""].shift(-1);GroupKFold(n_splits=min(n_splits, np.unique(groups).size));GroupKFold(n_splits=min(CV_SPLITS, np.unique(groups).size));GroupShuffleSplit(n_splits=1, test_size=test_size, random_state=SEED);GroupKFold(n_splits=min(5, n_groups));model.fit(X, y);model.fit(X, y);model.fit(X, y, sample_weight=sample_weight);model.fit(X, y, **{f""{last_name}__sample_weight"": sample_weight})"
253_test_summary.txt,-0.0024,253_test.py,Y,FIT_ON_FULL;KFOLD_TS;NEG_SHIFT,235;447;473;508;385;199;186;189;196,"df.groupby(PLATE_COL)[""warping_index""].shift(-1);GroupKFold(n_splits=min(n_splits, np.unique(groups).size));GroupKFold(n_splits=min(CV_SPLITS, np.unique(groups).size));GroupShuffleSplit(n_splits=1, test_size=test_size, random_state=SEED);GroupKFold(n_splits=min(5, n_groups));model.fit(X, y);model.fit(X, y);model.fit(X, y, sample_weight=sample_weight);model.fit(X, y, **{f""{last_name}__sample_weight"": sample_weight})"
187_test_no_op_summary.txt,-0.0027,187_test_no_op.py,Y,GLOBAL_SHUFFLE;KFOLD_TS;NEG_SHIFT,156;234;295;164,"merged_fm.groupby(PLATE_COL)[""warping_index""].shift(-1);GroupKFold(n_splits=n_splits);GroupShuffleSplit(n_splits=1, test_size=test_size, random_state=seed);merged_fm[TARGET_COL].sample(frac=1.0, random_state=42)"
334_test_summary.txt,-0.0037,334_test.py,Y,FIT_ON_FULL;KFOLD_TS;NEG_SHIFT,186;388;471;360;431;421;423;610;429,"df.groupby(PLATE_COL)[""warping_index""].shift(-1);GroupKFold(n_splits=min(3, len(np.unique(groups))));GroupShuffleSplit(n_splits=1, test_size=test_size, random_state=SEED);SelectKBest(score_func=f_regression, k=k).fit(Xtr.values, ytr);model.fit(X, y);model.fit(X, y);model.fit(X, y, sample_weight=sample_weight);_y_scale_fit(ytr, ""mad"");model.fit(X, y, **{f""{last_name}__sample_weight"": sample_weight})"
171_test_no_op_summary.txt,-0.0058,171_test_no_op.py,Y,GLOBAL_SHUFFLE;KFOLD_TS;NEG_SHIFT,156;234;295;164,"merged_fm.groupby(PLATE_COL)[""warping_index""].shift(-1);GroupKFold(n_splits=n_splits);GroupShuffleSplit(n_splits=1, test_size=test_size, random_state=seed);merged_fm[TARGET_COL].sample(frac=1.0, random_state=42)"
181_test_no_op_summary.txt,-0.0059,181_test_no_op.py,Y,GLOBAL_SHUFFLE;KFOLD_TS;NEG_SHIFT,156;234;295;164,"merged_fm.groupby(PLATE_COL)[""warping_index""].shift(-1);GroupKFold(n_splits=n_splits);GroupShuffleSplit(n_splits=1, test_size=test_size, random_state=seed);merged_fm[TARGET_COL].sample(frac=1.0, random_state=42)"
167_test_no_op_summary.txt,-0.006,167_test_no_op.py,Y,GLOBAL_SHUFFLE;KFOLD_TS;NEG_SHIFT,156;234;295;164,"merged_fm.groupby(PLATE_COL)[""warping_index""].shift(-1);GroupKFold(n_splits=n_splits);GroupShuffleSplit(n_splits=1, test_size=test_size, random_state=seed);merged_fm[TARGET_COL].sample(frac=1.0, random_state=42)"
177_test_no_op_summary.txt,-0.0061,177_test_no_op.py,Y,GLOBAL_SHUFFLE;KFOLD_TS;NEG_SHIFT,156;234;295;164,"merged_fm.groupby(PLATE_COL)[""warping_index""].shift(-1);GroupKFold(n_splits=n_splits);GroupShuffleSplit(n_splits=1, test_size=test_size, random_state=seed);merged_fm[TARGET_COL].sample(frac=1.0, random_state=42)"
221_test_no_op_summary.txt,-0.0062,221_test_no_op.py,Y,GLOBAL_SHUFFLE;KFOLD_TS;NEG_SHIFT,156;234;295;164,"merged_fm.groupby(PLATE_COL)[""warping_index""].shift(-1);GroupKFold(n_splits=n_splits);GroupShuffleSplit(n_splits=1, test_size=test_size, random_state=seed);merged_fm[TARGET_COL].sample(frac=1.0, random_state=42)"
217_test_no_op_summary.txt,-0.0065,217_test_no_op.py,Y,GLOBAL_SHUFFLE;KFOLD_TS;NEG_SHIFT,156;234;295;164,"merged_fm.groupby(PLATE_COL)[""warping_index""].shift(-1);GroupKFold(n_splits=n_splits);GroupShuffleSplit(n_splits=1, test_size=test_size, random_state=seed);merged_fm[TARGET_COL].sample(frac=1.0, random_state=42)"
211_test_no_op_summary.txt,-0.0066,211_test_no_op.py,Y,GLOBAL_SHUFFLE;KFOLD_TS;NEG_SHIFT,156;234;295;164,"merged_fm.groupby(PLATE_COL)[""warping_index""].shift(-1);GroupKFold(n_splits=n_splits);GroupShuffleSplit(n_splits=1, test_size=test_size, random_state=seed);merged_fm[TARGET_COL].sample(frac=1.0, random_state=42)"
207_test_no_op_summary.txt,-0.0069,207_test_no_op.py,Y,GLOBAL_SHUFFLE;KFOLD_TS;NEG_SHIFT,156;234;295;164,"merged_fm.groupby(PLATE_COL)[""warping_index""].shift(-1);GroupKFold(n_splits=n_splits);GroupShuffleSplit(n_splits=1, test_size=test_size, random_state=seed);merged_fm[TARGET_COL].sample(frac=1.0, random_state=42)"
045_pass_t_plus_1_cross_summary.txt,-0.0083,045_experiment.py,Y,FIT_ON_FULL;KFOLD_TS;NEG_SHIFT,155;245;269;344;476;384;544;490;485;488,"merged_fm.groupby(PLATE_COL)[""warping_index""].shift(-1);GroupKFold(n_splits=CV_FOLDS);GroupKFold(n_splits=CV_FOLDS);GroupShuffleSplit(n_splits=5, test_size=0.2, random_state=SEED);GroupShuffleSplit(n_splits=1, test_size=0.2, random_state=seed);GroupShuffleSplit(n_splits=1, test_size=TEST_SIZE, random_state=seed);m.fit(Xtr, ytr_perm);model.fit(Xfit, yfit, sample_weight=sw_fit);model.fit(Xfit, yfit, sample_weight=sw_fit,                       eval_set=[(Xval, yval)], early_stopping_rounds=50, ver;model.fit(Xfit, yfit, sample_weight=sw_fit)",045_test.py,Y,FIT_ON_FULL;KFOLD_TS;NEG_SHIFT,216;220;351;375;395;655;441;455;604;607;561;638;386;626;664;843;846;539;633;660;665;708;550;621;661;709,"merged.groupby(PLATE_COL)[""warping_index""].shift(-1);merged.groupby(PLATE_COL)[PASS_COL].shift(-1);GroupKFold(n_splits=CV_FOLDS);GroupKFold(n_splits=CV_FOLDS);GroupKFold(n_splits=CV_FOLDS);GroupKFold(n_splits=CV_FOLDS);GroupShuffleSplit(n_splits=1, test_size=TEST_SIZE, random_state=SEED);GroupShuffleSplit(n_splits=1, test_size=TEST_SIZE, random_state=seed);GroupShuffleSplit(n_splits=1, test_size=0.2, random_state=SEED);GroupShuffleSplit(n_splits=1, test_size=0.2, random_state=SEED);model.fit(Xfit, yfit, **fit_kwargs);_safe_fit(m, Xfit, yfit, Xval, yval, sw_fit);clf.fit(Xcat.values, yclf);m.fit(X, y, sample_weight=sw);mf.fit(X, y, eval_set=[(X, y)], early_stopping_rounds=10, verbose=False);m.fit(Xtr, ytr);m.fit(Xtr, ytr);model.fit(Xfit, yfit, **fit_kwargs);_safe_fit(m, Xfit, yfit, Xval, yval, sw_fit);m.fit(X[tr_i], y[tr_i], eval_set=[(X[va_i], y[va_i])], early_stopping_rounds=50, verbose=False);mf.fit(X, y);mf_rep.fit(Xtr, y_tr, eval_set=[(Xtr, y_tr)], early_stopping_rounds=10, verbose=False);model.fit(Xfit, yfit, **fit_kwargs);m.fit(X, y, sample_weight=sw, eval_set=[(Xv, yv)], callbacks=cb, verbose=False);m.fit(X[tr_i], y[tr_i]);mf_rep.fit(Xtr, y_tr)"
050_pass_t_plus_1_cross_summary.txt,-0.0083,050_experiment.py,Y,FIT_ON_FULL;KFOLD_TS;NEG_SHIFT,155;245;269;344;476;384;544;490;485;488,"merged_fm.groupby(PLATE_COL)[""warping_index""].shift(-1);GroupKFold(n_splits=CV_FOLDS);GroupKFold(n_splits=CV_FOLDS);GroupShuffleSplit(n_splits=5, test_size=0.2, random_state=SEED);GroupShuffleSplit(n_splits=1, test_size=0.2, random_state=seed);GroupShuffleSplit(n_splits=1, test_size=TEST_SIZE, random_state=seed);m.fit(Xtr, ytr_perm);model.fit(Xfit, yfit, sample_weight=sw_fit);model.fit(Xfit, yfit, sample_weight=sw_fit,                       eval_set=[(Xval, yval)], early_stopping_rounds=50, ver;model.fit(Xfit, yfit, sample_weight=sw_fit)"
051_pass_t_plus_1_cross_summary.txt,-0.0136,051_experiment.py,Y,FIT_ON_FULL;KFOLD_TS;NEG_SHIFT,155;245;269;344;476;384;544;490;485;488,"merged_fm.groupby(PLATE_COL)[""warping_index""].shift(-1);GroupKFold(n_splits=CV_FOLDS);GroupKFold(n_splits=CV_FOLDS);GroupShuffleSplit(n_splits=5, test_size=0.2, random_state=SEED);GroupShuffleSplit(n_splits=1, test_size=0.2, random_state=seed);GroupShuffleSplit(n_splits=1, test_size=TEST_SIZE, random_state=seed);m.fit(Xtr, ytr_perm);model.fit(Xfit, yfit, sample_weight=sw_fit);model.fit(Xfit, yfit, sample_weight=sw_fit,                       eval_set=[(Xval, yval)], early_stopping_rounds=50, ver;model.fit(Xfit, yfit, sample_weight=sw_fit)"
251_test_summary.txt,-0.0167,251_test.py,Y,FIT_ON_FULL;KFOLD_TS;NEG_SHIFT,235;447;473;508;385;199;186;189;196,"df.groupby(PLATE_COL)[""warping_index""].shift(-1);GroupKFold(n_splits=min(n_splits, np.unique(groups).size));GroupKFold(n_splits=min(CV_SPLITS, np.unique(groups).size));GroupShuffleSplit(n_splits=1, test_size=test_size, random_state=SEED);GroupKFold(n_splits=min(5, n_groups));model.fit(X, y);model.fit(X, y);model.fit(X, y, sample_weight=sample_weight);model.fit(X, y, **{f""{last_name}__sample_weight"": sample_weight})"
054_pass_t_plus_1_cross_summary.txt,-0.0367,054_experiment.py,Y,FIT_ON_FULL;KFOLD_TS;NEG_SHIFT,155;245;269;344;476;384;544;490;485;488,"merged_fm.groupby(PLATE_COL)[""warping_index""].shift(-1);GroupKFold(n_splits=CV_FOLDS);GroupKFold(n_splits=CV_FOLDS);GroupShuffleSplit(n_splits=5, test_size=0.2, random_state=SEED);GroupShuffleSplit(n_splits=1, test_size=0.2, random_state=seed);GroupShuffleSplit(n_splits=1, test_size=TEST_SIZE, random_state=seed);m.fit(Xtr, ytr_perm);model.fit(Xfit, yfit, sample_weight=sw_fit);model.fit(Xfit, yfit, sample_weight=sw_fit,                       eval_set=[(Xval, yval)], early_stopping_rounds=50, ver;model.fit(Xfit, yfit, sample_weight=sw_fit)"
252_test_summary.txt,-0.0485,252_test.py,Y,FIT_ON_FULL;KFOLD_TS;NEG_SHIFT,235;447;473;508;385;199;186;189;196,"df.groupby(PLATE_COL)[""warping_index""].shift(-1);GroupKFold(n_splits=min(n_splits, np.unique(groups).size));GroupKFold(n_splits=min(CV_SPLITS, np.unique(groups).size));GroupShuffleSplit(n_splits=1, test_size=test_size, random_state=SEED);GroupKFold(n_splits=min(5, n_groups));model.fit(X, y);model.fit(X, y);model.fit(X, y, sample_weight=sample_weight);model.fit(X, y, **{f""{last_name}__sample_weight"": sample_weight})"
018_r2_uplift_final_v2_S0_summary.txt,-0.0765,018_test_no_op.py,Y,FIT_ON_FULL;KFOLD_TS;NEG_SHIFT,237;247;395;423;444;489;502;434;559;554,"merged_fm.groupby(PLATE_COL)[""warping_index""].shift(-1);merged_fm.groupby(PLATE_COL)[PASS_COL].shift(-1);GroupKFold(n_splits=CV_FOLDS);GroupKFold(n_splits=CV_FOLDS);GroupKFold(n_splits=CV_FOLDS);GroupShuffleSplit(n_splits=1, test_size=TEST_SIZE, random_state=SEED);GroupShuffleSplit(n_splits=1, test_size=TEST_SIZE, random_state=seed);clf.fit(Xcat.values, yclf);mdl.fit(Xtr, ytr, sample_weight=sample_weight);m.fit(Xtr, ytr, sample_weight=sample_weight)"
017_r2_uplift_final_v1_S0_summary.txt,-0.0835,017_test.py,Y,FIT_ON_FULL;KFOLD_TS;NEG_SHIFT,181;325;363;384;416;429;479;358;374;534;529,"merged_fm.groupby(PLATE_COL)[""warping_index""].shift(-1);GroupKFold(n_splits=CV_FOLDS);GroupKFold(n_splits=CV_FOLDS);GroupKFold(n_splits=CV_FOLDS);GroupShuffleSplit(n_splits=1, test_size=TEST_SIZE, random_state=SEED);GroupShuffleSplit(n_splits=1, test_size=TEST_SIZE, random_state=seed);GroupKFold(n_splits=CV_FOLDS);clf.fit(X.values, y);clf.fit(Xcat.values, yclf);mdl.fit(Xtr, ytr, sample_weight=sample_weight);m.fit(Xtr, ytr, sample_weight=sample_weight)",017_test_no_op.py,Y,FIT_ON_FULL;KFOLD_TS;NEG_SHIFT,178;286;314;335;364;377;325;434;429,"merged_fm.groupby(PLATE_COL)[""warping_index""].shift(-1);GroupKFold(n_splits=CV_FOLDS);GroupKFold(n_splits=CV_FOLDS);GroupKFold(n_splits=CV_FOLDS);GroupShuffleSplit(n_splits=1, test_size=TEST_SIZE, random_state=SEED);GroupShuffleSplit(n_splits=1, test_size=TEST_SIZE, random_state=seed);clf.fit(Xcat.values, yclf);mdl.fit(Xtr, ytr, sample_weight=sample_weight);m.fit(Xtr, ytr, sample_weight=sample_weight)"
052_pass_t_plus_1_cross_summary.txt,-0.0866,052_experiment.py,Y,FIT_ON_FULL;KFOLD_TS;NEG_SHIFT,155;245;269;344;476;384;544;490;485;488,"merged_fm.groupby(PLATE_COL)[""warping_index""].shift(-1);GroupKFold(n_splits=CV_FOLDS);GroupKFold(n_splits=CV_FOLDS);GroupShuffleSplit(n_splits=5, test_size=0.2, random_state=SEED);GroupShuffleSplit(n_splits=1, test_size=0.2, random_state=seed);GroupShuffleSplit(n_splits=1, test_size=TEST_SIZE, random_state=seed);m.fit(Xtr, ytr_perm);model.fit(Xfit, yfit, sample_weight=sw_fit);model.fit(Xfit, yfit, sample_weight=sw_fit,                       eval_set=[(Xval, yval)], early_stopping_rounds=50, ver;model.fit(Xfit, yfit, sample_weight=sw_fit)"
053_pass_t_plus_1_cross_summary.txt,-0.0866,053_experiment.py,Y,FIT_ON_FULL;KFOLD_TS;NEG_SHIFT,155;245;269;344;476;384;544;490;485;488,"merged_fm.groupby(PLATE_COL)[""warping_index""].shift(-1);GroupKFold(n_splits=CV_FOLDS);GroupKFold(n_splits=CV_FOLDS);GroupShuffleSplit(n_splits=5, test_size=0.2, random_state=SEED);GroupShuffleSplit(n_splits=1, test_size=0.2, random_state=seed);GroupShuffleSplit(n_splits=1, test_size=TEST_SIZE, random_state=seed);m.fit(Xtr, ytr_perm);model.fit(Xfit, yfit, sample_weight=sw_fit);model.fit(Xfit, yfit, sample_weight=sw_fit,                       eval_set=[(Xval, yval)], early_stopping_rounds=50, ver;model.fit(Xfit, yfit, sample_weight=sw_fit)"
145_test_summary.txt,-0.1035,145_test.py,Y,FIT_ON_FULL;KFOLD_TS;NEG_SHIFT,180;373;317;144;410;467;132;134;141,"df.groupby(PLATE_COL)[""warping_index""].shift(-1);GroupShuffleSplit(n_splits=1, test_size=test_size, random_state=SEED);GroupKFold(n_splits=min(5, n_groups));model.fit(X, y);selector.fit(Xtr.values, ytr);selector.fit(Xtr.values, ytr_perm);model.fit(X, y);model.fit(X, y, sample_weight=sample_weight);model.fit(X, y, **{f""{last_name}__sample_weight"": sample_weight})"
148_test_summary.txt,-0.1036,148_test.py,Y,FIT_ON_FULL;KFOLD_TS;NEG_SHIFT,180;373;317;144;410;467;132;134;141,"df.groupby(PLATE_COL)[""warping_index""].shift(-1);GroupShuffleSplit(n_splits=1, test_size=test_size, random_state=SEED);GroupKFold(n_splits=min(5, n_groups));model.fit(X, y);selector.fit(Xtr.values, ytr);selector.fit(Xtr.values, ytr_perm);model.fit(X, y);model.fit(X, y, sample_weight=sample_weight);model.fit(X, y, **{f""{last_name}__sample_weight"": sample_weight})"
150_test_summary.txt,-0.1041,150_test.py,Y,FIT_ON_FULL;KFOLD_TS;NEG_SHIFT,180;373;317;144;410;467;132;134;141,"df.groupby(PLATE_COL)[""warping_index""].shift(-1);GroupShuffleSplit(n_splits=1, test_size=test_size, random_state=SEED);GroupKFold(n_splits=min(5, n_groups));model.fit(X, y);selector.fit(Xtr.values, ytr);selector.fit(Xtr.values, ytr_perm);model.fit(X, y);model.fit(X, y, sample_weight=sample_weight);model.fit(X, y, **{f""{last_name}__sample_weight"": sample_weight})"
151_test_summary.txt,-0.1042,151_test.py,Y,FIT_ON_FULL;KFOLD_TS;NEG_SHIFT,180;373;317;144;410;467;132;134;141,"df.groupby(PLATE_COL)[""warping_index""].shift(-1);GroupShuffleSplit(n_splits=1, test_size=test_size, random_state=SEED);GroupKFold(n_splits=min(5, n_groups));model.fit(X, y);selector.fit(Xtr.values, ytr);selector.fit(Xtr.values, ytr_perm);model.fit(X, y);model.fit(X, y, sample_weight=sample_weight);model.fit(X, y, **{f""{last_name}__sample_weight"": sample_weight})"
156_test_summary.txt,-0.1043,156_test.py,Y,FIT_ON_FULL;KFOLD_TS;NEG_SHIFT,180;373;317;144;410;467;132;134;141,"df.groupby(PLATE_COL)[""warping_index""].shift(-1);GroupShuffleSplit(n_splits=1, test_size=test_size, random_state=SEED);GroupKFold(n_splits=min(5, n_groups));model.fit(X, y);selector.fit(Xtr.values, ytr);selector.fit(Xtr.values, ytr_perm);model.fit(X, y);model.fit(X, y, sample_weight=sample_weight);model.fit(X, y, **{f""{last_name}__sample_weight"": sample_weight})"
159_test_summary.txt,-0.1044,159_test.py,Y,FIT_ON_FULL;KFOLD_TS;NEG_SHIFT,180;373;317;144;410;467;132;134;141,"df.groupby(PLATE_COL)[""warping_index""].shift(-1);GroupShuffleSplit(n_splits=1, test_size=test_size, random_state=SEED);GroupKFold(n_splits=min(5, n_groups));model.fit(X, y);selector.fit(Xtr.values, ytr);selector.fit(Xtr.values, ytr_perm);model.fit(X, y);model.fit(X, y, sample_weight=sample_weight);model.fit(X, y, **{f""{last_name}__sample_weight"": sample_weight})"
161_test_summary.txt,-0.1053,161_test.py,Y,FIT_ON_FULL;KFOLD_TS;NEG_SHIFT,180;373;317;144;410;467;132;134;141,"df.groupby(PLATE_COL)[""warping_index""].shift(-1);GroupShuffleSplit(n_splits=1, test_size=test_size, random_state=SEED);GroupKFold(n_splits=min(5, n_groups));model.fit(X, y);selector.fit(Xtr.values, ytr);selector.fit(Xtr.values, ytr_perm);model.fit(X, y);model.fit(X, y, sample_weight=sample_weight);model.fit(X, y, **{f""{last_name}__sample_weight"": sample_weight})"
162_test_summary.txt,-0.1055,162_test.py,Y,FIT_ON_FULL;KFOLD_TS;NEG_SHIFT,180;373;317;144;410;467;132;134;141,"df.groupby(PLATE_COL)[""warping_index""].shift(-1);GroupShuffleSplit(n_splits=1, test_size=test_size, random_state=SEED);GroupKFold(n_splits=min(5, n_groups));model.fit(X, y);selector.fit(Xtr.values, ytr);selector.fit(Xtr.values, ytr_perm);model.fit(X, y);model.fit(X, y, sample_weight=sample_weight);model.fit(X, y, **{f""{last_name}__sample_weight"": sample_weight})"
152_test_summary.txt,-0.2595,152_test.py,Y,FIT_ON_FULL;KFOLD_TS;NEG_SHIFT,180;373;317;144;410;467;132;134;141,"df.groupby(PLATE_COL)[""warping_index""].shift(-1);GroupShuffleSplit(n_splits=1, test_size=test_size, random_state=SEED);GroupKFold(n_splits=min(5, n_groups));model.fit(X, y);selector.fit(Xtr.values, ytr);selector.fit(Xtr.values, ytr_perm);model.fit(X, y);model.fit(X, y, sample_weight=sample_weight);model.fit(X, y, **{f""{last_name}__sample_weight"": sample_weight})"
163_test_summary.txt,-0.2597,163_test.py,Y,FIT_ON_FULL;KFOLD_TS;NEG_SHIFT,180;373;317;144;410;467;132;134;141,"df.groupby(PLATE_COL)[""warping_index""].shift(-1);GroupShuffleSplit(n_splits=1, test_size=test_size, random_state=SEED);GroupKFold(n_splits=min(5, n_groups));model.fit(X, y);selector.fit(Xtr.values, ytr);selector.fit(Xtr.values, ytr_perm);model.fit(X, y);model.fit(X, y, sample_weight=sample_weight);model.fit(X, y, **{f""{last_name}__sample_weight"": sample_weight})"
016_r2_uplift_alias_v3_S0_summary.txt,-0.3946,016_003_r2_uplift_suite.py,Y,FIT_ON_FULL;GLOBAL_SHUFFLE;KFOLD_TS;NEG_SHIFT,178;286;327;348;381;394;680;322;338;437;432,"merged_fm.groupby(PLATE_COL)[""warping_index""].shift(-1);GroupKFold(n_splits=CV_FOLDS);GroupKFold(n_splits=CV_FOLDS);GroupKFold(n_splits=CV_FOLDS);GroupShuffleSplit(n_splits=1, test_size=TEST_SIZE, random_state=SEED);GroupShuffleSplit(n_splits=1, test_size=TEST_SIZE, random_state=seed);s.sample(frac=1.0, random_state=int(rng.randint(1, 10**9)));clf.fit(X.values, y);clf.fit(Xcat.values, yclf);mdl.fit(Xtr, ytr, sample_weight=sample_weight);m.fit(Xtr, ytr, sample_weight=sample_weight)"
016_r2_uplift_alias_v3_S0__PERMUTE_summary.txt,-0.493,016_003_r2_uplift_suite.py,Y,FIT_ON_FULL;GLOBAL_SHUFFLE;KFOLD_TS;NEG_SHIFT,178;286;327;348;381;394;680;322;338;437;432,"merged_fm.groupby(PLATE_COL)[""warping_index""].shift(-1);GroupKFold(n_splits=CV_FOLDS);GroupKFold(n_splits=CV_FOLDS);GroupKFold(n_splits=CV_FOLDS);GroupShuffleSplit(n_splits=1, test_size=TEST_SIZE, random_state=SEED);GroupShuffleSplit(n_splits=1, test_size=TEST_SIZE, random_state=seed);s.sample(frac=1.0, random_state=int(rng.randint(1, 10**9)));clf.fit(X.values, y);clf.fit(Xcat.values, yclf);mdl.fit(Xtr, ytr, sample_weight=sample_weight);m.fit(Xtr, ytr, sample_weight=sample_weight)"
203_test_no_op_summary.txt,-0.5024,203_test_no_op.py,Y,GLOBAL_SHUFFLE;KFOLD_TS;NEG_SHIFT,156;234;295;164,"merged_fm.groupby(PLATE_COL)[""warping_index""].shift(-1);GroupKFold(n_splits=n_splits);GroupShuffleSplit(n_splits=1, test_size=test_size, random_state=seed);merged_fm[TARGET_COL].sample(frac=1.0, random_state=42)"
193_test_no_op_summary.txt,-0.5037,193_test_no_op.py,Y,GLOBAL_SHUFFLE;KFOLD_TS;NEG_SHIFT,156;234;295;164,"merged_fm.groupby(PLATE_COL)[""warping_index""].shift(-1);GroupKFold(n_splits=n_splits);GroupShuffleSplit(n_splits=1, test_size=test_size, random_state=seed);merged_fm[TARGET_COL].sample(frac=1.0, random_state=42)"
031_r2_uplift_final_v4_perm_S0_summary.txt,-0.5058,031_test.py,Y,FIT_ON_FULL;KFOLD_TS;NEG_SHIFT,216;220;351;375;395;655;441;455;604;607;561;638;386;626;664;843;846;539;633;660;665;708;550;621;661;709,"merged.groupby(PLATE_COL)[""warping_index""].shift(-1);merged.groupby(PLATE_COL)[PASS_COL].shift(-1);GroupKFold(n_splits=CV_FOLDS);GroupKFold(n_splits=CV_FOLDS);GroupKFold(n_splits=CV_FOLDS);GroupKFold(n_splits=CV_FOLDS);GroupShuffleSplit(n_splits=1, test_size=TEST_SIZE, random_state=SEED);GroupShuffleSplit(n_splits=1, test_size=TEST_SIZE, random_state=seed);GroupShuffleSplit(n_splits=1, test_size=0.2, random_state=SEED);GroupShuffleSplit(n_splits=1, test_size=0.2, random_state=SEED);model.fit(Xfit, yfit, **fit_kwargs);_safe_fit(m, Xfit, yfit, Xval, yval, sw_fit);clf.fit(Xcat.values, yclf);m.fit(X, y, sample_weight=sw);mf.fit(X, y, eval_set=[(X, y)], early_stopping_rounds=10, verbose=False);m.fit(Xtr, ytr);m.fit(Xtr, ytr);model.fit(Xfit, yfit, **fit_kwargs);_safe_fit(m, Xfit, yfit, Xval, yval, sw_fit);m.fit(X[tr_i], y[tr_i], eval_set=[(X[va_i], y[va_i])], early_stopping_rounds=50, verbose=False);mf.fit(X, y);mf_rep.fit(Xtr, y_tr, eval_set=[(Xtr, y_tr)], early_stopping_rounds=10, verbose=False);model.fit(Xfit, yfit, **fit_kwargs);m.fit(X, y, sample_weight=sw, eval_set=[(Xv, yv)], callbacks=cb, verbose=False);m.fit(X[tr_i], y[tr_i]);mf_rep.fit(Xtr, y_tr)"
034_r2_uplift_final_v4_XGB_perm_S0_summary.txt,-0.5058,034_test.py,Y,FIT_ON_FULL;KFOLD_TS;NEG_SHIFT,216;220;351;375;395;655;441;455;604;607;561;638;386;626;664;843;846;539;633;660;665;708;550;621;661;709,"merged.groupby(PLATE_COL)[""warping_index""].shift(-1);merged.groupby(PLATE_COL)[PASS_COL].shift(-1);GroupKFold(n_splits=CV_FOLDS);GroupKFold(n_splits=CV_FOLDS);GroupKFold(n_splits=CV_FOLDS);GroupKFold(n_splits=CV_FOLDS);GroupShuffleSplit(n_splits=1, test_size=TEST_SIZE, random_state=SEED);GroupShuffleSplit(n_splits=1, test_size=TEST_SIZE, random_state=seed);GroupShuffleSplit(n_splits=1, test_size=0.2, random_state=SEED);GroupShuffleSplit(n_splits=1, test_size=0.2, random_state=SEED);model.fit(Xfit, yfit, **fit_kwargs);_safe_fit(m, Xfit, yfit, Xval, yval, sw_fit);clf.fit(Xcat.values, yclf);m.fit(X, y, sample_weight=sw);mf.fit(X, y, eval_set=[(X, y)], early_stopping_rounds=10, verbose=False);m.fit(Xtr, ytr);m.fit(Xtr, ytr);model.fit(Xfit, yfit, **fit_kwargs);_safe_fit(m, Xfit, yfit, Xval, yval, sw_fit);m.fit(X[tr_i], y[tr_i], eval_set=[(X[va_i], y[va_i])], early_stopping_rounds=50, verbose=False);mf.fit(X, y);mf_rep.fit(Xtr, y_tr, eval_set=[(Xtr, y_tr)], early_stopping_rounds=10, verbose=False);model.fit(Xfit, yfit, **fit_kwargs);m.fit(X, y, sample_weight=sw, eval_set=[(Xv, yv)], callbacks=cb, verbose=False);m.fit(X[tr_i], y[tr_i]);mf_rep.fit(Xtr, y_tr)"
034_r2_uplift_final_v4_s0strict_perm_S0_summary.txt,-0.5058,034_test.py,Y,FIT_ON_FULL;KFOLD_TS;NEG_SHIFT,216;220;351;375;395;655;441;455;604;607;561;638;386;626;664;843;846;539;633;660;665;708;550;621;661;709,"merged.groupby(PLATE_COL)[""warping_index""].shift(-1);merged.groupby(PLATE_COL)[PASS_COL].shift(-1);GroupKFold(n_splits=CV_FOLDS);GroupKFold(n_splits=CV_FOLDS);GroupKFold(n_splits=CV_FOLDS);GroupKFold(n_splits=CV_FOLDS);GroupShuffleSplit(n_splits=1, test_size=TEST_SIZE, random_state=SEED);GroupShuffleSplit(n_splits=1, test_size=TEST_SIZE, random_state=seed);GroupShuffleSplit(n_splits=1, test_size=0.2, random_state=SEED);GroupShuffleSplit(n_splits=1, test_size=0.2, random_state=SEED);model.fit(Xfit, yfit, **fit_kwargs);_safe_fit(m, Xfit, yfit, Xval, yval, sw_fit);clf.fit(Xcat.values, yclf);m.fit(X, y, sample_weight=sw);mf.fit(X, y, eval_set=[(X, y)], early_stopping_rounds=10, verbose=False);m.fit(Xtr, ytr);m.fit(Xtr, ytr);model.fit(Xfit, yfit, **fit_kwargs);_safe_fit(m, Xfit, yfit, Xval, yval, sw_fit);m.fit(X[tr_i], y[tr_i], eval_set=[(X[va_i], y[va_i])], early_stopping_rounds=50, verbose=False);mf.fit(X, y);mf_rep.fit(Xtr, y_tr, eval_set=[(Xtr, y_tr)], early_stopping_rounds=10, verbose=False);model.fit(Xfit, yfit, **fit_kwargs);m.fit(X, y, sample_weight=sw, eval_set=[(Xv, yv)], callbacks=cb, verbose=False);m.fit(X[tr_i], y[tr_i]);mf_rep.fit(Xtr, y_tr)"
036_r2_uplift_final_v4_RF_perm_S0_summary.txt,-0.5058,036_test.py,Y,FIT_ON_FULL;KFOLD_TS;NEG_SHIFT,216;220;351;375;395;655;441;455;604;607;561;638;386;626;664;843;846;539;633;660;665;708;550;621;661;709,"merged.groupby(PLATE_COL)[""warping_index""].shift(-1);merged.groupby(PLATE_COL)[PASS_COL].shift(-1);GroupKFold(n_splits=CV_FOLDS);GroupKFold(n_splits=CV_FOLDS);GroupKFold(n_splits=CV_FOLDS);GroupKFold(n_splits=CV_FOLDS);GroupShuffleSplit(n_splits=1, test_size=TEST_SIZE, random_state=SEED);GroupShuffleSplit(n_splits=1, test_size=TEST_SIZE, random_state=seed);GroupShuffleSplit(n_splits=1, test_size=0.2, random_state=SEED);GroupShuffleSplit(n_splits=1, test_size=0.2, random_state=SEED);model.fit(Xfit, yfit, **fit_kwargs);_safe_fit(m, Xfit, yfit, Xval, yval, sw_fit);clf.fit(Xcat.values, yclf);m.fit(X, y, sample_weight=sw);mf.fit(X, y, eval_set=[(X, y)], early_stopping_rounds=10, verbose=False);m.fit(Xtr, ytr);m.fit(Xtr, ytr);model.fit(Xfit, yfit, **fit_kwargs);_safe_fit(m, Xfit, yfit, Xval, yval, sw_fit);m.fit(X[tr_i], y[tr_i], eval_set=[(X[va_i], y[va_i])], early_stopping_rounds=50, verbose=False);mf.fit(X, y);mf_rep.fit(Xtr, y_tr, eval_set=[(Xtr, y_tr)], early_stopping_rounds=10, verbose=False);model.fit(Xfit, yfit, **fit_kwargs);m.fit(X, y, sample_weight=sw, eval_set=[(Xv, yv)], callbacks=cb, verbose=False);m.fit(X[tr_i], y[tr_i]);mf_rep.fit(Xtr, y_tr)"
038_r2_uplift_final_v4_ET_perm_S0_summary.txt,-0.5058,038_test.py,Y,FIT_ON_FULL;KFOLD_TS;NEG_SHIFT,216;220;351;375;395;655;441;455;604;607;561;638;386;626;664;843;846;539;633;660;665;708;550;621;661;709,"merged.groupby(PLATE_COL)[""warping_index""].shift(-1);merged.groupby(PLATE_COL)[PASS_COL].shift(-1);GroupKFold(n_splits=CV_FOLDS);GroupKFold(n_splits=CV_FOLDS);GroupKFold(n_splits=CV_FOLDS);GroupKFold(n_splits=CV_FOLDS);GroupShuffleSplit(n_splits=1, test_size=TEST_SIZE, random_state=SEED);GroupShuffleSplit(n_splits=1, test_size=TEST_SIZE, random_state=seed);GroupShuffleSplit(n_splits=1, test_size=0.2, random_state=SEED);GroupShuffleSplit(n_splits=1, test_size=0.2, random_state=SEED);model.fit(Xfit, yfit, **fit_kwargs);_safe_fit(m, Xfit, yfit, Xval, yval, sw_fit);clf.fit(Xcat.values, yclf);m.fit(X, y, sample_weight=sw);mf.fit(X, y, eval_set=[(X, y)], early_stopping_rounds=10, verbose=False);m.fit(Xtr, ytr);m.fit(Xtr, ytr);model.fit(Xfit, yfit, **fit_kwargs);_safe_fit(m, Xfit, yfit, Xval, yval, sw_fit);m.fit(X[tr_i], y[tr_i], eval_set=[(X[va_i], y[va_i])], early_stopping_rounds=50, verbose=False);mf.fit(X, y);mf_rep.fit(Xtr, y_tr, eval_set=[(Xtr, y_tr)], early_stopping_rounds=10, verbose=False);model.fit(Xfit, yfit, **fit_kwargs);m.fit(X, y, sample_weight=sw, eval_set=[(Xv, yv)], callbacks=cb, verbose=False);m.fit(X[tr_i], y[tr_i]);mf_rep.fit(Xtr, y_tr)"
040_r2_uplift_final_v4_HGB_perm_S0_summary.txt,-0.5058,040_test.py,Y,FIT_ON_FULL;KFOLD_TS;NEG_SHIFT,216;220;351;375;395;655;441;455;604;607;561;638;386;626;664;843;846;539;633;660;665;708;550;621;661;709,"merged.groupby(PLATE_COL)[""warping_index""].shift(-1);merged.groupby(PLATE_COL)[PASS_COL].shift(-1);GroupKFold(n_splits=CV_FOLDS);GroupKFold(n_splits=CV_FOLDS);GroupKFold(n_splits=CV_FOLDS);GroupKFold(n_splits=CV_FOLDS);GroupShuffleSplit(n_splits=1, test_size=TEST_SIZE, random_state=SEED);GroupShuffleSplit(n_splits=1, test_size=TEST_SIZE, random_state=seed);GroupShuffleSplit(n_splits=1, test_size=0.2, random_state=SEED);GroupShuffleSplit(n_splits=1, test_size=0.2, random_state=SEED);model.fit(Xfit, yfit, **fit_kwargs);_safe_fit(m, Xfit, yfit, Xval, yval, sw_fit);clf.fit(Xcat.values, yclf);m.fit(X, y, sample_weight=sw);mf.fit(X, y, eval_set=[(X, y)], early_stopping_rounds=10, verbose=False);m.fit(Xtr, ytr);m.fit(Xtr, ytr);model.fit(Xfit, yfit, **fit_kwargs);_safe_fit(m, Xfit, yfit, Xval, yval, sw_fit);m.fit(X[tr_i], y[tr_i], eval_set=[(X[va_i], y[va_i])], early_stopping_rounds=50, verbose=False);mf.fit(X, y);mf_rep.fit(Xtr, y_tr, eval_set=[(Xtr, y_tr)], early_stopping_rounds=10, verbose=False);model.fit(Xfit, yfit, **fit_kwargs);m.fit(X, y, sample_weight=sw, eval_set=[(Xv, yv)], callbacks=cb, verbose=False);m.fit(X[tr_i], y[tr_i]);mf_rep.fit(Xtr, y_tr)"
042_r2_uplift_final_v4_GBR_perm_S0_summary.txt,-0.5058,042_experiment.py,Y,FIT_ON_FULL;KFOLD_TS;NEG_SHIFT,155;245;269;344;476;384;544;490;485;488,"merged_fm.groupby(PLATE_COL)[""warping_index""].shift(-1);GroupKFold(n_splits=CV_FOLDS);GroupKFold(n_splits=CV_FOLDS);GroupShuffleSplit(n_splits=5, test_size=0.2, random_state=SEED);GroupShuffleSplit(n_splits=1, test_size=0.2, random_state=seed);GroupShuffleSplit(n_splits=1, test_size=TEST_SIZE, random_state=seed);m.fit(Xtr, ytr_perm);model.fit(Xfit, yfit, sample_weight=sw_fit);model.fit(Xfit, yfit, sample_weight=sw_fit,                       eval_set=[(Xval, yval)], early_stopping_rounds=50, ver;model.fit(Xfit, yfit, sample_weight=sw_fit)",042_test.py,Y,FIT_ON_FULL;KFOLD_TS;NEG_SHIFT,216;220;351;375;395;655;441;455;604;607;561;638;386;626;664;843;846;539;633;660;665;708;550;621;661;709,"merged.groupby(PLATE_COL)[""warping_index""].shift(-1);merged.groupby(PLATE_COL)[PASS_COL].shift(-1);GroupKFold(n_splits=CV_FOLDS);GroupKFold(n_splits=CV_FOLDS);GroupKFold(n_splits=CV_FOLDS);GroupKFold(n_splits=CV_FOLDS);GroupShuffleSplit(n_splits=1, test_size=TEST_SIZE, random_state=SEED);GroupShuffleSplit(n_splits=1, test_size=TEST_SIZE, random_state=seed);GroupShuffleSplit(n_splits=1, test_size=0.2, random_state=SEED);GroupShuffleSplit(n_splits=1, test_size=0.2, random_state=SEED);model.fit(Xfit, yfit, **fit_kwargs);_safe_fit(m, Xfit, yfit, Xval, yval, sw_fit);clf.fit(Xcat.values, yclf);m.fit(X, y, sample_weight=sw);mf.fit(X, y, eval_set=[(X, y)], early_stopping_rounds=10, verbose=False);m.fit(Xtr, ytr);m.fit(Xtr, ytr);model.fit(Xfit, yfit, **fit_kwargs);_safe_fit(m, Xfit, yfit, Xval, yval, sw_fit);m.fit(X[tr_i], y[tr_i], eval_set=[(X[va_i], y[va_i])], early_stopping_rounds=50, verbose=False);mf.fit(X, y);mf_rep.fit(Xtr, y_tr, eval_set=[(Xtr, y_tr)], early_stopping_rounds=10, verbose=False);model.fit(Xfit, yfit, **fit_kwargs);m.fit(X, y, sample_weight=sw, eval_set=[(Xv, yv)], callbacks=cb, verbose=False);m.fit(X[tr_i], y[tr_i]);mf_rep.fit(Xtr, y_tr)"
044_r2_uplift_final_v4_ENET_perm_S0_summary.txt,-0.5058,044_experiment.py,Y,FIT_ON_FULL;KFOLD_TS;NEG_SHIFT,155;245;269;344;476;384;544;490;485;488,"merged_fm.groupby(PLATE_COL)[""warping_index""].shift(-1);GroupKFold(n_splits=CV_FOLDS);GroupKFold(n_splits=CV_FOLDS);GroupShuffleSplit(n_splits=5, test_size=0.2, random_state=SEED);GroupShuffleSplit(n_splits=1, test_size=0.2, random_state=seed);GroupShuffleSplit(n_splits=1, test_size=TEST_SIZE, random_state=seed);m.fit(Xtr, ytr_perm);model.fit(Xfit, yfit, sample_weight=sw_fit);model.fit(Xfit, yfit, sample_weight=sw_fit,                       eval_set=[(Xval, yval)], early_stopping_rounds=50, ver;model.fit(Xfit, yfit, sample_weight=sw_fit)",044_test.py,Y,FIT_ON_FULL;KFOLD_TS;NEG_SHIFT,216;220;351;375;395;655;441;455;604;607;561;638;386;626;664;843;846;539;633;660;665;708;550;621;661;709,"merged.groupby(PLATE_COL)[""warping_index""].shift(-1);merged.groupby(PLATE_COL)[PASS_COL].shift(-1);GroupKFold(n_splits=CV_FOLDS);GroupKFold(n_splits=CV_FOLDS);GroupKFold(n_splits=CV_FOLDS);GroupKFold(n_splits=CV_FOLDS);GroupShuffleSplit(n_splits=1, test_size=TEST_SIZE, random_state=SEED);GroupShuffleSplit(n_splits=1, test_size=TEST_SIZE, random_state=seed);GroupShuffleSplit(n_splits=1, test_size=0.2, random_state=SEED);GroupShuffleSplit(n_splits=1, test_size=0.2, random_state=SEED);model.fit(Xfit, yfit, **fit_kwargs);_safe_fit(m, Xfit, yfit, Xval, yval, sw_fit);clf.fit(Xcat.values, yclf);m.fit(X, y, sample_weight=sw);mf.fit(X, y, eval_set=[(X, y)], early_stopping_rounds=10, verbose=False);m.fit(Xtr, ytr);m.fit(Xtr, ytr);model.fit(Xfit, yfit, **fit_kwargs);_safe_fit(m, Xfit, yfit, Xval, yval, sw_fit);m.fit(X[tr_i], y[tr_i], eval_set=[(X[va_i], y[va_i])], early_stopping_rounds=50, verbose=False);mf.fit(X, y);mf_rep.fit(Xtr, y_tr, eval_set=[(Xtr, y_tr)], early_stopping_rounds=10, verbose=False);model.fit(Xfit, yfit, **fit_kwargs);m.fit(X, y, sample_weight=sw, eval_set=[(Xv, yv)], callbacks=cb, verbose=False);m.fit(X[tr_i], y[tr_i]);mf_rep.fit(Xtr, y_tr)"
046_r2_uplift_final_v4_XGB_ADV_perm_S0_summary.txt,-0.5058,046_experiment.py,Y,FIT_ON_FULL;KFOLD_TS;NEG_SHIFT,155;245;269;344;476;384;544;490;485;488,"merged_fm.groupby(PLATE_COL)[""warping_index""].shift(-1);GroupKFold(n_splits=CV_FOLDS);GroupKFold(n_splits=CV_FOLDS);GroupShuffleSplit(n_splits=5, test_size=0.2, random_state=SEED);GroupShuffleSplit(n_splits=1, test_size=0.2, random_state=seed);GroupShuffleSplit(n_splits=1, test_size=TEST_SIZE, random_state=seed);m.fit(Xtr, ytr_perm);model.fit(Xfit, yfit, sample_weight=sw_fit);model.fit(Xfit, yfit, sample_weight=sw_fit,                       eval_set=[(Xval, yval)], early_stopping_rounds=50, ver;model.fit(Xfit, yfit, sample_weight=sw_fit)",046_test.py,Y,FIT_ON_FULL;KFOLD_TS;NEG_SHIFT,216;220;351;375;395;655;441;455;604;607;561;638;386;626;664;843;846;539;633;660;665;708;550;621;661;709,"merged.groupby(PLATE_COL)[""warping_index""].shift(-1);merged.groupby(PLATE_COL)[PASS_COL].shift(-1);GroupKFold(n_splits=CV_FOLDS);GroupKFold(n_splits=CV_FOLDS);GroupKFold(n_splits=CV_FOLDS);GroupKFold(n_splits=CV_FOLDS);GroupShuffleSplit(n_splits=1, test_size=TEST_SIZE, random_state=SEED);GroupShuffleSplit(n_splits=1, test_size=TEST_SIZE, random_state=seed);GroupShuffleSplit(n_splits=1, test_size=0.2, random_state=SEED);GroupShuffleSplit(n_splits=1, test_size=0.2, random_state=SEED);model.fit(Xfit, yfit, **fit_kwargs);_safe_fit(m, Xfit, yfit, Xval, yval, sw_fit);clf.fit(Xcat.values, yclf);m.fit(X, y, sample_weight=sw);mf.fit(X, y, eval_set=[(X, y)], early_stopping_rounds=10, verbose=False);m.fit(Xtr, ytr);m.fit(Xtr, ytr);model.fit(Xfit, yfit, **fit_kwargs);_safe_fit(m, Xfit, yfit, Xval, yval, sw_fit);m.fit(X[tr_i], y[tr_i], eval_set=[(X[va_i], y[va_i])], early_stopping_rounds=50, verbose=False);mf.fit(X, y);mf_rep.fit(Xtr, y_tr, eval_set=[(Xtr, y_tr)], early_stopping_rounds=10, verbose=False);model.fit(Xfit, yfit, **fit_kwargs);m.fit(X, y, sample_weight=sw, eval_set=[(Xv, yv)], callbacks=cb, verbose=False);m.fit(X[tr_i], y[tr_i]);mf_rep.fit(Xtr, y_tr)"
202_test_no_op_summary.txt,-0.5079,202_test_no_op.py,Y,GLOBAL_SHUFFLE;KFOLD_TS;NEG_SHIFT,156;234;295;164,"merged_fm.groupby(PLATE_COL)[""warping_index""].shift(-1);GroupKFold(n_splits=n_splits);GroupShuffleSplit(n_splits=1, test_size=test_size, random_state=seed);merged_fm[TARGET_COL].sample(frac=1.0, random_state=42)"
192_test_no_op_summary.txt,-0.5091,192_test_no_op.py,Y,GLOBAL_SHUFFLE;KFOLD_TS;NEG_SHIFT,156;234;295;164,"merged_fm.groupby(PLATE_COL)[""warping_index""].shift(-1);GroupKFold(n_splits=n_splits);GroupShuffleSplit(n_splits=1, test_size=test_size, random_state=seed);merged_fm[TARGET_COL].sample(frac=1.0, random_state=42)"
200_test_no_op_summary.txt,-0.5097,200_test_no_op.py,Y,GLOBAL_SHUFFLE;KFOLD_TS;NEG_SHIFT,156;234;295;164,"merged_fm.groupby(PLATE_COL)[""warping_index""].shift(-1);GroupKFold(n_splits=n_splits);GroupShuffleSplit(n_splits=1, test_size=test_size, random_state=seed);merged_fm[TARGET_COL].sample(frac=1.0, random_state=42)"
190_test_no_op_summary.txt,-0.5107,190_test_no_op.py,Y,GLOBAL_SHUFFLE;KFOLD_TS;NEG_SHIFT,156;234;295;164,"merged_fm.groupby(PLATE_COL)[""warping_index""].shift(-1);GroupKFold(n_splits=n_splits);GroupShuffleSplit(n_splits=1, test_size=test_size, random_state=seed);merged_fm[TARGET_COL].sample(frac=1.0, random_state=42)"
243_test_no_op_summary.txt,-0.5212,243_test_no_op.py,Y,GLOBAL_SHUFFLE;KFOLD_TS;NEG_SHIFT,156;234;295;164,"merged_fm.groupby(PLATE_COL)[""warping_index""].shift(-1);GroupKFold(n_splits=n_splits);GroupShuffleSplit(n_splits=1, test_size=test_size, random_state=seed);merged_fm[TARGET_COL].sample(frac=1.0, random_state=42)"
233_test_no_op_summary.txt,-0.5213,233_test_no_op.py,Y,GLOBAL_SHUFFLE;KFOLD_TS;NEG_SHIFT,156;234;295;164,"merged_fm.groupby(PLATE_COL)[""warping_index""].shift(-1);GroupKFold(n_splits=n_splits);GroupShuffleSplit(n_splits=1, test_size=test_size, random_state=seed);merged_fm[TARGET_COL].sample(frac=1.0, random_state=42)"
242_test_no_op_summary.txt,-0.5259,242_test_no_op.py,Y,GLOBAL_SHUFFLE;KFOLD_TS;NEG_SHIFT,156;234;295;164,"merged_fm.groupby(PLATE_COL)[""warping_index""].shift(-1);GroupKFold(n_splits=n_splits);GroupShuffleSplit(n_splits=1, test_size=test_size, random_state=seed);merged_fm[TARGET_COL].sample(frac=1.0, random_state=42)"
232_test_no_op_summary.txt,-0.5261,232_test_no_op.py,Y,GLOBAL_SHUFFLE;KFOLD_TS;NEG_SHIFT,156;234;295;164,"merged_fm.groupby(PLATE_COL)[""warping_index""].shift(-1);GroupKFold(n_splits=n_splits);GroupShuffleSplit(n_splits=1, test_size=test_size, random_state=seed);merged_fm[TARGET_COL].sample(frac=1.0, random_state=42)"
240_test_no_op_summary.txt,-0.527,240_test_no_op.py,Y,GLOBAL_SHUFFLE;KFOLD_TS;NEG_SHIFT,156;234;295;164,"merged_fm.groupby(PLATE_COL)[""warping_index""].shift(-1);GroupKFold(n_splits=n_splits);GroupShuffleSplit(n_splits=1, test_size=test_size, random_state=seed);merged_fm[TARGET_COL].sample(frac=1.0, random_state=42)"
230_test_no_op_summary.txt,-0.5272,230_test_no_op.py,Y,GLOBAL_SHUFFLE;KFOLD_TS;NEG_SHIFT,156;234;295;164,"merged_fm.groupby(PLATE_COL)[""warping_index""].shift(-1);GroupKFold(n_splits=n_splits);GroupShuffleSplit(n_splits=1, test_size=test_size, random_state=seed);merged_fm[TARGET_COL].sample(frac=1.0, random_state=42)"
183_test_no_op_summary.txt,-0.5273,183_test_no_op.py,Y,GLOBAL_SHUFFLE;KFOLD_TS;NEG_SHIFT,156;234;295;164,"merged_fm.groupby(PLATE_COL)[""warping_index""].shift(-1);GroupKFold(n_splits=n_splits);GroupShuffleSplit(n_splits=1, test_size=test_size, random_state=seed);merged_fm[TARGET_COL].sample(frac=1.0, random_state=42)"
173_test_no_op_summary.txt,-0.5278,173_test_no_op.py,Y,GLOBAL_SHUFFLE;KFOLD_TS;NEG_SHIFT,156;234;295;164,"merged_fm.groupby(PLATE_COL)[""warping_index""].shift(-1);GroupKFold(n_splits=n_splits);GroupShuffleSplit(n_splits=1, test_size=test_size, random_state=seed);merged_fm[TARGET_COL].sample(frac=1.0, random_state=42)"
182_test_no_op_summary.txt,-0.53,182_test_no_op.py,Y,GLOBAL_SHUFFLE;KFOLD_TS;NEG_SHIFT,156;234;295;164,"merged_fm.groupby(PLATE_COL)[""warping_index""].shift(-1);GroupKFold(n_splits=n_splits);GroupShuffleSplit(n_splits=1, test_size=test_size, random_state=seed);merged_fm[TARGET_COL].sample(frac=1.0, random_state=42)"
172_test_no_op_summary.txt,-0.5306,172_test_no_op.py,Y,GLOBAL_SHUFFLE;KFOLD_TS;NEG_SHIFT,156;234;295;164,"merged_fm.groupby(PLATE_COL)[""warping_index""].shift(-1);GroupKFold(n_splits=n_splits);GroupShuffleSplit(n_splits=1, test_size=test_size, random_state=seed);merged_fm[TARGET_COL].sample(frac=1.0, random_state=42)"
170_test_no_op_summary.txt,-0.5313,170_test_no_op.py,Y,GLOBAL_SHUFFLE;KFOLD_TS;NEG_SHIFT,156;234;295;164,"merged_fm.groupby(PLATE_COL)[""warping_index""].shift(-1);GroupKFold(n_splits=n_splits);GroupShuffleSplit(n_splits=1, test_size=test_size, random_state=seed);merged_fm[TARGET_COL].sample(frac=1.0, random_state=42)"
180_test_no_op_summary.txt,-0.5315,180_test_no_op.py,Y,GLOBAL_SHUFFLE;KFOLD_TS;NEG_SHIFT,156;234;295;164,"merged_fm.groupby(PLATE_COL)[""warping_index""].shift(-1);GroupKFold(n_splits=n_splits);GroupShuffleSplit(n_splits=1, test_size=test_size, random_state=seed);merged_fm[TARGET_COL].sample(frac=1.0, random_state=42)"
213_test_no_op_summary.txt,-0.5378,213_test_no_op.py,Y,GLOBAL_SHUFFLE;KFOLD_TS;NEG_SHIFT,156;234;295;164,"merged_fm.groupby(PLATE_COL)[""warping_index""].shift(-1);GroupKFold(n_splits=n_splits);GroupShuffleSplit(n_splits=1, test_size=test_size, random_state=seed);merged_fm[TARGET_COL].sample(frac=1.0, random_state=42)"
223_test_no_op_summary.txt,-0.5386,223_test_no_op.py,Y,GLOBAL_SHUFFLE;KFOLD_TS;NEG_SHIFT,156;234;295;164,"merged_fm.groupby(PLATE_COL)[""warping_index""].shift(-1);GroupKFold(n_splits=n_splits);GroupShuffleSplit(n_splits=1, test_size=test_size, random_state=seed);merged_fm[TARGET_COL].sample(frac=1.0, random_state=42)"
212_test_no_op_summary.txt,-0.54,212_test_no_op.py,Y,GLOBAL_SHUFFLE;KFOLD_TS;NEG_SHIFT,156;234;295;164,"merged_fm.groupby(PLATE_COL)[""warping_index""].shift(-1);GroupKFold(n_splits=n_splits);GroupShuffleSplit(n_splits=1, test_size=test_size, random_state=seed);merged_fm[TARGET_COL].sample(frac=1.0, random_state=42)"
210_test_no_op_summary.txt,-0.5404,210_test_no_op.py,Y,GLOBAL_SHUFFLE;KFOLD_TS;NEG_SHIFT,156;234;295;164,"merged_fm.groupby(PLATE_COL)[""warping_index""].shift(-1);GroupKFold(n_splits=n_splits);GroupShuffleSplit(n_splits=1, test_size=test_size, random_state=seed);merged_fm[TARGET_COL].sample(frac=1.0, random_state=42)"
222_test_no_op_summary.txt,-0.5409,222_test_no_op.py,Y,GLOBAL_SHUFFLE;KFOLD_TS;NEG_SHIFT,156;234;295;164,"merged_fm.groupby(PLATE_COL)[""warping_index""].shift(-1);GroupKFold(n_splits=n_splits);GroupShuffleSplit(n_splits=1, test_size=test_size, random_state=seed);merged_fm[TARGET_COL].sample(frac=1.0, random_state=42)"
220_test_no_op_summary.txt,-0.5413,220_test_no_op.py,Y,GLOBAL_SHUFFLE;KFOLD_TS;NEG_SHIFT,156;234;295;164,"merged_fm.groupby(PLATE_COL)[""warping_index""].shift(-1);GroupKFold(n_splits=n_splits);GroupShuffleSplit(n_splits=1, test_size=test_size, random_state=seed);merged_fm[TARGET_COL].sample(frac=1.0, random_state=42)"
026_r2_grid_11_off_S0+PN1_summary.txt,-0.5775,026_test.py,Y,FIT_ON_FULL;KFOLD_TS;NEG_SHIFT,268;270;405;429;449;491;622;571;574;440;604;631;807;812;599;627;632;678;592;602;628;679;587;590,"merged.groupby(PLATE_COL)[""warping_index""].shift(-1);merged.groupby(PLATE_COL)[PASS_COL].shift(-1);GroupKFold(n_splits=CV_FOLDS);GroupKFold(n_splits=CV_FOLDS);GroupKFold(n_splits=CV_FOLDS);GroupShuffleSplit(n_splits=1, test_size=TEST_SIZE, random_state=SEED);GroupKFold(n_splits=CV_FOLDS);GroupShuffleSplit(n_splits=1, test_size=0.2, random_state=SEED);GroupShuffleSplit(n_splits=1, test_size=0.2, random_state=SEED);clf.fit(Xcat.values, yclf);m.fit(Xfit, yfit, sample_weight=sw_fit);mf.fit(X, y, eval_set=[(X, y)], early_stopping_rounds=10, verbose=False);m.fit(Xtr, ytr);m.fit(Xtr, ytr);m.fit(Xfit, yfit, sample_weight=sw_fit,                   eval_set=[(Xval, yval)], early_stopping_rounds=50, verbose=Fal;m.fit(X[tr_i], y[tr_i], eval_set=[(X[va_i], y[va_i])], early_stopping_rounds=50, verbose=False);mf.fit(X, y);mf_rep.fit(Xtr, y_tr, eval_set=[(Xtr, y_tr)], early_stopping_rounds=10, verbose=False);m.fit(Xfit, yfit, sample_weight=sw_fit);m.fit(Xfit, yfit, sample_weight=sw_fit);m.fit(X[tr_i], y[tr_i]);mf_rep.fit(Xtr, y_tr);m.fit(Xfit, yfit, sample_weight=sw_fit,                           eval_set=[(Xval, yval)], early_stopping_rounds=50, ver;m.fit(Xfit, yfit, sample_weight=sw_fit)"
034_r2_uplift_final_v4_s0strict_perm_S0+TE2_summary.txt,-0.6098,034_test.py,Y,FIT_ON_FULL;KFOLD_TS;NEG_SHIFT,216;220;351;375;395;655;441;455;604;607;561;638;386;626;664;843;846;539;633;660;665;708;550;621;661;709,"merged.groupby(PLATE_COL)[""warping_index""].shift(-1);merged.groupby(PLATE_COL)[PASS_COL].shift(-1);GroupKFold(n_splits=CV_FOLDS);GroupKFold(n_splits=CV_FOLDS);GroupKFold(n_splits=CV_FOLDS);GroupKFold(n_splits=CV_FOLDS);GroupShuffleSplit(n_splits=1, test_size=TEST_SIZE, random_state=SEED);GroupShuffleSplit(n_splits=1, test_size=TEST_SIZE, random_state=seed);GroupShuffleSplit(n_splits=1, test_size=0.2, random_state=SEED);GroupShuffleSplit(n_splits=1, test_size=0.2, random_state=SEED);model.fit(Xfit, yfit, **fit_kwargs);_safe_fit(m, Xfit, yfit, Xval, yval, sw_fit);clf.fit(Xcat.values, yclf);m.fit(X, y, sample_weight=sw);mf.fit(X, y, eval_set=[(X, y)], early_stopping_rounds=10, verbose=False);m.fit(Xtr, ytr);m.fit(Xtr, ytr);model.fit(Xfit, yfit, **fit_kwargs);_safe_fit(m, Xfit, yfit, Xval, yval, sw_fit);m.fit(X[tr_i], y[tr_i], eval_set=[(X[va_i], y[va_i])], early_stopping_rounds=50, verbose=False);mf.fit(X, y);mf_rep.fit(Xtr, y_tr, eval_set=[(Xtr, y_tr)], early_stopping_rounds=10, verbose=False);model.fit(Xfit, yfit, **fit_kwargs);m.fit(X, y, sample_weight=sw, eval_set=[(Xv, yv)], callbacks=cb, verbose=False);m.fit(X[tr_i], y[tr_i]);mf_rep.fit(Xtr, y_tr)"
046_r2_uplift_final_v4_XGB_ADV_perm_S0+TE2_summary.txt,-0.6098,046_experiment.py,Y,FIT_ON_FULL;KFOLD_TS;NEG_SHIFT,155;245;269;344;476;384;544;490;485;488,"merged_fm.groupby(PLATE_COL)[""warping_index""].shift(-1);GroupKFold(n_splits=CV_FOLDS);GroupKFold(n_splits=CV_FOLDS);GroupShuffleSplit(n_splits=5, test_size=0.2, random_state=SEED);GroupShuffleSplit(n_splits=1, test_size=0.2, random_state=seed);GroupShuffleSplit(n_splits=1, test_size=TEST_SIZE, random_state=seed);m.fit(Xtr, ytr_perm);model.fit(Xfit, yfit, sample_weight=sw_fit);model.fit(Xfit, yfit, sample_weight=sw_fit,                       eval_set=[(Xval, yval)], early_stopping_rounds=50, ver;model.fit(Xfit, yfit, sample_weight=sw_fit)",046_test.py,Y,FIT_ON_FULL;KFOLD_TS;NEG_SHIFT,216;220;351;375;395;655;441;455;604;607;561;638;386;626;664;843;846;539;633;660;665;708;550;621;661;709,"merged.groupby(PLATE_COL)[""warping_index""].shift(-1);merged.groupby(PLATE_COL)[PASS_COL].shift(-1);GroupKFold(n_splits=CV_FOLDS);GroupKFold(n_splits=CV_FOLDS);GroupKFold(n_splits=CV_FOLDS);GroupKFold(n_splits=CV_FOLDS);GroupShuffleSplit(n_splits=1, test_size=TEST_SIZE, random_state=SEED);GroupShuffleSplit(n_splits=1, test_size=TEST_SIZE, random_state=seed);GroupShuffleSplit(n_splits=1, test_size=0.2, random_state=SEED);GroupShuffleSplit(n_splits=1, test_size=0.2, random_state=SEED);model.fit(Xfit, yfit, **fit_kwargs);_safe_fit(m, Xfit, yfit, Xval, yval, sw_fit);clf.fit(Xcat.values, yclf);m.fit(X, y, sample_weight=sw);mf.fit(X, y, eval_set=[(X, y)], early_stopping_rounds=10, verbose=False);m.fit(Xtr, ytr);m.fit(Xtr, ytr);model.fit(Xfit, yfit, **fit_kwargs);_safe_fit(m, Xfit, yfit, Xval, yval, sw_fit);m.fit(X[tr_i], y[tr_i], eval_set=[(X[va_i], y[va_i])], early_stopping_rounds=50, verbose=False);mf.fit(X, y);mf_rep.fit(Xtr, y_tr, eval_set=[(Xtr, y_tr)], early_stopping_rounds=10, verbose=False);model.fit(Xfit, yfit, **fit_kwargs);m.fit(X, y, sample_weight=sw, eval_set=[(Xv, yv)], callbacks=cb, verbose=False);m.fit(X[tr_i], y[tr_i]);mf_rep.fit(Xtr, y_tr)"
014_r2_leak_audit_CURWARP-only_summary.txt,-0.845,014_003_r2_uplift_suite.py,Y,FIT_ON_FULL;KFOLD_TS;NEG_SHIFT,178;286;327;348;381;394;322;338;437;432,"merged_fm.groupby(PLATE_COL)[""warping_index""].shift(-1);GroupKFold(n_splits=CV_FOLDS);GroupKFold(n_splits=CV_FOLDS);GroupKFold(n_splits=CV_FOLDS);GroupShuffleSplit(n_splits=1, test_size=TEST_SIZE, random_state=SEED);GroupShuffleSplit(n_splits=1, test_size=TEST_SIZE, random_state=seed);clf.fit(X.values, y);clf.fit(Xcat.values, yclf);mdl.fit(Xtr, ytr, sample_weight=sample_weight);m.fit(Xtr, ytr, sample_weight=sample_weight)",014_experiment.py,Y,FIT_ON_FULL;KFOLD_TS;NEG_SHIFT,127;259;235;314;200;198;203,"merged_fm.groupby(PLATE_COL)[""warping_index""].shift(-1);GroupShuffleSplit(n_splits=1, test_size=0.2, random_state=seed);cross_val_score(model, X, y, cv=5, scoring=""r2"", n_jobs=-1);cross_val_score(build_model(t), X_tr, y_tr, cv=3, scoring=""r2"", n_jobs=1);StandardScaler().fit_transform(X);iso.fit_predict(X);nn.fit(Xs)"
004_pass_t_plus_1_cross_summary.txt,-0.8542,004_experiment.py,Y,FIT_ON_FULL;KFOLD_TS;NEG_SHIFT,146;295;325;408;260;258;263,"merged_fm.groupby(PLATE_COL)[""warping_index""].shift(-1);cross_val_score(model, X, y, cv=5, scoring=""r2"", n_jobs=-1);GroupShuffleSplit(n_splits=1, test_size=0.2, random_state=seed);cross_val_score(build_model(t), X_tr, y_tr, cv=3, scoring=""r2"", n_jobs=1);StandardScaler().fit_transform(X);iso.fit_predict(X);nn.fit(Xs)"
005_pass_t_plus_1_cross_summary.txt,-0.8542,005_experiment.py,Y,FIT_ON_FULL;KFOLD_TS;NEG_SHIFT,154;297;380;463;262;260;265,"merged_fm.groupby(PLATE_COL)[""warping_index""].shift(-1);cross_val_score(model, X, y, cv=5, scoring=""r2"", n_jobs=-1);GroupShuffleSplit(n_splits=1, test_size=0.2, random_state=seed);cross_val_score(build_model(t), X_tr, y_tr, cv=3, scoring=""r2"", n_jobs=1);StandardScaler().fit_transform(X);iso.fit_predict(X);nn.fit(Xs)"
026_r2_grid_11_off_S0+L1_summary.txt,-1.3055,026_test.py,Y,FIT_ON_FULL;KFOLD_TS;NEG_SHIFT,268;270;405;429;449;491;622;571;574;440;604;631;807;812;599;627;632;678;592;602;628;679;587;590,"merged.groupby(PLATE_COL)[""warping_index""].shift(-1);merged.groupby(PLATE_COL)[PASS_COL].shift(-1);GroupKFold(n_splits=CV_FOLDS);GroupKFold(n_splits=CV_FOLDS);GroupKFold(n_splits=CV_FOLDS);GroupShuffleSplit(n_splits=1, test_size=TEST_SIZE, random_state=SEED);GroupKFold(n_splits=CV_FOLDS);GroupShuffleSplit(n_splits=1, test_size=0.2, random_state=SEED);GroupShuffleSplit(n_splits=1, test_size=0.2, random_state=SEED);clf.fit(Xcat.values, yclf);m.fit(Xfit, yfit, sample_weight=sw_fit);mf.fit(X, y, eval_set=[(X, y)], early_stopping_rounds=10, verbose=False);m.fit(Xtr, ytr);m.fit(Xtr, ytr);m.fit(Xfit, yfit, sample_weight=sw_fit,                   eval_set=[(Xval, yval)], early_stopping_rounds=50, verbose=Fal;m.fit(X[tr_i], y[tr_i], eval_set=[(X[va_i], y[va_i])], early_stopping_rounds=50, verbose=False);mf.fit(X, y);mf_rep.fit(Xtr, y_tr, eval_set=[(Xtr, y_tr)], early_stopping_rounds=10, verbose=False);m.fit(Xfit, yfit, sample_weight=sw_fit);m.fit(Xfit, yfit, sample_weight=sw_fit);m.fit(X[tr_i], y[tr_i]);mf_rep.fit(Xtr, y_tr);m.fit(Xfit, yfit, sample_weight=sw_fit,                           eval_set=[(Xval, yval)], early_stopping_rounds=50, ver;m.fit(Xfit, yfit, sample_weight=sw_fit)"
023_r2_grid_11_on_S0+T2_summary.txt,-4.5693,023_test_no_op.py,Y,FIT_ON_FULL;KFOLD_TS;NEG_SHIFT,213;215;353;378;398;596;439;453;543;546;389;578;606;825;830;572;601;607;661;565;576;602;662;559;563,"merged.groupby(PLATE_COL)[""warping_index""].shift(-1);merged.groupby(PLATE_COL)[PASS_COL].shift(-1);GroupKFold(n_splits=CV_FOLDS);GroupKFold(n_splits=CV_FOLDS);GroupKFold(n_splits=CV_FOLDS);GroupKFold(n_splits=CV_FOLDS);GroupShuffleSplit(n_splits=1, test_size=TEST_SIZE, random_state=SEED);GroupShuffleSplit(n_splits=1, test_size=TEST_SIZE, random_state=seed);GroupShuffleSplit(n_splits=1, test_size=0.2, random_state=SEED);GroupShuffleSplit(n_splits=1, test_size=0.2, random_state=SEED);clf.fit(Xcat.values, yclf);m.fit(Xfit, yfit, sample_weight=sw_fit);mf.fit(X, y, eval_set=[(X, y)], early_stopping_rounds=10, verbose=False);m.fit(Xtr, ytr);m.fit(Xtr, ytr);m.fit(Xfit, yfit, sample_weight=sw_fit,                   eval_set=[(Xval, yval)],                   early_stopping_roun;m.fit(X[tr_i], y[tr_i], eval_set=[(X[va_i], y[va_i])], early_stopping_rounds=50, verbose=False);mf.fit(X, y);mf_rep.fit(Xtr, y_tr, eval_set=[(Xtr, y_tr)], early_stopping_rounds=10, verbose=False);m.fit(Xfit, yfit, sample_weight=sw_fit);m.fit(Xfit, yfit, sample_weight=sw_fit);m.fit(X[tr_i], y[tr_i]);mf_rep.fit(Xtr, y_tr);m.fit(Xfit, yfit, sample_weight=sw_fit,                           eval_set=[(Xval, yval)],                           ear;m.fit(Xfit, yfit, sample_weight=sw_fit)"
017_r2_uplift_final_v2_S0+T2_summary.txt,-4.5882,017_test.py,Y,FIT_ON_FULL;KFOLD_TS;NEG_SHIFT,181;325;363;384;416;429;479;358;374;534;529,"merged_fm.groupby(PLATE_COL)[""warping_index""].shift(-1);GroupKFold(n_splits=CV_FOLDS);GroupKFold(n_splits=CV_FOLDS);GroupKFold(n_splits=CV_FOLDS);GroupShuffleSplit(n_splits=1, test_size=TEST_SIZE, random_state=SEED);GroupShuffleSplit(n_splits=1, test_size=TEST_SIZE, random_state=seed);GroupKFold(n_splits=CV_FOLDS);clf.fit(X.values, y);clf.fit(Xcat.values, yclf);mdl.fit(Xtr, ytr, sample_weight=sample_weight);m.fit(Xtr, ytr, sample_weight=sample_weight)",017_test_no_op.py,Y,FIT_ON_FULL;KFOLD_TS;NEG_SHIFT,178;286;314;335;364;377;325;434;429,"merged_fm.groupby(PLATE_COL)[""warping_index""].shift(-1);GroupKFold(n_splits=CV_FOLDS);GroupKFold(n_splits=CV_FOLDS);GroupKFold(n_splits=CV_FOLDS);GroupShuffleSplit(n_splits=1, test_size=TEST_SIZE, random_state=SEED);GroupShuffleSplit(n_splits=1, test_size=TEST_SIZE, random_state=seed);clf.fit(Xcat.values, yclf);mdl.fit(Xtr, ytr, sample_weight=sample_weight);m.fit(Xtr, ytr, sample_weight=sample_weight)"
020_r2_uplift_final_v2_S0+T2_summary.txt,-5.5723,020_test_no_op.py,Y,FIT_ON_FULL;KFOLD_TS;NEG_SHIFT,168;170;308;333;353;394;408;498;501;344;533;616;621;527;520;531;514;518,"merged.groupby(PLATE_COL)[""warping_index""].shift(-1);merged.groupby(PLATE_COL)[PASS_COL].shift(-1);GroupKFold(n_splits=CV_FOLDS);GroupKFold(n_splits=CV_FOLDS);GroupKFold(n_splits=CV_FOLDS);GroupShuffleSplit(n_splits=1, test_size=TEST_SIZE, random_state=SEED);GroupShuffleSplit(n_splits=1, test_size=TEST_SIZE, random_state=seed);GroupShuffleSplit(n_splits=1, test_size=0.2, random_state=SEED);GroupShuffleSplit(n_splits=1, test_size=0.2, random_state=SEED);clf.fit(Xcat.values, yclf);m.fit(Xfit, yfit, sample_weight=sw_fit);m.fit(Xtr, ytr);m.fit(Xtr, ytr);m.fit(Xfit, yfit, sample_weight=sw_fit,                   eval_set=[(Xval, yval)],                   early_stopping_roun;m.fit(Xfit, yfit, sample_weight=sw_fit);m.fit(Xfit, yfit, sample_weight=sw_fit);m.fit(Xfit, yfit, sample_weight=sw_fit,                           eval_set=[(Xval, yval)],                           ear;m.fit(Xfit, yfit, sample_weight=sw_fit)"
022_r2_grid_11_off_S0+T2_summary.txt,-5.61,022_test_no_op.py,Y,FIT_ON_FULL;KFOLD_TS;NEG_SHIFT,213;215;353;378;398;596;439;453;543;546;389;578;606;825;830;572;601;607;661;565;576;602;662;559;563,"merged.groupby(PLATE_COL)[""warping_index""].shift(-1);merged.groupby(PLATE_COL)[PASS_COL].shift(-1);GroupKFold(n_splits=CV_FOLDS);GroupKFold(n_splits=CV_FOLDS);GroupKFold(n_splits=CV_FOLDS);GroupKFold(n_splits=CV_FOLDS);GroupShuffleSplit(n_splits=1, test_size=TEST_SIZE, random_state=SEED);GroupShuffleSplit(n_splits=1, test_size=TEST_SIZE, random_state=seed);GroupShuffleSplit(n_splits=1, test_size=0.2, random_state=SEED);GroupShuffleSplit(n_splits=1, test_size=0.2, random_state=SEED);clf.fit(Xcat.values, yclf);m.fit(Xfit, yfit, sample_weight=sw_fit);mf.fit(X, y, eval_set=[(X, y)], early_stopping_rounds=10, verbose=False);m.fit(Xtr, ytr);m.fit(Xtr, ytr);m.fit(Xfit, yfit, sample_weight=sw_fit,                   eval_set=[(Xval, yval)],                   early_stopping_roun;m.fit(X[tr_i], y[tr_i], eval_set=[(X[va_i], y[va_i])], early_stopping_rounds=50, verbose=False);mf.fit(X, y);mf_rep.fit(Xtr, y_tr, eval_set=[(Xtr, y_tr)], early_stopping_rounds=10, verbose=False);m.fit(Xfit, yfit, sample_weight=sw_fit);m.fit(Xfit, yfit, sample_weight=sw_fit);m.fit(X[tr_i], y[tr_i]);mf_rep.fit(Xtr, y_tr);m.fit(Xfit, yfit, sample_weight=sw_fit,                           eval_set=[(Xval, yval)],                           ear;m.fit(Xfit, yfit, sample_weight=sw_fit)"
024_r2_grid_ABC_off_S0+T2_summary.txt,-5.61,024_test_no_op.py,Y,FIT_ON_FULL;KFOLD_TS;NEG_SHIFT,213;215;353;378;398;596;439;453;543;546;389;578;606;825;830;572;601;607;661;565;576;602;662;559;563,"merged.groupby(PLATE_COL)[""warping_index""].shift(-1);merged.groupby(PLATE_COL)[PASS_COL].shift(-1);GroupKFold(n_splits=CV_FOLDS);GroupKFold(n_splits=CV_FOLDS);GroupKFold(n_splits=CV_FOLDS);GroupKFold(n_splits=CV_FOLDS);GroupShuffleSplit(n_splits=1, test_size=TEST_SIZE, random_state=SEED);GroupShuffleSplit(n_splits=1, test_size=TEST_SIZE, random_state=seed);GroupShuffleSplit(n_splits=1, test_size=0.2, random_state=SEED);GroupShuffleSplit(n_splits=1, test_size=0.2, random_state=SEED);clf.fit(Xcat.values, yclf);m.fit(Xfit, yfit, sample_weight=sw_fit);mf.fit(X, y, eval_set=[(X, y)], early_stopping_rounds=10, verbose=False);m.fit(Xtr, ytr);m.fit(Xtr, ytr);m.fit(Xfit, yfit, sample_weight=sw_fit,                   eval_set=[(Xval, yval)],                   early_stopping_roun;m.fit(X[tr_i], y[tr_i], eval_set=[(X[va_i], y[va_i])], early_stopping_rounds=50, verbose=False);mf.fit(X, y);mf_rep.fit(Xtr, y_tr, eval_set=[(Xtr, y_tr)], early_stopping_rounds=10, verbose=False);m.fit(Xfit, yfit, sample_weight=sw_fit);m.fit(Xfit, yfit, sample_weight=sw_fit);m.fit(X[tr_i], y[tr_i]);mf_rep.fit(Xtr, y_tr);m.fit(Xfit, yfit, sample_weight=sw_fit,                           eval_set=[(Xval, yval)],                           ear;m.fit(Xfit, yfit, sample_weight=sw_fit)"
010_r2_uplift_alias_v1_R1_summary.txt,-1880937.1233,010_003_r2_uplift_suite.py,Y,FIT_ON_FULL;KFOLD_TS;NEG_SHIFT,179;269;310;339;352;300;393;388,"merged_fm.groupby(PLATE_COL)[""warping_index""].shift(-1);GroupKFold(n_splits=CV_FOLDS);GroupKFold(n_splits=CV_FOLDS);GroupShuffleSplit(n_splits=1, test_size=TEST_SIZE, random_state=SEED);GroupShuffleSplit(n_splits=1, test_size=TEST_SIZE, random_state=seed);clf.fit(X.values, y);mdl.fit(Xtr, ytr);m.fit(Xtr, ytr)"
011_r2_uplift_alias_v1_S0+R1+W2_summary.txt,-1880937.1233,011_003_r2_uplift_suite_2.py,Y,FIT_ON_FULL;KFOLD_TS;NEG_SHIFT,179;269;310;339;352;300;393;388,"merged_fm.groupby(PLATE_COL)[""warping_index""].shift(-1);GroupKFold(n_splits=CV_FOLDS);GroupKFold(n_splits=CV_FOLDS);GroupShuffleSplit(n_splits=1, test_size=TEST_SIZE, random_state=SEED);GroupShuffleSplit(n_splits=1, test_size=TEST_SIZE, random_state=seed);clf.fit(X.values, y);mdl.fit(Xtr, ytr);m.fit(Xtr, ytr)"
